/*
SQLyog Enterprise - MySQL GUI v7.15 
MySQL - 5.1.73-community : Database - test_center
*********************************************************************
*/

/*!40101 SET NAMES utf8 */;

/*!40101 SET SQL_MODE=''*/;

/*!40014 SET @OLD_FOREIGN_KEY_CHECKS=@@FOREIGN_KEY_CHECKS, FOREIGN_KEY_CHECKS=0 */;
/*!40101 SET @OLD_SQL_MODE=@@SQL_MODE, SQL_MODE='NO_AUTO_VALUE_ON_ZERO' */;

CREATE DATABASE /*!32312 IF NOT EXISTS*/`test_center` /*!40100 DEFAULT CHARACTER SET gbk */;

USE `test_center`;

/*Table structure for table `tb_article` */

DROP TABLE IF EXISTS `tb_article`;

CREATE TABLE `tb_article` (
  `SID` int(10) NOT NULL AUTO_INCREMENT,
  `TITILE` varchar(128) DEFAULT NULL,
  `CONTENT` text,
  `C_TITLE` datetime DEFAULT NULL,
  `AUTHOR` varchar(32) DEFAULT NULL,
  `SOURCE` varchar(255) DEFAULT NULL,
  `CATEGORY_SID` int(11) DEFAULT NULL,
  `FILE_PATH` varchar(255) DEFAULT NULL,
  `KEY_WORDS` varchar(128) DEFAULT NULL,
  `IMG_PATH` varchar(255) DEFAULT NULL,
  `ATTACHMENTS` varchar(255) DEFAULT NULL,
  PRIMARY KEY (`SID`),
  KEY `FKD46234251E5CFA26` (`CATEGORY_SID`),
  CONSTRAINT `FKD46234251E5CFA26` FOREIGN KEY (`CATEGORY_SID`) REFERENCES `tb_category` (`SID`)
) ENGINE=InnoDB AUTO_INCREMENT=50 DEFAULT CHARSET=utf8;

/*Data for the table `tb_article` */

insert  into `tb_article`(`SID`,`TITILE`,`CONTENT`,`C_TITLE`,`AUTHOR`,`SOURCE`,`CATEGORY_SID`,`FILE_PATH`,`KEY_WORDS`,`IMG_PATH`,`ATTACHMENTS`) values (16,'认识文件夹图标类病毒',NULL,'2015-06-16 10:35:36',NULL,NULL,29,NULL,NULL,NULL,NULL),(19,'想装几个就装几个!轻松玩转VMware虚拟机软件教...',NULL,'2015-06-05 10:35:36',NULL,NULL,29,NULL,NULL,NULL,NULL),(20,'	国泰安V4.0客户端安装说明',NULL,'2015-06-05 10:35:36',NULL,NULL,29,NULL,NULL,NULL,NULL),(21,'	公告',NULL,'2015-06-05 10:35:36',NULL,NULL,29,NULL,NULL,NULL,NULL),(33,'试验中心简介','管理学院实验中心下设：信息管理系统、人力资源管理、综合实验室、会计电算化实验室、会计模拟及企业经营模拟五个实验室；并与“信息产业部电子行业职业技能鉴定指导中心”合作建成“企业信息化综合技能人才培养基地”，学生通过在该基地的模拟实习，可以参加信息产业部的职业技能考试并获专业上岗证书，为毕业后的就业奠定良好的基础。实验室中心总面积近500㎡。专职实验人员4名，实验课程任课教师20余名。 已开设涵盖管理学院7个本科专业、共计30余门基础课程以及专业课程的实验内容。\r\n\r\n  实验中心的所有实验室面向全校师生员工及社会相关人士开放，为学生在校期间的教学、实践环节提供支持和保障，服务于学院的教学、科研工作，积极努力提升自身的技术水平，推动科研成果的转化。 \r\n\r\n\r\n','2015-06-05 10:35:36',NULL,NULL,29,NULL,NULL,NULL,NULL),(45,'用友新道杯','<p>&nbsp;&nbsp;&nbsp;&nbsp;&nbsp;&nbsp; 西安工程大学，西安工程大学，西安工程大学，西安工程大学，西安工程大学，西安工程大学，西安工程大学，西安工程大学，西安工程大学，西安工程大学，西安工程大学，西安工程大学，西安工程大学，西安工程大学，西安工程大学，西安工程大学，西安工程大学，西安工程大学，西安工程大学，西安工程大学，西安工程大学，西安工程大学，西安工程大学，西安工程大学，西安工程大学，西安工程大学，西安工程大学，西安工程大学，西安工程大学，西安工程大学，西安工程大学，西安工程大学，西安工程大学，西安工程大学，西安工程大学，西安工程大学，西安工程大学，西安工程大学，西安工程大学，西安工程大学，西安工程大学，西安工程大学，西安工程大学，西安工程大学，西安工程大学。</p><p align=\"center\"><img src=\"/upload/2015-06-16/ab108bb7ea334abab75bc8ef83ad2ac6.jpg\" width=\"28\" height=\"30\" alt=\"\" /></p><p align=\"left\">&nbsp;&nbsp;&nbsp;&nbsp;&nbsp;&nbsp; 西安工程大学，西安工程大学，西安工程大学，西安工程大学，西安工程大学，西安工程大学，西安工程大学，西安工程大学，西安工程大学，西安工程大学，西安工程大学，西安工程大学，西安工程大学，西安工程大学，西安工程大学，西安工程大学，西安工程大学，西安工程大学，西安工程大学，西安工程大学，西安工程大学，西安工程大学，西安工程大学，西安工程大学，西安工程大学，西安工程大学，西安工程大学，西安工程大学，西安工程大学，西安工程大学，西安工程大学，西安工程大学，西安工程大学，西安工程大学，西安工程大学，西安工程大学，西安工程大学，西安工程大学，西安工程大学，西安工程大学，西安工程大学，西安工程大学，西安工程大学，西安工程大学，西安工程大学。</p>','2015-06-16 14:11:14','白晓波','西安工程大学',29,NULL,'用友，新道杯','/upload/2015-06-16/ab108bb7ea334abab75bc8ef83ad2ac6.jpg','/upload/2015-06-16/dcb4db1feb5f440296bcf95cb5a84951.doc'),(46,'中心简介','<p>&nbsp;&nbsp;&nbsp;&nbsp;&nbsp;&nbsp;&nbsp; 管理学院实验中心下设：信息管理系统、人力资源管理、综合实验室、会计电算化实验室、会计模拟及企业经营模拟五个实验室；并与“信息产业部电子行业职业技能鉴定指导中心”合作建成“企业信息化综合技能人才培养基地”，学生通过在该基地的模拟实习，可以参加信息产业部的职业技能考试并获专业上岗证书，为毕业后的就业奠定良好的基础。实验室中心总面积近<span lang=\"EN-US\">500</span><span>㎡。专职实验人员</span><span lang=\"EN-US\">4</span><span>名，实验课程任课教师</span><span lang=\"EN-US\">20</span><span>余名。</span><span> </span><span>已开设涵盖管理学院</span><span lang=\"EN-US\">7</span><span>个本科专业、共计</span><span lang=\"EN-US\">30</span><span>余门基础课程以及专业课程的实验内容。</span></p><p><span>&nbsp;&nbsp;&nbsp;&nbsp;&nbsp;&nbsp;&nbsp; </span><span>实验中心的所有实验室面向全校师生员工及社会相关人士开放，为学生在校期间的教学、实践环节提供支持和保障，服务于学院的教学、科研工作，积极努力提升自身的技术水平，推动科研成果的转化。</span></p><p align=\"center\"><span></span></p><p align=\"center\"><span></span>&nbsp;</p>','2015-09-08 09:19:04','admin','admin',28,NULL,'简介','/upload/2015-09-08/4c60e39403ec4958bf4663944495763c.gif',NULL),(47,'人力资源软件培训','<p>2018年5月25日下午，实验中心进行了人力资源软件培训。</p><p><img src=\"/upload/2018-05-28/9fd37d0008394c0898fd47eccd91e5d2.jpg\" width=\"600\" height=\"480\" alt=\"\" /></p>','2018-05-28 12:31:02','白晓波','实验中心',53,NULL,'人力资源 培训','/upload/2018-05-28/9fd37d0008394c0898fd47eccd91e5d2.jpg',NULL),(48,'实验中心安全演练','<p align=\"center\">&nbsp;&nbsp;&nbsp;&nbsp;&nbsp; 2019年6月21日上午9时许，在王保忠副院长和保卫处领导的指导下，管理学院在人文楼成功举行了一次实验室紧急疏散消防演习。全院360名师生参加了此次演习，兄弟学院相关领导观摩了演习。</p><p>为了确保疏散演习紧张有序地开展，管理学院和保卫处各职能部门作了充分的准备，特地成立了紧急疏散领导小组，下设现场指挥组、疏散引导组、报警组、灭火组、警戒组等进行组织与协调。 </p><p>﻿﻿<img src=\"/upload/2019-12-20/a99e0378dcbb47a787ae2f5bf3590e33.jpeg\" width=\"480\" height=\"600\" alt=\"\" /></p><p><img src=\"/upload/2019-12-20/66bc62269ec24a5988a8ec13aa97bf0c.jpg\" width=\"480\" height=\"600\" alt=\"\" /><br /></p><p>&nbsp;&nbsp;&nbsp;&nbsp;&nbsp;&nbsp;&nbsp; 在指挥组组长王保忠副院长下达“演习开始”的指令后，消防演习各项工作忙碌而有序的展开。报警组首先发现火情后立即向中控室报警，中控室接到报警后随即广播通知各楼层进行疏散，各楼层师生在疏散引导组的引导下安静、有序、快速的按照疏散演习预案要求用湿毛巾捂住口、鼻，低姿靠右侧从事故现场有序撤离，灭火组接到报警后迅速赶到现场进行灭火演练，消防疏散演习在各职能部门的通力协作下，在全体师生的积极配合下顺利完成，达到了预期效果。 </p><p>&nbsp;&nbsp;&nbsp;&nbsp;&nbsp;&nbsp; 本次消防逃生演习，帮助学院师生掌握了必要的火灾预防常识和逃生自救互救技能，检验消防应急预案的合理性和可行性，检查了消防设施设备的完好性，检验了紧急疏散工作组各职能部门在应付突发事件时相互配合、应急管理、指挥调度、疏散引导等工作的及时迅速和准确到位。（管理学院韩翠鸥供稿，王保忠审核）</p><p><br /></p><p><br /></p>','2019-12-20 12:54:57','白晓波','实验中心',53,NULL,'安全，演练','/upload/2019-12-20/66bc62269ec24a5988a8ec13aa97bf0c.jpg',NULL),(49,'实验室安全教育','&nbsp;&nbsp;&nbsp;&nbsp;&nbsp;&nbsp;&nbsp; &nbsp;<span>随着高等教育事业的发展，高校实验环境和硬件设施都得到了明显的改善和提升。但是发展的背后还存在着很多隐患，高校火灾、爆炸、投毒、中毒、危险品丢失等实验室安全事故时有发生，严重威胁着实验老师和同学们的生命安全。<span lang=\"EN-US\"><o:p></o:p></span></span><p><span>&nbsp;&nbsp;&nbsp;&nbsp;&nbsp;&nbsp;&nbsp; 为了在学生心中形成“安全第一”的实验室氛围，使广大学生了解更多的实验安全常识，提高安全防范意识，真正将实验安全知识运用到实验生活中，真正落实“安全上心，实验顺心”的方针，保证学生在实验中的安全，管理学院于<span lang=\"EN-US\">2019</span>年<span lang=\"EN-US\">9</span>月<span lang=\"EN-US\">20</span>日在管理学院实验室主办了“实验室管理专题培训讲座”。分两场分别对本学院全体学生进行了安全教育。<span lang=\"EN-US\"><o:p></o:p></span></span></p><p><span>&nbsp;&nbsp;&nbsp;&nbsp;&nbsp;&nbsp; 首先主持人宣布活动开始，并介绍到场嘉宾。管理学院党委书记徐焕章、王保忠副院长、王渊副院长及全体教师参与出席此次活动。</span></p><span></span><p><span lang=\"EN-US\"><o:p><img alt=\"\" src=\"/upload/2019-12-20/7dca92537ec742cfbc51fe03e1cda3f1.jpg\" /></o:p></span></p><span lang=\"EN-US\"><o:p><p><span>讲座由王保忠副院长主讲，分为四部分。实验室事故案例、危险化学品讲解及解析、相关法律法规学习、危化品的申请流程等。</span><span lang=\"EN-US\"><o:p></o:p></span></p><p><span>王院长通过对高校几起实验室事故的分析，讲述了安全隐患原因主要有以下几方面：实验室安全意识淡薄；学生实验操作不够规范；一些易燃、易爆、剧毒等危险化学品存放不够规范；对剧毒品、危险品的管理不够严格，防火、防爆意识淡薄。之后，实验室老师又对易燃物、腐蚀性物质、压缩气体等八种实验室常见危险化学品进行知识普及，教育同学们日常做实验时应注意哪些问题，当遇到突发情况时应如何保护自己。</span><span lang=\"EN-US\"><o:p></o:p></span></p><p><span>在经过法律条令和危化品领用申请表的学习后，同学们真正了解了实验室药品的危险等级和程度，熟悉了防护设备的使用并掌握了相关预防措施和紧急处理方法。杜院长明确强调，关键还是要自己重视，时时牢记实验室安全问题。</span><span lang=\"EN-US\"><o:p></o:p></span></p><p><span lang=\"EN-US\">“</span><span>隐患险于明火，防范胜于救灾，责任重于泰山</span><span lang=\"EN-US\">”</span><span>。</span><span>无论从实验室的使用功能，还是从实验室的自身发展来看，我们都应该强调把实验室的安全防范作为实验室管理的基础。切实做好实验室安全工作。</span><span lang=\"EN-US\"><o:p></o:p></span></p><p></p></o:p></span>&nbsp;<p><span lang=\"EN-US\"><o:p></o:p></span>&nbsp;</p>','2019-12-20 13:00:21','白晓波','实验中心',53,NULL,'实验室，安全','/upload/2019-12-20/7dca92537ec742cfbc51fe03e1cda3f1.jpg',NULL);

/*Table structure for table `tb_category` */

DROP TABLE IF EXISTS `tb_category`;

CREATE TABLE `tb_category` (
  `SID` int(11) NOT NULL AUTO_INCREMENT,
  `CATEGORY_NAME` varchar(32) DEFAULT NULL,
  `IS_SHOW` char(1) DEFAULT NULL COMMENT '是否在菜单栏显示,''0''=否，''1''=是',
  `C_TIME` datetime DEFAULT NULL,
  `PARENT_SID` int(11) DEFAULT NULL,
  `LEVEL` int(11) DEFAULT NULL,
  `SHOW_POSITION` int(11) DEFAULT NULL,
  `SHOW_VIEW` char(1) DEFAULT NULL COMMENT '''1''=''列表显示'',''0''=''详细信息''',
  PRIMARY KEY (`SID`)
) ENGINE=InnoDB AUTO_INCREMENT=76 DEFAULT CHARSET=utf8;

/*Data for the table `tb_category` */

insert  into `tb_category`(`SID`,`CATEGORY_NAME`,`IS_SHOW`,`C_TIME`,`PARENT_SID`,`LEVEL`,`SHOW_POSITION`,`SHOW_VIEW`) values (28,'中心简介','1','2015-06-20 15:14:12',NULL,0,0,'0'),(29,'实验教学','1','2015-06-20 15:21:38',NULL,0,2,'1'),(30,'图书资料','1','2015-06-20 15:21:58',NULL,0,0,'1'),(31,'体制与管理','1','2015-06-20 15:22:07',NULL,0,0,'1'),(32,'设备环境','1','2015-06-20 15:22:32',NULL,0,0,'1'),(46,'教室','0','2015-06-20 15:29:09',32,1,0,'1'),(47,'案例室','0','2015-06-20 15:29:38',32,1,0,'1'),(48,'软件资源','0','2015-06-20 15:29:48',32,1,0,'1'),(49,'硬件资源','0','2015-06-26 15:08:35',32,1,0,'1'),(50,'运行机制','0','2015-06-26 15:08:58',31,1,0,'1'),(51,'工作总结','0','2015-06-26 15:09:08',31,1,0,'1'),(52,'管理体制','0','2015-06-26 15:09:20',31,1,0,'1'),(53,'中心动态','0','2015-06-26 15:14:07',NULL,0,1,'1'),(65,'技术服务','1','2015-06-26 16:02:38',NULL,0,3,'1'),(66,'图书档案','0','2015-06-26 16:03:10',NULL,0,4,'1'),(67,'互学互访','1','2015-06-26 16:03:34',NULL,0,5,'1'),(68,'理念与改革思路','0','2015-06-26 16:04:06',29,1,0,'1'),(69,'实验大纲','0','2015-06-26 16:04:16',29,1,0,'1'),(70,'实验项目','0','2015-06-26 16:04:30',29,1,0,'1'),(71,'典型课件与案例','0','2015-06-26 16:04:49',29,1,0,'1'),(72,'研究创新实践','0','2015-06-26 16:05:02',29,1,0,'1'),(73,'实验问答','0','2015-06-26 16:05:18',29,1,0,'1'),(74,'网络课程','0','2015-06-26 16:06:27',29,1,0,'1'),(75,'教学成果','0','2015-06-26 16:06:37',29,1,0,'1');

/*Table structure for table `tb_communication_learn` */

DROP TABLE IF EXISTS `tb_communication_learn`;

CREATE TABLE `tb_communication_learn` (
  `SID` int(11) NOT NULL AUTO_INCREMENT,
  `TITLE` varchar(128) DEFAULT NULL,
  `CONTENT` text,
  `AUTHOR` varchar(32) DEFAULT NULL,
  `C_TIME` datetime DEFAULT NULL,
  `SOURCE` varchar(255) DEFAULT NULL,
  PRIMARY KEY (`SID`)
) ENGINE=InnoDB AUTO_INCREMENT=7 DEFAULT CHARSET=utf8;

/*Data for the table `tb_communication_learn` */

insert  into `tb_communication_learn`(`SID`,`TITLE`,`CONTENT`,`AUTHOR`,`C_TIME`,`SOURCE`) values (1,'我中心主任对兄弟院校国家级实验教学示范中...',NULL,NULL,NULL,NULL),(2,'冯秋红、蒋昆参加第十届全国高校经济管理类...',NULL,NULL,NULL,NULL),(3,'南京财经大学经济管理学院虚拟实验建设',NULL,NULL,NULL,NULL),(4,'澳大利亚新南威尔士大学校长Fred Hilmer参...',NULL,NULL,NULL,NULL),(5,'钱华、刘海城参加教育部实验教学骨干教师高...',NULL,NULL,NULL,NULL),(6,'冯秋红赴山东参加国家级实验教学示范中心第...',NULL,NULL,NULL,NULL);

/*Table structure for table `tb_course` */

DROP TABLE IF EXISTS `tb_course`;

CREATE TABLE `tb_course` (
  `SID` int(11) NOT NULL AUTO_INCREMENT,
  `COS_NAME` varchar(255) DEFAULT NULL,
  `CTIME` date DEFAULT NULL,
  `UTIME` date DEFAULT NULL,
  PRIMARY KEY (`SID`)
) ENGINE=InnoDB DEFAULT CHARSET=utf8;

/*Data for the table `tb_course` */

/*Table structure for table `tb_dynamic` */

DROP TABLE IF EXISTS `tb_dynamic`;

CREATE TABLE `tb_dynamic` (
  `SID` int(11) NOT NULL AUTO_INCREMENT,
  `TITILE` varchar(128) DEFAULT NULL,
  `CONTENT` text,
  `C_TIME` datetime DEFAULT NULL,
  `AUTHOR` varchar(32) DEFAULT NULL,
  `SOURCE` varchar(255) DEFAULT NULL,
  PRIMARY KEY (`SID`)
) ENGINE=InnoDB AUTO_INCREMENT=9 DEFAULT CHARSET=utf8;

/*Data for the table `tb_dynamic` */

insert  into `tb_dynamic`(`SID`,`TITILE`,`CONTENT`,`C_TIME`,`AUTHOR`,`SOURCE`) values (1,'Wind资讯金融终端使用通知（学生）',NULL,NULL,NULL,NULL),(2,'“机械工业出版社华章分社教材展示暨赠送活动”通知',NULL,NULL,NULL,NULL),(3,'关于Wind资讯公司培训会议的通知',NULL,NULL,NULL,NULL),(4,'关于《塔塔统计数据库》试用延期通知',NULL,NULL,NULL,NULL),(5,'关于“全球案例发现系统”的试用通知',NULL,NULL,NULL,NULL),(6,'教学与科研虚拟化管理及应用研讨学习',NULL,NULL,NULL,NULL),(7,'关于“全球案例发现系统”的试用通知',NULL,NULL,NULL,NULL),(8,'学院远程学术交流系统使用通知',NULL,NULL,NULL,NULL);

/*Table structure for table `tb_leave_msg` */

DROP TABLE IF EXISTS `tb_leave_msg`;

CREATE TABLE `tb_leave_msg` (
  `sid` int(11) NOT NULL AUTO_INCREMENT,
  `content` text,
  `ctime` date DEFAULT NULL,
  `answer` varchar(512) DEFAULT NULL,
  `p_uid` int(11) DEFAULT NULL COMMENT '处理人',
  PRIMARY KEY (`sid`),
  KEY `FK86564968C7D07419` (`p_uid`),
  CONSTRAINT `FK86564968C7D07419` FOREIGN KEY (`p_uid`) REFERENCES `user` (`SID`)
) ENGINE=InnoDB AUTO_INCREMENT=2 DEFAULT CHARSET=utf8;

/*Data for the table `tb_leave_msg` */

insert  into `tb_leave_msg`(`sid`,`content`,`ctime`,`answer`,`p_uid`) values (1,'我是谁','2021-03-16',NULL,NULL);

/*Table structure for table `tb_logs` */

DROP TABLE IF EXISTS `tb_logs`;

CREATE TABLE `tb_logs` (
  `sid` int(11) NOT NULL AUTO_INCREMENT,
  `file_path` varchar(255) DEFAULT NULL,
  `ctime` date DEFAULT NULL,
  `uid` int(11) DEFAULT NULL,
  `y_term_id` int(11) DEFAULT NULL,
  `y_week_th` int(11) DEFAULT NULL COMMENT '哪一周的',
  `title` varchar(512) DEFAULT NULL COMMENT '主题',
  PRIMARY KEY (`sid`)
) ENGINE=InnoDB AUTO_INCREMENT=69 DEFAULT CHARSET=utf8;

/*Data for the table `tb_logs` */

insert  into `tb_logs`(`sid`,`file_path`,`ctime`,`uid`,`y_term_id`,`y_week_th`,`title`) values (14,NULL,'2017-11-06',1,7,11,'405实验室11台设备维护，安装SAP软件。'),(15,NULL,'2017-11-07',1,7,11,'实验管理处要求填写资产与实验室对应表格，课程与实验室对应表格。'),(19,NULL,'2017-11-08',1,7,11,'405实验室极域电子教室软件安装测试。412管理信息系统教学软件安装。'),(20,'upload/2017-11-14/6918e3ab97544dccbc5a6b52198e95ab.xlsx','2017-11-14',1,7,12,'服务器例行检查'),(21,NULL,'2017-11-15',1,7,12,'405实验室学生机极域电子教室安装，经测试能够和教师机互动。'),(23,'upload/2017-12-05/c55d54ff9ae14030a84d4be75e8e161e.xlsx','2017-12-05',1,7,15,'设备例行检查'),(24,NULL,'2018-05-28',1,8,13,'设备例行维护'),(25,NULL,'2018-06-06',1,8,14,'402服务器系统维护'),(26,NULL,'2018-06-07',1,8,14,'402服务器系统维护'),(27,NULL,'2018-06-08',1,8,14,'402服务器系统维护'),(28,NULL,'2018-06-25',1,8,17,'人力资源测评软件维护'),(29,NULL,'2018-09-28',1,9,4,'福思特财会软件维护'),(30,NULL,'2018-09-28',1,9,4,'411实验室设备维护'),(31,NULL,'2018-11-15',1,9,11,'412机房用友软件维护'),(32,NULL,'2018-11-15',1,9,11,'412试验试验网络维护'),(33,NULL,'2019-01-14',1,9,20,'创业之星软件所在服务器（412教室）系统中病毒，软件不能正常启动。从早上8:15对问题进行处理，于下午15:41分处理完毕。经测试，能够正常使用。'),(34,NULL,'2019-02-25',1,10,1,'协助412实验室用友U8软件安装'),(35,NULL,'2019-03-01',1,10,2,'从下午2点开始到5:30，处理412的spss22软件安装，411实验室的软件更新后的系统重做。'),(36,NULL,'2019-03-07',1,10,2,'下午2点至4点，411实验室后两排电脑系统重做。'),(37,NULL,'2019-03-08',1,10,2,'早上处理411剩余两台电脑的系统问题。'),(38,NULL,'2019-03-18',1,10,4,'405实验室徳意电子商务软件维护'),(39,NULL,'2019-03-21',1,10,4,'411学生机，405教师机软件安装'),(40,NULL,'2019-04-08',1,10,7,'处理411实验室SPSS22软件。'),(41,NULL,'2019-04-15',1,10,8,'405实验室SPSS22安装，Eview9安装，系统重做。'),(42,NULL,'2019-04-17',1,10,8,'412创业总动员软件安装。'),(43,NULL,'2019-05-13',1,10,12,'处理405实验室教师机 SQLServer2005 不能使用的问题。经重新安装，服务程序更新后可以使用。'),(44,NULL,'2019-05-24',1,10,13,'周一至周四处理412网络和服务器操作系统，经处理412网络正常，服务器需要重新安装Server2003系统，网络下载的，经测试不能使用，需要购买。'),(45,NULL,'2019-06-20',1,10,17,'402服务器人力资源实验软件处理'),(46,NULL,'2019-08-28',1,11,1,'405实验室系统重做。'),(47,NULL,'2019-09-09',1,11,3,'SAP软件调试。412故障电脑处理。'),(48,NULL,'2019-10-08',1,11,7,'9:30-14:00。402服务器上的创业总动员和创业之星服务端软件处理与调试。'),(49,NULL,'2019-10-09',1,11,7,'踏瑞人力测评软件故障处理。'),(50,NULL,'2019-10-10',1,11,7,'411实验室5台学生机故障处理，412实验室网络和1台学生机故障处理。'),(51,NULL,'2019-12-07',1,11,15,'12月3-6日，处理412,411和405学生机系统和软硬件问题。'),(52,NULL,'2020-08-29',1,12,1,'服务器搬迁、安装，网络测试，实验预约系统安装测试。'),(53,NULL,'2020-09-04',1,12,1,'411实验室所有电脑系统重做。'),(54,NULL,'2021-03-16',1,13,3,'3月11日，412路由器，交换机安装测试。'),(55,NULL,'2021-03-16',1,13,3,'3月12日，404服务器交换机，网线调整。'),(56,NULL,'2021-03-16',1,13,3,'3月15,3月16,405学生机系统维护，安装。'),(57,NULL,'2021-03-23',1,13,4,'全天，412学生机处理。'),(58,NULL,'2021-03-26',1,13,4,'412服务器维护，405Eview9问题处理。'),(59,NULL,'2021-03-31',1,13,5,'03月30日，412教师机电子教室，SPSS22安装，学生机SPSS安装，25台学生机维护。'),(60,NULL,'2021-03-31',1,13,5,'3月31日，412服务器维护！'),(61,NULL,'2021-03-31',1,13,5,'处理506学生机不断重启，蓝屏问题。'),(62,NULL,'2021-04-15',1,13,7,'405实验室 Eview9 注册，同传。'),(63,NULL,'2021-04-23',1,13,8,'411实验室创业之星安装（学生端）'),(64,NULL,'2021-04-26',1,13,9,'4月25日，412，411,教师机，创业之星，教师管理端软件。'),(65,NULL,'2021-05-17',1,13,12,'5月14日，解决412服务器网络故障'),(66,NULL,'2021-05-18',1,13,12,'5月17日,5月18日，512,学生机维修，交换机测试。'),(67,NULL,'2021-05-26',1,13,13,'5月19至5月21日，处理电脑不断重启蓝屏问题，具体思路，防火墙，屏蔽在没有程序使用网络时，却在访问网络的进程。'),(68,NULL,'2021-06-11',1,13,19,'6月8日，大概1天时间，处理512实验室约12台学生机的重启，蓝屏问题。');

/*Table structure for table `tb_notice` */

DROP TABLE IF EXISTS `tb_notice`;

CREATE TABLE `tb_notice` (
  `SID` int(11) NOT NULL AUTO_INCREMENT,
  `TITILE` varchar(255) DEFAULT NULL,
  `CONTENT` varchar(255) DEFAULT NULL,
  `C_TITLE` datetime DEFAULT NULL,
  `AUTHOR` varchar(255) DEFAULT NULL,
  `SOURCE` varchar(255) DEFAULT NULL,
  PRIMARY KEY (`SID`)
) ENGINE=InnoDB DEFAULT CHARSET=utf8;

/*Data for the table `tb_notice` */

/*Table structure for table `tb_schedule` */

DROP TABLE IF EXISTS `tb_schedule`;

CREATE TABLE `tb_schedule` (
  `sid` int(11) NOT NULL AUTO_INCREMENT,
  `uid` int(11) DEFAULT NULL,
  `weekTh` int(32) DEFAULT NULL,
  `dayTh` int(32) DEFAULT NULL,
  `sectionTh` int(32) DEFAULT NULL,
  `content` varchar(128) DEFAULT NULL,
  `ctime` datetime DEFAULT NULL,
  `bgColor` varchar(32) DEFAULT NULL,
  PRIMARY KEY (`sid`)
) ENGINE=InnoDB AUTO_INCREMENT=178 DEFAULT CHARSET=gbk;

/*Data for the table `tb_schedule` */

insert  into `tb_schedule`(`sid`,`uid`,`weekTh`,`dayTh`,`sectionTh`,`content`,`ctime`,`bgColor`) values (1,116,13,1,78,'金花609开会',NULL,NULL),(2,116,13,5,12,'临潼A312上课',NULL,NULL),(6,116,14,1,12,'开会，临潼310','2021-11-22 15:59:34',NULL),(8,116,13,3,56,'金花609开会','2021-11-22 17:32:17',NULL),(9,116,13,2,56,'临潼a楼312上课','2021-11-22 17:32:44',NULL),(25,116,13,6,34,'测试009','2021-11-23 12:05:34',NULL),(26,116,14,5,34,'临潼校区','2021-12-01 15:01:45',NULL),(27,116,14,5,78,'临潼校区','2021-12-01 15:01:45',NULL),(28,116,14,5,56,'临潼校区','2021-12-01 15:01:45',NULL),(29,116,14,5,12,'临潼校区','2021-12-01 15:01:45',NULL),(30,116,14,1,78,'临潼校区','2021-12-01 15:01:53',NULL),(31,116,14,1,56,'临潼校区','2021-12-01 15:01:53',NULL),(32,116,14,1,34,'临潼校区','2021-12-01 15:01:53',NULL),(37,116,14,7,56,'临潼校区','2021-12-01 15:04:10',NULL),(38,116,14,7,78,'临潼校区','2021-12-01 15:04:10',NULL),(39,116,14,7,12,'临潼校区','2021-12-01 15:04:10',NULL),(40,116,14,7,34,'临潼校区','2021-12-01 15:04:10',NULL),(44,116,15,1,34,'22-8 226开会','2021-12-06 15:08:08',NULL),(82,116,15,6,78,'测试002','2021-12-06 15:47:06','GREEN'),(104,116,15,2,12,'312开会','2021-12-08 15:15:55','#CF2D28'),(106,116,15,2,78,'金花校区','2021-12-08 15:19:04','GREEN'),(107,116,15,3,78,'人文楼开会','2021-12-08 15:19:18','BLUE'),(109,116,15,3,78,'人文楼开会','2021-12-08 15:19:35','BLUE'),(113,116,15,3,12,'临潼校区','2021-12-08 15:20:31','#FFB400'),(114,116,15,3,56,'临潼校区','2021-12-08 15:20:31','#FFB400'),(115,116,15,3,34,'临潼校区','2021-12-08 15:20:31','#FFB400'),(118,116,15,4,12,'测试001','2021-12-08 17:27:23','GREEN'),(150,116,15,2,34,'临潼校区','2021-12-08 19:17:20','#FFB400'),(151,116,15,2,56,'临潼校区','2021-12-08 19:17:20','#FFB400'),(160,116,17,1,12,'临潼校区','2021-12-20 10:56:57','#FFB400'),(161,116,17,1,56,'开会','2021-12-20 10:56:57','#FFB400'),(162,116,17,1,34,'临潼校区','2021-12-20 10:56:57','#FFB400'),(163,116,17,1,78,'临潼校区','2021-12-20 10:56:58','#FFB400'),(168,174,17,1,12,'上班','2021-12-20 16:04:26','ORANGE'),(169,174,17,1,34,'上班','2021-12-20 16:04:35','ORANGE'),(170,174,17,1,56,'上班','2021-12-20 16:04:45','ORANGE'),(172,174,17,1,78,'上班','2021-12-20 16:05:02','ORANGE'),(177,173,11,1,12,'金花','2022-05-09 15:43:23',NULL);

/*Table structure for table `tb_send_record` */

DROP TABLE IF EXISTS `tb_send_record`;

CREATE TABLE `tb_send_record` (
  `SID` int(11) NOT NULL AUTO_INCREMENT,
  `CTIME` date DEFAULT NULL,
  `AMOUNT` int(11) DEFAULT NULL,
  `FEES` double(10,2) DEFAULT NULL,
  PRIMARY KEY (`SID`)
) ENGINE=InnoDB AUTO_INCREMENT=480 DEFAULT CHARSET=utf8;

/*Data for the table `tb_send_record` */

insert  into `tb_send_record`(`SID`,`CTIME`,`AMOUNT`,`FEES`) values (1,'2016-05-27',2,0.10),(4,'2016-05-29',4,0.20),(5,'2016-05-31',4,0.20),(6,'2016-06-02',4,0.20),(7,'2016-06-02',4,0.20),(8,'2016-06-02',4,0.20),(9,'2016-06-02',4,0.20),(10,'2016-06-06',4,0.20),(11,'2016-06-07',4,0.20),(12,'2016-06-08',4,0.20),(13,'2016-06-09',4,0.20),(14,'2016-06-12',4,0.20),(15,'2016-06-13',4,0.20),(16,'2016-06-14',4,0.20),(17,'2016-06-15',4,0.20),(18,'2016-06-16',4,0.20),(19,'2016-06-19',4,0.20),(20,'2016-06-20',4,0.20),(21,'2016-06-22',4,0.20),(22,'2016-06-30',4,0.20),(23,'2016-09-06',4,0.20),(24,'2016-09-08',4,0.20),(25,'2016-09-12',4,0.20),(26,'2016-09-14',4,0.20),(27,'2016-09-18',4,0.20),(28,'2016-09-19',4,0.20),(29,'2016-09-22',4,0.20),(30,'2016-09-26',4,0.20),(31,'2016-09-27',4,0.20),(32,'2016-09-28',4,0.20),(33,'2016-09-29',4,0.20),(34,'2016-10-02',4,0.20),(35,'2016-10-03',4,0.20),(36,'2016-10-04',4,0.20),(37,'2016-10-05',4,0.20),(38,'2016-10-06',4,0.20),(39,'2016-10-09',4,0.20),(40,'2016-10-10',4,0.20),(41,'2016-10-11',4,0.20),(42,'2016-12-19',4,0.20),(43,'2017-09-18',5,0.25),(44,'2017-09-19',5,0.25),(45,'2017-09-24',5,0.25),(46,'2017-09-25',5,0.25),(47,'2017-09-26',5,0.25),(48,'2017-09-27',5,0.25),(49,'2017-09-28',5,0.25),(50,'2017-10-01',5,0.25),(51,'2017-10-02',5,0.25),(52,'2017-10-03',5,0.25),(53,'2017-10-04',5,0.25),(54,'2017-10-05',5,0.25),(55,'2017-10-08',5,0.25),(56,'2017-10-09',5,0.25),(57,'2017-12-03',7,0.35),(58,'2017-12-14',7,0.35),(59,'2018-01-01',7,0.35),(60,'2018-01-03',7,0.35),(61,'2018-01-07',7,0.35),(62,'2018-01-08',7,0.35),(63,'2018-03-14',7,0.35),(64,'2018-03-21',7,0.35),(65,'2018-03-28',7,0.35),(66,'2018-04-10',7,0.35),(67,'2018-05-06',7,0.35),(68,'2018-05-13',7,0.35),(69,'2018-06-04',7,0.35),(70,'2018-06-06',7,0.35),(71,'2018-06-07',7,0.35),(72,'2018-06-11',7,0.35),(73,'2018-06-13',7,0.35),(74,'2018-06-14',7,0.35),(75,'2018-06-18',7,0.35),(76,'2018-06-20',7,0.35),(77,'2018-06-21',7,0.35),(78,'2018-06-25',7,0.35),(79,'2018-06-26',7,0.35),(80,'2018-06-27',7,0.35),(81,'2018-06-28',7,0.35),(82,'2018-07-01',7,0.35),(83,'2018-07-02',7,0.35),(84,'2018-07-03',7,0.35),(85,'2018-07-04',7,0.35),(86,'2018-07-05',7,0.35),(87,'2018-07-08',7,0.35),(88,'2018-07-08',7,0.35),(89,'2018-07-09',7,0.35),(90,'2018-07-10',7,0.35),(91,'2018-07-11',7,0.35),(92,'2018-07-12',7,0.35),(93,'2018-07-15',7,0.35),(94,'2018-07-18',7,0.35),(95,'2018-07-22',7,0.35),(96,'2018-09-03',7,0.35),(97,'2018-09-04',7,0.35),(98,'2018-09-05',7,0.35),(99,'2018-09-06',7,0.35),(100,'2018-09-09',7,0.35),(101,'2018-09-10',7,0.35),(102,'2018-09-11',7,0.35),(103,'2018-09-12',7,0.35),(104,'2018-09-13',7,0.35),(105,'2018-09-16',7,0.35),(106,'2018-09-17',7,0.35),(107,'2018-09-18',7,0.35),(108,'2018-09-19',7,0.35),(109,'2018-09-20',7,0.35),(110,'2018-09-23',7,0.35),(111,'2018-09-24',7,0.35),(112,'2018-09-25',7,0.35),(113,'2018-09-26',7,0.35),(114,'2018-09-27',7,0.35),(115,'2018-09-30',7,0.35),(116,'2018-10-01',7,0.35),(117,'2018-10-02',7,0.35),(118,'2018-10-03',7,0.35),(119,'2018-10-03',7,0.35),(120,'2018-10-07',7,0.35),(121,'2018-10-08',7,0.35),(122,'2018-10-09',7,0.35),(123,'2018-10-10',7,0.35),(124,'2018-10-11',7,0.35),(125,'2018-10-14',7,0.35),(126,'2018-10-15',7,0.35),(127,'2018-10-16',7,0.35),(128,'2018-10-21',7,0.35),(129,'2018-10-22',7,0.35),(130,'2018-10-23',7,0.35),(131,'2018-10-24',7,0.35),(132,'2018-10-25',7,0.35),(133,'2018-10-28',7,0.35),(134,'2018-10-29',7,0.35),(135,'2018-10-30',7,0.35),(136,'2018-10-31',7,0.35),(137,'2018-11-13',7,0.35),(138,'2018-11-19',7,0.35),(139,'2018-11-20',7,0.35),(140,'2018-11-21',7,0.35),(141,'2018-11-22',7,0.35),(142,'2018-11-26',7,0.35),(143,'2018-11-27',7,0.35),(144,'2018-11-29',7,0.35),(145,'2018-12-02',7,0.35),(146,'2018-12-04',7,0.35),(147,'2018-12-11',7,0.35),(148,'2018-12-16',7,0.35),(149,'2018-12-24',7,0.35),(150,'2018-12-27',7,0.35),(151,'2019-01-01',7,0.35),(152,'2019-01-08',7,0.35),(153,'2019-01-13',7,0.35),(154,'2019-01-14',7,0.35),(155,'2019-01-17',7,0.35),(156,'2019-01-20',7,0.35),(157,'2019-02-27',7,0.35),(158,'2019-03-04',7,0.35),(159,'2019-03-05',7,0.35),(160,'2019-03-06',7,0.35),(161,'2019-03-11',7,0.35),(162,'2019-03-12',7,0.35),(163,'2019-03-13',7,0.35),(164,'2019-03-18',7,0.35),(165,'2019-03-19',7,0.35),(166,'2019-03-19',7,0.35),(167,'2019-03-20',7,0.35),(168,'2019-03-20',7,0.35),(169,'2019-03-21',7,0.35),(170,'2019-03-24',7,0.35),(171,'2019-03-26',7,0.35),(172,'2019-03-27',7,0.35),(173,'2019-04-02',7,0.35),(174,'2019-04-03',7,0.35),(175,'2019-04-10',7,0.35),(176,'2019-04-11',7,0.35),(177,'2019-04-15',7,0.35),(178,'2019-04-16',7,0.35),(179,'2019-04-17',7,0.35),(180,'2019-04-18',7,0.35),(181,'2019-04-21',7,0.35),(182,'2019-04-22',7,0.35),(183,'2019-04-24',7,0.35),(184,'2019-04-25',7,0.35),(185,'2019-04-28',7,0.35),(186,'2019-04-29',7,0.35),(187,'2019-05-01',7,0.35),(188,'2019-05-12',7,0.35),(189,'2019-05-15',7,0.35),(190,'2019-05-16',7,0.35),(191,'2019-05-20',7,0.35),(192,'2019-05-23',7,0.35),(193,'2019-05-28',7,0.35),(194,'2019-05-29',7,0.35),(195,'2019-06-03',7,0.35),(196,'2019-06-04',7,0.35),(197,'2019-06-05',7,0.35),(198,'2019-06-06',7,0.35),(199,'2019-06-09',7,0.35),(200,'2019-06-10',7,0.35),(201,'2019-06-11',7,0.35),(202,'2019-06-12',7,0.35),(203,'2019-06-13',7,0.35),(204,'2019-06-16',7,0.35),(205,'2019-06-18',7,0.35),(206,'2019-06-19',7,0.35),(207,'2019-06-20',7,0.35),(208,'2019-06-23',7,0.35),(209,'2019-06-25',7,0.35),(210,'2019-06-26',7,0.35),(211,'2019-06-30',7,0.35),(212,'2019-07-01',7,0.35),(213,'2019-07-02',7,0.35),(214,'2019-07-03',7,0.35),(215,'2019-07-04',7,0.35),(216,'2019-07-08',7,0.35),(217,'2019-07-09',7,0.35),(218,'2019-07-10',7,0.35),(219,'2019-07-11',7,0.35),(220,'2019-07-14',7,0.35),(221,'2019-08-27',7,0.35),(222,'2019-08-28',7,0.35),(223,'2019-09-01',7,0.35),(224,'2019-09-03',7,0.35),(225,'2019-09-05',7,0.35),(226,'2019-09-08',7,0.35),(227,'2019-09-09',7,0.35),(228,'2019-09-10',7,0.35),(229,'2019-09-11',7,0.35),(230,'2019-09-12',7,0.35),(231,'2019-09-15',7,0.35),(232,'2019-09-16',7,0.35),(233,'2019-09-17',7,0.35),(234,'2019-09-18',7,0.35),(235,'2019-09-19',7,0.35),(236,'2019-09-22',7,0.35),(237,'2019-09-23',7,0.35),(238,'2019-09-24',7,0.35),(239,'2019-09-24',7,0.35),(240,'2019-09-25',7,0.35),(241,'2019-09-25',7,0.35),(242,'2019-09-25',7,0.35),(243,'2019-09-25',7,0.35),(244,'2019-09-25',7,0.35),(245,'2019-09-26',7,0.35),(246,'2019-09-29',7,0.35),(247,'2019-09-30',7,0.35),(248,'2019-10-01',7,0.35),(249,'2019-10-02',7,0.35),(250,'2019-10-03',7,0.35),(251,'2019-10-06',7,0.35),(252,'2019-10-07',7,0.35),(253,'2019-10-08',7,0.35),(254,'2019-10-09',7,0.35),(255,'2019-10-10',7,0.35),(256,'2019-10-13',7,0.35),(257,'2019-10-14',7,0.35),(258,'2019-10-15',7,0.35),(259,'2019-10-16',7,0.35),(260,'2019-10-17',7,0.35),(261,'2019-10-20',7,0.35),(262,'2019-11-04',7,0.35),(263,'2019-11-06',7,0.35),(264,'2019-11-12',7,0.35),(265,'2019-11-18',7,0.35),(266,'2019-11-19',7,0.35),(267,'2019-11-20',7,0.35),(268,'2019-11-21',7,0.35),(269,'2019-11-24',7,0.35),(270,'2019-11-25',7,0.35),(271,'2019-11-26',7,0.35),(272,'2019-11-27',7,0.35),(273,'2019-11-28',7,0.35),(274,'2019-12-01',7,0.35),(275,'2019-12-16',7,0.35),(276,'2019-12-17',7,0.35),(277,'2019-12-18',7,0.35),(278,'2019-12-23',7,0.35),(279,'2019-12-24',7,0.35),(280,'2019-12-25',7,0.35),(281,'2019-12-30',7,0.35),(282,'2019-12-31',7,0.35),(283,'2020-01-01',7,0.35),(284,'2020-01-02',7,0.35),(285,'2020-01-05',7,0.35),(286,'2020-01-06',7,0.35),(287,'2020-01-07',7,0.35),(288,'2020-01-08',7,0.35),(289,'2020-01-09',7,0.35),(290,'2020-01-12',7,0.35),(291,'2020-09-01',7,0.35),(292,'2020-09-02',7,0.35),(293,'2020-09-03',7,0.35),(294,'2020-09-07',7,0.35),(295,'2020-09-08',7,0.35),(296,'2020-09-09',7,0.35),(297,'2020-09-10',7,0.35),(298,'2020-09-13',7,0.35),(299,'2020-09-14',7,0.35),(300,'2020-09-16',7,0.35),(301,'2020-09-17',7,0.35),(302,'2020-09-24',7,0.35),(303,'2020-09-28',7,0.35),(304,'2020-09-30',7,0.35),(305,'2020-10-01',7,0.35),(306,'2020-10-07',7,0.35),(307,'2020-10-08',7,0.35),(308,'2020-10-18',7,0.35),(309,'2020-10-25',7,0.35),(310,'2020-10-26',7,0.35),(311,'2020-11-01',7,0.35),(312,'2020-11-02',7,0.35),(313,'2020-11-03',7,0.35),(314,'2020-11-08',8,0.40),(315,'2020-11-12',8,0.40),(316,'2020-11-15',8,0.40),(317,'2020-11-17',8,0.40),(318,'2020-11-24',8,0.40),(319,'2020-11-30',8,0.40),(320,'2020-12-01',8,0.40),(321,'2020-12-02',8,0.40),(322,'2020-12-03',8,0.40),(323,'2020-12-06',8,0.40),(324,'2020-12-07',8,0.40),(325,'2020-12-08',8,0.40),(326,'2020-12-09',8,0.40),(327,'2020-12-10',8,0.40),(328,'2020-12-13',8,0.40),(329,'2020-12-14',8,0.40),(330,'2020-12-15',8,0.40),(331,'2020-12-17',8,0.40),(332,'2020-12-20',8,0.40),(333,'2020-12-21',8,0.40),(334,'2020-12-22',8,0.40),(335,'2020-12-23',8,0.40),(336,'2020-12-27',8,0.40),(337,'2021-02-25',8,0.40),(338,'2021-03-07',8,0.40),(339,'2021-03-08',8,0.40),(340,'2021-03-09',8,0.40),(341,'2021-03-10',8,0.40),(342,'2021-03-11',8,0.40),(343,'2021-03-14',8,0.40),(344,'2021-03-15',8,0.40),(345,'2021-03-16',8,0.40),(346,'2021-03-17',8,0.40),(347,'2021-03-18',8,0.40),(348,'2021-03-21',8,0.40),(349,'2021-03-22',8,0.40),(350,'2021-03-23',8,0.40),(351,'2021-03-24',8,0.40),(352,'2021-03-25',8,0.40),(353,'2021-03-28',8,0.40),(354,'2021-03-29',8,0.40),(355,'2021-03-30',8,0.40),(356,'2021-03-31',8,0.40),(357,'2021-04-01',8,0.40),(358,'2021-04-04',8,0.40),(359,'2021-04-05',8,0.40),(360,'2021-04-06',8,0.40),(361,'2021-04-07',8,0.40),(362,'2021-04-08',8,0.40),(363,'2021-04-15',8,0.40),(364,'2021-04-18',8,0.40),(365,'2021-04-21',8,0.40),(366,'2021-04-25',8,0.40),(367,'2021-04-29',8,0.40),(368,'2021-05-10',8,0.40),(369,'2021-05-11',8,0.40),(370,'2021-05-12',8,0.40),(371,'2021-05-13',8,0.40),(372,'2021-05-16',8,0.40),(373,'2021-05-17',8,0.40),(374,'2021-05-18',8,0.40),(375,'2021-05-19',8,0.40),(376,'2021-05-23',8,0.40),(377,'2021-05-25',8,0.40),(378,'2021-05-26',8,0.40),(379,'2021-05-30',8,0.40),(380,'2021-06-03',8,0.40),(381,'2021-06-07',8,0.40),(382,'2021-06-08',8,0.40),(383,'2021-06-09',8,0.40),(384,'2021-06-14',8,0.40),(385,'2021-06-15',8,0.40),(386,'2021-06-16',8,0.40),(387,'2021-06-21',8,0.40),(388,'2021-06-22',8,0.40),(389,'2021-06-23',8,0.40),(390,'2021-06-28',8,0.40),(391,'2021-06-29',8,0.40),(392,'2021-06-30',8,0.40),(393,'2021-07-01',8,0.40),(394,'2021-07-04',8,0.40),(395,'2021-07-05',8,0.40),(396,'2021-07-07',8,0.40),(397,'2021-07-11',8,0.40),(398,'2021-08-26',8,0.40),(399,'2021-08-30',8,0.40),(400,'2021-08-31',8,0.40),(401,'2021-09-01',8,0.40),(402,'2021-09-02',8,0.40),(403,'2021-09-07',8,0.40),(404,'2021-09-08',8,0.40),(405,'2021-09-09',8,0.40),(406,'2021-09-12',8,0.40),(407,'2021-09-13',8,0.40),(408,'2021-09-14',8,0.40),(409,'2021-09-16',8,0.40),(410,'2021-09-19',8,0.40),(411,'2021-09-20',8,0.40),(412,'2021-09-21',8,0.40),(413,'2021-09-22',8,0.40),(414,'2021-09-26',8,0.40),(415,'2021-09-28',8,0.40),(416,'2021-09-30',8,0.40),(417,'2021-10-05',8,0.40),(418,'2021-10-07',8,0.40),(419,'2021-10-21',8,0.40),(420,'2021-11-01',8,0.40),(421,'2021-11-04',8,0.40),(422,'2021-11-08',8,0.40),(423,'2021-11-09',8,0.40),(424,'2021-11-10',8,0.40),(425,'2021-11-11',8,0.40),(426,'2021-11-14',8,0.40),(427,'2021-11-24',8,0.40),(428,'2021-11-28',8,0.40),(429,'2021-11-30',8,0.40),(430,'2021-12-02',8,0.40),(431,'2021-12-05',8,0.40),(432,'2021-12-06',8,0.40),(433,'2021-12-07',8,0.40),(434,'2021-12-08',8,0.40),(435,'2021-12-09',8,0.40),(436,'2021-12-12',8,0.40),(437,'2021-12-13',8,0.40),(438,'2021-12-16',8,0.40),(439,'2021-12-21',8,0.40),(440,'2021-12-22',8,0.40),(441,'2021-12-23',8,0.40),(442,'2022-03-28',8,0.40),(443,'2022-03-31',8,0.40),(444,'2022-04-03',8,0.40),(445,'2022-04-04',8,0.40),(446,'2022-04-07',8,0.40),(447,'2022-04-12',8,0.40),(448,'2022-04-14',8,0.40),(449,'2022-04-19',8,0.40),(450,'2022-04-25',8,0.40),(451,'2022-04-26',8,0.40),(452,'2022-04-27',8,0.40),(453,'2022-05-09',8,0.40),(454,'2022-05-10',8,0.40),(455,'2022-05-10',8,0.40),(456,'2022-05-10',8,0.40),(457,'2022-05-10',8,0.40),(458,'2022-05-11',8,0.40),(459,'2022-05-12',8,0.40),(460,'2022-05-15',8,0.40),(461,'2022-05-18',8,0.40),(462,'2022-05-22',8,0.40),(463,'2022-05-23',8,0.40),(464,'2022-05-24',8,0.40),(465,'2022-05-31',8,0.40),(466,'2022-06-01',8,0.40),(467,'2022-06-02',8,0.40),(468,'2022-06-06',8,0.40),(469,'2022-06-07',8,0.40),(470,'2022-06-08',8,0.40),(471,'2022-06-09',8,0.40),(472,'2022-06-13',8,0.40),(473,'2022-06-14',8,0.40),(474,'2022-06-15',8,0.40),(475,'2022-06-16',8,0.40),(476,'2022-06-20',8,0.40),(477,'2022-06-21',8,0.40),(478,'2022-06-27',8,0.40),(479,'2022-07-04',8,0.40);

/*Table structure for table `tb_technic_service` */

DROP TABLE IF EXISTS `tb_technic_service`;

CREATE TABLE `tb_technic_service` (
  `SID` int(11) NOT NULL AUTO_INCREMENT,
  `TITLE` varchar(128) DEFAULT NULL,
  `CONTENT` text,
  `C_TIME` datetime DEFAULT NULL,
  `CNT_CATEGORY` char(1) DEFAULT NULL,
  `AUTHOR` varchar(32) DEFAULT NULL,
  `SOURCE` varchar(255) DEFAULT NULL,
  PRIMARY KEY (`SID`)
) ENGINE=InnoDB AUTO_INCREMENT=7 DEFAULT CHARSET=utf8;

/*Data for the table `tb_technic_service` */

insert  into `tb_technic_service`(`SID`,`TITLE`,`CONTENT`,`C_TIME`,`CNT_CATEGORY`,`AUTHOR`,`SOURCE`) values (1,'奥比特IC卡管理系统安装流程',NULL,NULL,NULL,NULL,NULL),(2,'认识文件夹图标类病毒',NULL,NULL,NULL,NULL,NULL),(3,'关于国泰安数据库4.0客户端安装的通知',NULL,NULL,NULL,NULL,NULL),(4,'手动改造佳能打印机 解决加热辊磨损问题',NULL,NULL,NULL,NULL,NULL),(5,'想装几个就装几个!轻松玩转VMware虚拟机软件教...',NULL,NULL,NULL,NULL,NULL),(6,'国泰安V4.0客户端安装说明',NULL,NULL,NULL,NULL,NULL);

/*Table structure for table `tb_test_order` */

DROP TABLE IF EXISTS `tb_test_order`;

CREATE TABLE `tb_test_order` (
  `SID` int(11) NOT NULL AUTO_INCREMENT,
  `TEST_ROOM_SID` int(11) DEFAULT NULL,
  `SECTION` varchar(18) DEFAULT NULL COMMENT '上课节次',
  `WEEK_TH` int(11) DEFAULT NULL COMMENT '第几周',
  `WEEK_DAY` int(11) DEFAULT NULL COMMENT '周几',
  `TEACHER` varchar(32) DEFAULT NULL,
  `C_TIME` datetime DEFAULT NULL,
  `TEST_CONTENT` varchar(512) DEFAULT NULL,
  `INPUT_USER_SID` int(11) DEFAULT NULL,
  `YEAR_TERM_SID` int(11) DEFAULT NULL,
  PRIMARY KEY (`SID`),
  KEY `FKC16D8FD2F2CB2F47` (`INPUT_USER_SID`),
  KEY `FKC16D8FD25D7DD5A1` (`YEAR_TERM_SID`),
  CONSTRAINT `FKC16D8FD25D7DD5A1` FOREIGN KEY (`YEAR_TERM_SID`) REFERENCES `tb_year_term` (`SID`),
  CONSTRAINT `FKC16D8FD2F2CB2F47` FOREIGN KEY (`INPUT_USER_SID`) REFERENCES `user` (`SID`)
) ENGINE=InnoDB AUTO_INCREMENT=6370 DEFAULT CHARSET=utf8;

/*Data for the table `tb_test_order` */

insert  into `tb_test_order`(`SID`,`TEST_ROOM_SID`,`SECTION`,`WEEK_TH`,`WEEK_DAY`,`TEACHER`,`C_TIME`,`TEST_CONTENT`,`INPUT_USER_SID`,`YEAR_TERM_SID`) values (1,1,'12',1,1,'李刚','2015-04-19 14:14:21','JavaEE程序设计',2,1),(2,1,'56',1,1,'李刚','2015-04-19 14:14:21','数据结构与算法',2,1),(7,1,'56',1,4,'邵景峰','2015-04-19 14:16:01','数据挖掘',2,1),(8,2,'56',1,4,'邵景峰','2015-04-19 14:17:48','数据挖掘',2,1),(10,3,'78',1,3,'刘聪颖','2015-04-19 16:42:52','管理实用英语',2,1),(15,2,'34',4,3,'邵景峰','2015-04-20 10:28:02','数据挖掘',2,1),(56,1,'12',1,2,'李刚','2015-04-20 10:28:02','JavaEE',2,1),(68,1,'34',1,2,'邵景峰','2015-04-21 11:33:16','数据挖掘',1,2),(77,1,'34',1,4,'邵景峰','2015-04-21 11:54:35','数据挖掘',1,2),(78,1,'34',1,1,'邵景峰','2015-04-21 11:57:55','数据挖掘',1,2),(81,1,'12',1,2,'刘聪颖','2015-04-21 12:03:29','管理实用英语',1,2),(84,3,'12',1,3,'邵景峰','2015-04-21 12:11:33','数据挖掘',1,2),(85,2,'12',1,3,'李刚','2015-04-21 12:12:28','JavaEE',1,2),(87,3,'12',1,1,'邵景峰','2015-04-21 12:47:35','数据挖掘',1,2),(88,2,'56',1,1,'邵景峰','2015-04-21 13:39:25','数据挖掘',1,2),(91,3,'34',1,1,'晓波','2015-04-21 14:38:41','企业级程序开发',1,2),(92,2,'78',1,1,'邵景峰','2015-04-21 14:38:59','数据挖掘',1,2),(95,3,'56',1,3,'刘聪颖','2015-04-26 00:12:00','实用管理英语',2,2),(96,1,'12',3,2,'邵景峰','2015-04-26 00:13:41','数据挖掘',2,2),(97,2,'911',1,1,'邵景峰','2015-05-25 13:40:53','数据挖掘',2,2),(112,1,'12',1,3,'刘聪颖','2015-05-26 11:37:20','管理实用英语',2,2),(115,7,'911',1,1,'白晓波','2015-05-28 15:20:34','企业级程序开发',1,2),(116,1,'12',1,1,'白晓波','2015-05-28 15:21:12','企业级程序开发',1,2),(118,3,'56',1,4,'刘聪颖','2015-06-05 17:12:30','管理实用英语',2,2),(119,3,'78',1,5,'刘聪颖','2015-06-09 15:34:13','管理实用英语',2,2),(120,3,'78',1,3,'刘聪颖','2015-06-09 16:04:18','实用管理英语',2,2),(121,3,'34',1,3,'邵景峰','2015-06-09 16:34:35','数据挖掘',2,2),(122,3,'78',1,4,'邵景峰','2015-06-10 13:59:55','数据挖掘',2,2),(123,3,'56',1,2,'白晓波','2015-06-10 15:15:25','企业级程序开发',1,2),(124,7,'78',1,2,'邵景峰','2015-06-10 15:36:52','数据挖掘',1,2),(125,1,'911',1,2,'邵景峰','2015-06-10 16:23:46','数据挖掘',1,2),(126,1,'911',1,3,'邵景峰','2015-06-10 16:23:55','数据挖掘',1,2),(127,7,'34',1,5,'邵景峰','2015-06-11 14:56:39','数据挖掘',1,2),(128,2,'56',1,4,'邵景峰','2015-06-12 12:10:04','数据挖掘',1,2),(129,1,'12',17,3,'邵景峰','2015-06-18 16:41:50','数据挖掘',2,2),(130,2,'12',18,5,'刘聪颖','2015-06-29 11:23:44','实用管理英语',2,2),(131,4,'34',18,5,'刘聪颖','2015-06-29 11:25:17','实用管理英语',2,2),(132,7,'56',18,5,'刘聪颖','2015-06-29 11:25:37','实用管理英语',2,2),(133,2,'78',18,5,'刘聪颖','2015-06-29 11:25:53','实用管理英语',2,2),(134,1,'12',18,5,'雷霞','2015-06-29 15:39:11','电子商务',2,2),(135,2,'56',1,1,'许益锋','2015-08-22 15:00:58','企业经营模拟',1,3),(136,2,'78',1,1,'许益锋','2015-08-22 15:01:06','企业经营模拟',1,3),(137,2,'56',1,2,'许益锋','2015-08-22 15:01:10','企业经营模拟',1,3),(138,2,'78',1,2,'许益锋','2015-08-22 15:01:13','企业经营模拟',1,3),(139,2,'56',1,3,'许益锋','2015-08-22 15:01:16','企业经营模拟',1,3),(140,2,'78',1,3,'许益锋','2015-08-22 15:01:19','企业经营模拟',1,3),(141,2,'56',1,4,'许益锋','2015-08-22 15:01:22','企业经营模拟',1,3),(142,2,'78',1,4,'许益锋','2015-08-22 15:01:25','企业经营模拟',1,3),(143,2,'56',1,5,'许益锋','2015-08-22 15:01:28','企业经营模拟',1,3),(144,2,'78',1,5,'许益锋','2015-08-22 15:01:30','企业经营模拟',1,3),(145,2,'56',2,1,'许益锋','2015-08-22 15:01:39','企业经营模拟',1,3),(146,2,'78',2,1,'许益锋','2015-08-22 15:01:42','企业经营模拟',1,3),(147,2,'56',2,2,'许益锋','2015-08-22 15:01:44','企业经营模拟',1,3),(148,2,'78',2,2,'许益锋','2015-08-22 15:01:47','企业经营模拟',1,3),(149,2,'56',2,3,'许益锋','2015-08-22 15:01:49','企业经营模拟',1,3),(150,2,'78',2,3,'许益锋','2015-08-22 15:01:52','企业经营模拟',1,3),(151,2,'56',2,4,'许益锋','2015-08-22 15:01:55','企业经营模拟',1,3),(152,2,'78',2,4,'许益锋','2015-08-22 15:01:57','企业经营模拟',1,3),(153,2,'56',2,5,'许益锋','2015-08-22 15:02:00','企业经营模拟',1,3),(154,2,'78',2,5,'许益锋','2015-08-22 15:02:03','企业经营模拟',1,3),(155,2,'12',3,1,'戚斌','2015-08-22 15:04:18','金融国贸',1,3),(156,2,'12',3,2,'戚斌','2015-08-22 15:04:20','金融国贸',1,3),(157,2,'12',3,3,'戚斌','2015-08-22 15:04:30','金融国贸',1,3),(158,2,'12',3,4,'戚斌','2015-08-22 15:04:32','金融国贸',1,3),(159,2,'12',3,5,'戚斌','2015-08-22 15:04:34','金融国贸',1,3),(160,2,'56',3,1,'戚斌','2015-08-22 15:04:35','金融国贸',1,3),(161,2,'56',3,2,'戚斌','2015-08-22 15:04:37','金融国贸',1,3),(162,2,'56',3,3,'戚斌','2015-08-22 15:04:38','金融国贸',1,3),(163,2,'56',3,4,'戚斌','2015-08-22 15:04:40','金融国贸',1,3),(164,2,'56',3,5,'戚斌','2015-08-22 15:04:42','金融国贸',1,3),(165,2,'78',3,1,'戚斌','2015-08-22 15:04:43','金融国贸',1,3),(166,2,'78',3,2,'戚斌','2015-08-22 15:04:45','金融国贸',1,3),(167,2,'78',3,3,'戚斌','2015-08-22 15:04:46','金融国贸',1,3),(168,2,'78',3,4,'戚斌','2015-08-22 15:04:48','金融国贸',1,3),(169,2,'78',3,5,'戚斌','2015-08-22 15:04:50','金融国贸',1,3),(175,2,'12',4,5,'戚斌','2015-08-22 15:05:41','金融国贸',1,3),(176,2,'34',4,5,'戚斌','2015-08-22 15:05:43','金融国贸',1,3),(177,2,'56',4,5,'戚斌','2015-08-22 15:05:45','金融国贸',1,3),(182,2,'56',4,4,'戚斌','2015-08-22 15:05:50','金融国贸',1,3),(183,2,'34',4,4,'戚斌','2015-08-22 15:05:51','金融国贸',1,3),(184,2,'12',4,4,'戚斌','2015-08-22 15:05:52','金融国贸',1,3),(185,2,'12',4,3,'戚斌','2015-08-22 15:05:53','金融国贸',1,3),(186,2,'34',4,3,'戚斌','2015-08-22 15:05:54','金融国贸',1,3),(187,2,'56',4,3,'戚斌','2015-08-22 15:05:55','金融国贸',1,3),(192,2,'56',4,2,'戚斌','2015-08-22 15:06:00','金融国贸',1,3),(193,2,'34',4,2,'戚斌','2015-08-22 15:06:01','金融国贸',1,3),(194,2,'12',4,2,'戚斌','2015-08-22 15:06:02','金融国贸',1,3),(195,2,'12',4,1,'戚斌','2015-08-22 15:06:03','金融国贸',1,3),(196,2,'34',4,1,'戚斌','2015-08-22 15:06:04','金融国贸',1,3),(197,2,'56',4,1,'戚斌','2015-08-22 15:06:05','金融国贸',1,3),(202,2,'56',5,5,'戚斌','2015-08-22 15:06:48','金融国贸',1,3),(203,2,'34',5,5,'戚斌','2015-08-22 15:06:49','金融国贸',1,3),(204,2,'12',5,5,'戚斌','2015-08-22 15:06:50','金融国贸',1,3),(205,2,'12',5,4,'戚斌','2015-08-22 15:06:51','金融国贸',1,3),(206,2,'34',5,4,'戚斌','2015-08-22 15:06:52','金融国贸',1,3),(207,2,'56',5,4,'戚斌','2015-08-22 15:06:53','金融国贸',1,3),(212,2,'56',5,3,'戚斌','2015-08-22 15:06:57','金融国贸',1,3),(213,2,'34',5,3,'戚斌','2015-08-22 15:06:58','金融国贸',1,3),(214,2,'12',5,3,'戚斌','2015-08-22 15:06:59','金融国贸',1,3),(215,2,'12',5,2,'戚斌','2015-08-22 15:07:00','金融国贸',1,3),(216,2,'34',5,2,'戚斌','2015-08-22 15:07:01','金融国贸',1,3),(217,2,'56',5,2,'戚斌','2015-08-22 15:07:02','金融国贸',1,3),(221,2,'78',5,1,'戚斌','2015-08-22 15:07:06','金融国贸',1,3),(222,2,'56',5,1,'戚斌','2015-08-22 15:07:07','金融国贸',1,3),(223,2,'34',5,1,'戚斌','2015-08-22 15:07:08','金融国贸',1,3),(224,2,'12',5,1,'戚斌','2015-08-22 15:07:09','金融国贸',1,3),(227,2,'56',6,5,'戚斌','2015-08-22 15:07:41','金融国贸',1,3),(228,2,'34',6,5,'戚斌','2015-08-22 15:07:42','金融国贸',1,3),(229,2,'12',6,5,'戚斌','2015-08-22 15:07:44','金融国贸',1,3),(230,2,'12',6,4,'戚斌','2015-08-22 15:07:45','金融国贸',1,3),(231,2,'34',6,4,'戚斌','2015-08-22 15:07:45','金融国贸',1,3),(232,2,'56',6,4,'戚斌','2015-08-22 15:07:46','金融国贸',1,3),(237,2,'56',6,3,'戚斌','2015-08-22 15:07:50','金融国贸',1,3),(238,2,'34',6,3,'戚斌','2015-08-22 15:07:51','金融国贸',1,3),(239,2,'12',6,3,'戚斌','2015-08-22 15:07:52','金融国贸',1,3),(240,2,'12',6,2,'戚斌','2015-08-22 15:07:53','金融国贸',1,3),(241,2,'34',6,2,'戚斌','2015-08-22 15:07:54','金融国贸',1,3),(242,2,'56',6,2,'戚斌','2015-08-22 15:07:55','金融国贸',1,3),(246,2,'78',6,1,'戚斌','2015-08-22 15:07:59','金融国贸',1,3),(247,2,'56',6,1,'戚斌','2015-08-22 15:07:59','金融国贸',1,3),(248,2,'34',6,1,'戚斌','2015-08-22 15:08:00','金融国贸',1,3),(249,2,'12',6,1,'戚斌','2015-08-22 15:08:01','金融国贸',1,3),(253,2,'34',7,5,'戚斌','2015-08-22 15:08:29','金融国贸',1,3),(254,2,'12',7,5,'戚斌','2015-08-22 15:08:30','金融国贸',1,3),(255,2,'12',7,4,'戚斌','2015-08-22 15:08:32','金融国贸',1,3),(256,2,'34',7,4,'戚斌','2015-08-22 15:08:33','金融国贸',1,3),(263,2,'34',7,3,'戚斌','2015-08-22 15:08:40','金融国贸',1,3),(264,2,'12',7,3,'戚斌','2015-08-22 15:08:40','金融国贸',1,3),(265,2,'12',7,2,'戚斌','2015-08-22 15:08:41','金融国贸',1,3),(266,2,'34',7,2,'戚斌','2015-08-22 15:08:42','金融国贸',1,3),(271,2,'78',7,1,'戚斌','2015-08-22 15:08:46','金融国贸',1,3),(272,2,'56',7,1,'戚斌','2015-08-22 15:08:48','金融国贸',1,3),(273,2,'34',7,1,'戚斌','2015-08-22 15:08:49','金融国贸',1,3),(274,2,'12',7,1,'戚斌','2015-08-22 15:08:50','金融国贸',1,3),(278,2,'34',8,5,'戚斌','2015-08-22 15:09:23','金融国贸',1,3),(279,2,'12',8,5,'戚斌','2015-08-22 15:09:25','金融国贸',1,3),(280,2,'12',8,4,'戚斌','2015-08-22 15:09:27','金融国贸',1,3),(281,2,'34',8,4,'戚斌','2015-08-22 15:09:28','金融国贸',1,3),(288,2,'34',8,3,'戚斌','2015-08-22 15:09:36','金融国贸',1,3),(289,2,'12',8,3,'戚斌','2015-08-22 15:09:37','金融国贸',1,3),(290,2,'12',8,2,'戚斌','2015-08-22 15:09:38','金融国贸',1,3),(291,2,'34',8,2,'戚斌','2015-08-22 15:09:39','金融国贸',1,3),(296,2,'78',8,1,'戚斌','2015-08-22 15:09:43','金融国贸',1,3),(297,2,'56',8,1,'戚斌','2015-08-22 15:09:44','金融国贸',1,3),(298,2,'34',8,1,'戚斌','2015-08-22 15:09:46','金融国贸',1,3),(299,2,'12',8,1,'戚斌','2015-08-22 15:09:47','金融国贸',1,3),(300,2,'34',3,5,'戚斌','2015-08-24 10:10:37','金融国贸',2,3),(301,2,'34',3,4,'戚斌','2015-08-24 10:10:39','金融国贸',2,3),(302,2,'34',3,3,'戚斌','2015-08-24 10:10:40','金融国贸',2,3),(303,2,'34',3,2,'戚斌','2015-08-24 10:10:42','金融国贸',2,3),(304,2,'34',3,1,'戚斌','2015-08-24 10:10:43','金融国贸',2,3),(310,2,'56',17,3,'田谧','2015-08-26 11:17:38','审计理论与实务',1,3),(314,2,'78',17,3,'田谧','2015-08-26 11:18:22','审计理论与实务',1,3),(315,2,'78',14,3,'高民芳','2015-08-27 16:35:19','财务管理（A）',126,3),(316,2,'78',13,3,'高民芳','2015-08-27 16:36:50','财务管理（A）',126,3),(317,2,'56',13,3,'高民芳','2015-08-27 16:37:25','财务管理（A）',126,3),(318,2,'56',14,3,'高民芳','2015-08-27 16:38:03','财务管理（A）',126,3),(319,1,'56',2,2,'吴桂芹','2015-08-27 20:40:30','数据结构',108,3),(325,1,'12',3,5,'吴桂芹','2015-09-02 09:29:03','数据结构',108,3),(327,3,'78',4,5,'王纯子','2015-09-08 12:23:47','网络信息安全',112,3),(328,3,'56',4,5,'王纯子','2015-09-08 12:23:50','网络信息安全',112,3),(329,3,'56',3,5,'王纯子','2015-09-08 12:30:58','网络信息安全',112,3),(330,3,'78',3,5,'王纯子','2015-09-08 12:31:05','网络信息安全',112,3),(332,1,'78',6,2,'吴桂芹','2015-09-22 16:25:40','数据结构',108,3),(333,1,'56',6,2,'吴桂芹','2015-09-22 16:25:43','数据结构',108,3),(335,2,'911',8,3,'杨晓燕','2015-09-25 09:51:22','电子商务',109,3),(336,3,'78',8,5,'张彤','2015-10-01 14:07:38','运筹学(A)',138,3),(337,2,'34',9,4,'张彤','2015-10-01 14:12:20','运筹学(A)',138,3),(340,1,'56',9,3,'陈立军','2015-10-12 18:08:31','数据库系统与应用',106,3),(341,1,'56',10,3,'陈立军','2015-10-12 18:08:42','数据库系统与应用',106,3),(344,2,'78',9,3,'杨晓燕','2015-10-14 15:37:35','电子商务',157,3),(345,2,'56',9,3,'杨晓燕','2015-10-14 16:48:46','电子商务',109,3),(346,2,'911',10,3,'杨晓燕','2015-10-14 16:49:11','电子商务',109,3),(347,1,'56',10,2,'吴桂芹','2015-10-20 11:28:33','数据结构',108,3),(348,1,'56',11,2,'吴桂芹','2015-10-20 11:28:51','数据结构',108,3),(349,1,'78',12,3,'吴桂芹','2015-10-20 11:29:19','数据结构',108,3),(350,2,'78',10,3,'杨晓燕','2015-10-20 21:08:32','电子商务',157,3),(351,2,'34',10,4,'薛顺利','2015-10-22 14:14:21','管理信息系统',157,3),(352,2,'78',10,4,'薛顺利','2015-10-22 14:14:26','管理信息系统',157,3),(353,1,'78',11,4,'周镭','2015-10-25 11:54:13','市场研究',92,3),(354,3,'34',10,4,'张彤','2015-10-25 14:07:05','运筹学(A)',138,3),(357,1,'12',11,2,'周镭','2015-10-26 11:16:59','市场调研',133,3),(360,3,'78',11,3,'张彤','2015-10-30 11:52:15','运筹学(A)',138,3),(361,1,'56',12,2,'陈立军','2015-11-01 11:27:31','数据库系统与应用',106,3),(363,1,'56',14,2,'陈立军','2015-11-01 11:28:51','数据库系统与应用',106,3),(364,1,'56',15,2,'陈立军','2015-11-01 11:28:59','数据库系统与应用',106,3),(365,1,'56',16,2,'陈立军','2015-11-01 11:29:09','数据库系统与应用',106,3),(366,1,'56',17,2,'陈立军','2015-11-01 11:29:17','数据库系统与应用',106,3),(371,1,'56',12,3,'吴桂芹','2015-11-03 09:38:52','数据结构',108,3),(372,3,'12',14,1,'和征','2015-11-03 17:37:57','Web程序设计',157,3),(373,3,'78',14,1,'和征','2015-11-03 17:38:03','Web程序设计',157,3),(374,3,'12',14,3,'和征','2015-11-03 17:38:16','Web程序设计',157,3),(376,3,'56',14,3,'和征','2015-11-03 17:39:35','企业资源计划',157,3),(377,3,'78',14,3,'和征','2015-11-03 17:39:49','企业资源计划',157,3),(378,3,'12',14,5,'和征','2015-11-03 17:40:00','企业资源计划',157,3),(379,3,'56',14,5,'和征','2015-11-03 17:40:05','企业资源计划',157,3),(382,3,'12',15,3,'和征','2015-11-03 17:42:39','Web程序设计',157,3),(384,3,'56',15,3,'和征','2015-11-03 17:43:05','企业资源计划',157,3),(385,3,'78',15,3,'和征','2015-11-03 17:43:08','企业资源计划',157,3),(386,3,'12',15,5,'和征','2015-11-03 17:43:23','企业资源计划',157,3),(387,3,'56',15,5,'和征','2015-11-03 17:43:27','企业资源计划',157,3),(388,3,'12',16,5,'和征','2015-11-03 17:43:40','企业资源计划',157,3),(389,3,'56',16,5,'和征','2015-11-03 17:43:57','企业资源计划',157,3),(396,2,'12',12,1,'许益锋','2015-11-03 17:47:44','企业经营模拟',1,3),(397,2,'34',12,1,'许益锋','2015-11-03 17:47:51','企业经营模拟',1,3),(398,2,'12',12,2,'许益锋','2015-11-03 17:47:54','企业经营模拟',1,3),(399,2,'34',12,2,'许益锋','2015-11-03 17:47:56','企业经营模拟',1,3),(400,2,'12',12,3,'许益锋','2015-11-03 17:47:59','企业经营模拟',1,3),(401,2,'34',12,3,'许益锋','2015-11-03 17:48:01','企业经营模拟',1,3),(402,2,'12',12,4,'许益锋','2015-11-03 17:48:05','企业经营模拟',1,3),(403,2,'34',12,4,'许益锋','2015-11-03 17:48:07','企业经营模拟',1,3),(404,2,'12',12,5,'许益锋','2015-11-03 17:48:11','企业经营模拟',1,3),(405,2,'34',12,5,'许益锋','2015-11-03 17:48:14','企业经营模拟',1,3),(406,2,'56',12,1,'孙晓华','2015-11-03 17:48:31','人力资源测评',1,3),(407,2,'78',12,1,'孙晓华','2015-11-03 17:48:41','人力资源测评',1,3),(408,2,'12',13,1,'许益锋','2015-11-03 17:49:06','企业经营模拟',1,3),(409,2,'34',13,1,'许益锋','2015-11-03 17:49:09','企业经营模拟',1,3),(410,2,'34',13,2,'许益锋','2015-11-03 17:49:11','企业经营模拟',1,3),(411,2,'12',13,2,'许益锋','2015-11-03 17:49:14','企业经营模拟',1,3),(412,2,'12',13,3,'许益锋','2015-11-03 17:49:17','企业经营模拟',1,3),(413,2,'34',13,3,'许益锋','2015-11-03 17:49:21','企业经营模拟',1,3),(414,2,'12',13,4,'许益锋','2015-11-03 17:49:23','企业经营模拟',1,3),(415,2,'34',13,4,'许益锋','2015-11-03 17:49:26','企业经营模拟',1,3),(416,2,'34',13,5,'许益锋','2015-11-03 17:49:29','企业经营模拟',1,3),(417,2,'12',13,5,'许益锋','2015-11-03 17:49:32','企业经营模拟',1,3),(419,3,'78',13,3,'张彤','2015-11-08 18:35:01','运筹学(A)',138,3),(421,2,'56',13,5,'姚景源','2015-11-11 10:09:09','证券投资',157,3),(423,2,'56',14,2,'姚景源','2015-11-11 10:11:20','证券投资',1,3),(424,2,'34',14,5,'姚景源','2015-11-11 10:11:31','证券投资',1,3),(425,2,'56',15,2,'姚景源','2015-11-11 10:11:51','证券投资',1,3),(426,2,'34',15,5,'姚景源','2015-11-11 10:11:56','证券投资',1,3),(427,2,'56',16,2,'姚景源','2015-11-11 10:12:05','证券投资',1,3),(428,2,'34',16,5,'姚景源','2015-11-11 10:12:10','证券投资',1,3),(429,3,'12',13,3,'张群林','2015-11-12 10:54:43','电子政务',157,3),(430,3,'34',13,3,'张群林','2015-11-12 10:54:50','电子政务',157,3),(431,2,'12',14,3,'张群林','2015-11-12 10:55:15','电子政务',157,3),(432,2,'34',14,3,'张群林','2015-11-12 10:55:20','电子政务',157,3),(433,3,'56',13,3,'张群林','2015-11-12 10:55:49','公共管理研究方法',157,3),(434,1,'56',14,3,'张群林','2015-11-12 10:56:00','公共管理研究方法',157,3),(435,1,'78',14,3,'张群林','2015-11-12 10:56:06','公共管理研究方法',157,3),(439,2,'12',15,3,'杨晓燕','2015-11-13 10:26:38','oracle',109,3),(440,2,'34',15,3,'杨晓燕','2015-11-13 10:26:40','oracle',109,3),(441,2,'56',15,3,'杨晓燕','2015-11-13 10:26:42','oracle',109,3),(442,2,'78',15,3,'杨晓燕','2015-11-13 10:26:45','oracle',109,3),(443,2,'12',15,4,'杨晓燕','2015-11-13 10:26:47','oracle',109,3),(444,2,'34',15,4,'杨晓燕','2015-11-13 10:26:50','oracle',109,3),(445,2,'56',15,4,'杨晓燕','2015-11-13 10:26:52','oracle',109,3),(446,2,'78',15,4,'杨晓燕','2015-11-13 10:26:55','oracle',109,3),(448,2,'12',16,3,'杨晓燕','2015-11-13 10:27:16','oracle',109,3),(450,2,'34',16,3,'杨晓燕','2015-11-13 10:27:28','oracle',109,3),(452,2,'12',16,4,'杨晓燕','2015-11-13 10:27:49','oracle',109,3),(453,2,'56',16,4,'杨晓燕','2015-11-13 10:27:56','oracle',109,3),(454,2,'56',16,5,'杨晓燕','2015-11-13 10:28:01','oracle',109,3),(455,2,'78',16,5,'杨晓燕','2015-11-13 10:28:08','oracle',109,3),(456,2,'34',16,4,'杨晓燕','2015-11-13 10:28:13','oracle',109,3),(457,2,'78',16,4,'杨晓燕','2015-11-13 10:28:18','oracle',109,3),(458,2,'56',17,2,'杨晓燕','2015-11-13 10:28:39','oracle',109,3),(459,2,'78',17,2,'杨晓燕','2015-11-13 10:28:48','oracle',109,3),(460,1,'34',16,5,'杨晓燕','2015-11-13 13:42:02','计算机网络',109,3),(461,1,'34',17,5,'杨晓燕','2015-11-13 13:42:24','计算机网络',109,3),(462,1,'34',18,5,'杨晓燕','2015-11-13 13:42:42','计算机网络',109,3),(466,3,'78',17,3,'张彤','2015-11-17 16:18:17','运筹学(A)GS',138,3),(470,3,'78',13,5,'张彤','2015-11-17 16:29:41','运筹学(A)GS',138,3),(471,3,'34',15,3,'张彤','2015-11-17 16:55:45','运筹学(A)IM',138,3),(472,2,'12',16,1,'田谧','2015-11-19 11:21:52','审计实务',133,3),(473,2,'56',16,1,'田谧','2015-11-19 11:22:11','审计实务',133,3),(475,2,'12',18,1,'徐玲','2015-11-19 11:30:05','外贸模拟',157,3),(476,2,'12',18,2,'徐玲','2015-11-19 11:30:08','外贸模拟',157,3),(477,2,'12',18,3,'徐玲','2015-11-19 11:30:12','外贸模拟',157,3),(478,2,'12',18,4,'徐玲','2015-11-19 11:30:14','外贸模拟',157,3),(479,2,'12',18,5,'徐玲','2015-11-19 11:30:17','外贸模拟',157,3),(484,2,'34',18,1,'徐玲','2015-11-19 11:30:32','外贸模拟',157,3),(485,2,'34',18,2,'徐玲','2015-11-19 11:30:34','外贸模拟',157,3),(486,2,'34',18,3,'徐玲','2015-11-19 11:30:36','外贸模拟',157,3),(487,2,'34',18,4,'徐玲','2015-11-19 11:30:39','外贸模拟',157,3),(488,2,'34',18,5,'徐玲','2015-11-19 11:30:42','外贸模拟',157,3),(504,2,'56',19,1,'徐玲','2015-11-19 11:31:38','外贸模拟',157,3),(509,2,'78',19,1,'徐玲','2015-11-19 11:31:43','外贸模拟',157,3),(524,2,'56',20,1,'徐玲','2015-11-19 11:32:23','外贸模拟',157,3),(525,2,'56',20,2,'徐玲','2015-11-19 11:32:25','外贸模拟',157,3),(526,2,'56',20,3,'徐玲','2015-11-19 11:32:26','外贸模拟',157,3),(527,2,'56',20,4,'徐玲','2015-11-19 11:32:27','外贸模拟',157,3),(528,2,'56',20,5,'徐玲','2015-11-19 11:32:28','外贸模拟',157,3),(529,2,'78',20,1,'徐玲','2015-11-19 11:32:29','外贸模拟',157,3),(530,2,'78',20,2,'徐玲','2015-11-19 11:32:30','外贸模拟',157,3),(531,2,'78',20,3,'徐玲','2015-11-19 11:32:32','外贸模拟',157,3),(532,2,'78',20,4,'徐玲','2015-11-19 11:32:34','外贸模拟',157,3),(533,2,'78',20,5,'徐玲','2015-11-19 11:32:35','外贸模拟',157,3),(534,3,'56',17,3,'张彤','2015-11-20 16:20:20','运筹学(A)GS',138,3),(535,2,'56',14,5,'宋玉','2015-11-24 10:36:51','税收实务',129,3),(536,2,'78',14,5,'宋玉','2015-11-24 10:37:04','税收实务',129,3),(537,2,'56',15,5,'宋玉','2015-11-24 10:38:49','税收实务',129,3),(538,2,'78',15,5,'宋玉','2015-11-24 10:38:56','税收实务',129,3),(539,3,'34',14,5,'和征','2015-11-25 17:29:38','Web程序设计',1,3),(540,1,'78',15,5,'和征','2015-11-27 09:21:00','Web程序设计',2,3),(541,1,'78',16,5,'和征','2015-11-27 09:21:35','Web程序设计',2,3),(542,1,'56',17,1,'吴桂芹','2015-11-27 10:02:41','前台开发工具vc',108,3),(543,1,'78',17,1,'吴桂芹','2015-11-27 10:02:49','前台开发工具vc',108,3),(546,1,'12',18,2,'吴桂芹','2015-11-27 10:15:01','前台开发工具vc',108,3),(547,1,'34',18,2,'吴桂芹','2015-11-27 10:15:05','前台开发工具vc',108,3),(548,1,'12',17,5,'吴桂芹','2015-11-27 10:15:28','前台开发工具vc',108,3),(549,2,'34',17,5,'吴桂芹','2015-11-27 10:15:49','前台开发工具vc',108,3),(550,2,'56',17,5,'吴桂芹','2015-11-27 10:16:21','前台开发工具vc',108,3),(551,1,'78',17,5,'吴桂芹','2015-11-27 10:16:25','前台开发工具vc',108,3),(552,1,'12',17,4,'吴桂芹','2015-11-27 10:16:41','前台开发工具vc',108,3),(553,1,'34',17,4,'吴桂芹','2015-11-27 10:16:44','前台开发工具vc',108,3),(557,1,'34',18,3,'吴桂芹','2015-11-27 10:17:54','前台开发工具vc',108,3),(558,1,'12',18,4,'吴桂芹','2015-11-27 10:17:59','前台开发工具vc',108,3),(559,1,'34',18,4,'吴桂芹','2015-11-27 10:18:03','前台开发工具vc',108,3),(562,3,'34',16,4,'张彤','2015-12-03 22:07:58','运筹学(A)IM',138,3),(563,3,'12',16,4,'张彤','2015-12-03 22:08:02','运筹学(A)IM',138,3),(564,2,'78',17,4,'杨晓燕','2015-12-08 10:16:45','oracle',109,3),(565,2,'56',17,4,'杨晓燕','2015-12-08 10:17:30','oracle',109,3),(568,1,'56',18,1,'吴桂芹','2015-12-11 09:19:08','前台开发工具vc',108,3),(569,1,'78',18,1,'吴桂芹','2015-12-11 09:19:13','前台开发工具vc',108,3),(570,1,'56',18,5,'吴桂芹','2015-12-11 09:20:26','前台开发工具vc',108,3),(571,1,'78',18,5,'吴桂芹','2015-12-11 09:20:32','前台开发工具vc',108,3),(572,1,'12',17,2,'吴桂芹','2015-12-11 14:39:05','前台开发工具vc',108,3),(573,1,'34',17,2,'吴桂芹','2015-12-11 14:39:14','前台开发工具vc',108,3),(574,1,'12',18,3,'吴桂芹','2015-12-14 08:46:54','前台开发工具vc',108,3),(577,2,'78',19,5,'徐玲','2015-12-15 11:13:08','外贸模拟',2,3),(578,2,'78',19,2,'徐玲','2015-12-15 11:15:02','外贸模拟',2,3),(579,2,'56',19,2,'徐玲','2015-12-15 11:17:40','外贸模拟',2,3),(580,2,'12',19,1,'许益锋','2015-12-15 11:17:50','企业经营模拟',2,3),(581,2,'34',19,1,'许益锋','2015-12-15 11:17:52','企业经营模拟',2,3),(582,2,'34',19,2,'许益锋','2015-12-15 11:17:54','企业经营模拟',2,3),(583,2,'12',19,2,'许益锋','2015-12-15 11:17:56','企业经营模拟',2,3),(584,2,'12',19,3,'许益锋','2015-12-15 11:17:58','企业经营模拟',2,3),(585,2,'34',19,3,'许益锋','2015-12-15 11:17:59','企业经营模拟',2,3),(586,2,'34',19,4,'许益锋','2015-12-15 11:18:01','企业经营模拟',2,3),(587,2,'12',19,4,'许益锋','2015-12-15 11:18:03','企业经营模拟',2,3),(588,2,'12',19,5,'许益锋','2015-12-15 11:18:06','企业经营模拟',2,3),(589,2,'34',19,5,'许益锋','2015-12-15 11:18:08','企业经营模拟',2,3),(590,2,'56',19,3,'徐玲','2015-12-15 11:18:28','外贸模拟',2,3),(591,2,'78',19,3,'徐玲','2015-12-15 11:18:30','外贸模拟',2,3),(592,2,'56',19,4,'徐玲','2015-12-15 11:18:32','外贸模拟',2,3),(593,2,'78',19,4,'徐玲','2015-12-15 11:18:34','外贸模拟',2,3),(594,2,'56',19,5,'徐玲','2015-12-15 11:18:35','外贸模拟',2,3),(595,2,'12',20,1,'许益锋','2015-12-15 11:19:13','企业经营模拟',2,3),(596,2,'12',20,2,'许益锋','2015-12-15 11:19:14','企业经营模拟',2,3),(597,2,'12',20,3,'许益锋','2015-12-15 11:19:16','企业经营模拟',2,3),(598,2,'12',20,4,'许益锋','2015-12-15 11:19:16','企业经营模拟',2,3),(599,2,'12',20,5,'许益锋','2015-12-15 11:19:17','企业经营模拟',2,3),(600,2,'34',20,5,'许益锋','2015-12-15 11:19:18','企业经营模拟',2,3),(601,2,'34',20,4,'许益锋','2015-12-15 11:19:19','企业经营模拟',2,3),(602,2,'34',20,3,'许益锋','2015-12-15 11:19:21','企业经营模拟',2,3),(603,2,'34',20,2,'许益锋','2015-12-15 11:19:22','企业经营模拟',2,3),(604,2,'34',20,1,'许益锋','2015-12-15 11:19:23','企业经营模拟',2,3),(605,1,'78',19,1,'杨晓燕','2015-12-15 14:04:29','计算机网络',109,3),(606,1,'56',18,4,'陈立军','2015-12-17 18:07:41','数据库系统与应用',106,3),(607,1,'78',18,4,'陈立军','2015-12-17 18:07:48','数据库系统与应用',106,3),(608,1,'56',19,3,'陈立军','2015-12-17 18:08:02','数据库系统与应用',106,3),(609,1,'78',19,3,'陈立军','2015-12-17 18:08:08','数据库系统与应用',106,3),(610,3,'34',18,5,'王纯子','2015-12-18 10:28:32','面向对象',2,3),(611,3,'56',18,5,'王纯子','2015-12-18 10:28:45','面向对象',2,3),(612,3,'78',18,5,'王纯子','2015-12-18 10:28:50','面向对象',2,3),(618,1,'34',19,5,'白晓波','2015-12-24 11:45:06','Web应用开发实践',157,3),(619,1,'12',19,5,'白晓波','2015-12-24 11:45:07','Web应用开发实践',157,3),(620,1,'12',19,4,'白晓波','2015-12-24 11:45:08','Web应用开发实践',157,3),(622,1,'34',19,3,'白晓波','2015-12-24 11:45:09','Web应用开发实践',157,3),(623,1,'12',19,3,'白晓波','2015-12-24 11:45:10','Web应用开发实践',157,3),(626,1,'34',19,1,'白晓波','2015-12-24 11:45:14','Web应用开发实践',157,3),(627,1,'78',20,4,'白晓波','2015-12-24 11:45:55','Web应用开发实践',157,3),(634,1,'78',20,3,'白晓波','2015-12-24 11:46:09','Web应用开发实践',157,3),(638,1,'12',20,2,'白晓波','2015-12-24 11:46:16','Web应用开发实践',157,3),(640,1,'34',20,1,'白晓波','2015-12-24 11:46:19','Web应用开发实践',157,3),(641,1,'56',20,1,'白晓波','2015-12-24 11:46:21','Web应用开发实践',157,3),(643,1,'78',2,1,'吴桂芹','2016-02-29 10:15:22','C语言',1,4),(644,1,'12',2,1,'吴桂芹','2016-02-29 17:52:09','C',108,4),(647,2,'34',1,5,'申玲','2016-03-01 10:38:29','会计电算化（A）',2,4),(648,2,'34',2,5,'申玲','2016-03-01 10:38:50','会计电算化（A）',2,4),(649,2,'34',2,2,'申玲','2016-03-01 10:39:01','会计电算化（A）',2,4),(650,2,'34',3,5,'申玲','2016-03-01 10:39:21','会计电算化（A）',2,4),(651,2,'34',4,5,'申玲','2016-03-01 10:39:28','会计电算化（A）',2,4),(652,2,'34',5,5,'申玲','2016-03-01 10:39:33','会计电算化（A）',2,4),(653,2,'34',6,5,'申玲','2016-03-01 10:39:38','会计电算化（A）',2,4),(654,2,'34',7,5,'申玲','2016-03-01 10:39:45','会计电算化（A）',2,4),(655,2,'34',5,2,'申玲','2016-03-01 10:39:56','会计电算化（A）',2,4),(656,2,'34',4,2,'申玲','2016-03-01 10:40:02','会计电算化（A）',2,4),(657,2,'34',3,2,'申玲','2016-03-01 10:40:07','会计电算化（A）',2,4),(658,2,'12',3,1,'申玲','2016-03-01 10:40:20','会计电算化（A）',2,4),(659,2,'34',3,1,'申玲','2016-03-01 10:40:23','会计电算化（A）',2,4),(660,2,'12',4,1,'申玲','2016-03-01 10:40:29','会计电算化（A）',2,4),(661,2,'34',4,1,'申玲','2016-03-01 10:40:31','会计电算化（A）',2,4),(662,2,'12',5,1,'申玲','2016-03-01 10:40:38','会计电算化（A）',2,4),(663,2,'34',5,1,'申玲','2016-03-01 10:40:40','会计电算化（A）',2,4),(664,2,'12',6,1,'申玲','2016-03-01 10:40:45','会计电算化（A）',2,4),(665,2,'34',6,1,'申玲','2016-03-01 10:40:47','会计电算化（A）',2,4),(666,2,'12',7,1,'申玲','2016-03-01 10:40:53','会计电算化（A）',2,4),(667,2,'34',7,1,'申玲','2016-03-01 10:40:56','会计电算化（A）',2,4),(669,1,'78',3,1,'吴桂芹','2016-03-07 22:09:51','C',108,4),(671,1,'78',4,1,'吴桂芹','2016-03-07 22:10:26','C',108,4),(674,1,'12',7,1,'吴桂芹','2016-03-07 22:14:47','C',108,4),(675,1,'12',8,1,'吴桂芹','2016-03-07 22:14:59','C',108,4),(676,1,'78',5,1,'吴桂芹','2016-03-07 22:22:56','C',108,4),(677,1,'12',5,1,'吴桂芹','2016-03-07 22:23:13','C',108,4),(678,1,'12',3,1,'吴桂芹','2016-03-07 22:24:12','C  程序设计',108,4),(679,1,'12',4,1,'吴桂芹','2016-03-07 22:25:12','C  程序设计',108,4),(680,1,'12',6,1,'吴桂芹','2016-03-07 22:28:35','C  程序设计',108,4),(681,1,'78',6,1,'吴桂芹','2016-03-07 22:28:44','C',108,4),(682,1,'78',7,1,'吴桂芹','2016-03-07 22:29:00','C',108,4),(683,1,'78',8,1,'吴桂芹','2016-03-07 22:29:21','C',108,4),(684,1,'78',9,1,'吴桂芹','2016-03-07 22:29:59','C',108,4),(685,1,'78',10,1,'吴桂芹','2016-03-07 22:30:20','C',108,4),(687,1,'78',12,1,'吴桂芹','2016-03-07 22:31:10','C',108,4),(688,1,'78',11,1,'吴桂芹','2016-03-07 22:32:10','C',108,4),(689,3,'78',3,2,'白晓波','2016-03-16 10:34:38','企业级程序开发',1,4),(690,3,'78',5,2,'白晓波','2016-03-16 10:35:21','企业级程序开发',1,4),(691,3,'78',7,2,'白晓波','2016-03-16 10:35:26','企业级程序开发',1,4),(692,3,'78',9,2,'白晓波','2016-03-16 10:35:39','企业级程序开发',1,4),(693,3,'56',9,2,'白晓波','2016-03-16 10:35:53','企业级程序开发',1,4),(694,3,'56',7,2,'白晓波','2016-03-16 10:35:58','企业级程序开发',1,4),(695,3,'56',5,2,'白晓波','2016-03-16 10:36:04','企业级程序开发',1,4),(696,3,'56',3,2,'白晓波','2016-03-16 10:36:10','企业级程序开发',1,4),(699,2,'56',13,3,'刘世铎','2016-03-16 11:07:00','银行模拟',153,4),(700,2,'78',5,3,'雷霞','2016-03-22 16:08:08','会计电算化',133,4),(701,2,'78',8,5,'和征','2016-03-24 14:29:58','企业资源计划',2,4),(702,2,'78',9,5,'和征','2016-03-24 14:30:18','企业资源计划',2,4),(703,2,'78',10,5,'和征','2016-03-24 14:30:40','企业资源计划',2,4),(704,2,'56',11,5,'和征','2016-03-24 14:30:57','企业资源计划',2,4),(705,2,'78',11,5,'和征','2016-03-24 14:31:01','企业资源计划',2,4),(707,2,'78',5,5,'和征','2016-03-24 14:33:15','企业资源计划',2,4),(709,2,'78',7,5,'和征','2016-03-24 14:33:35','企业资源计划',2,4),(710,2,'12',11,4,'和征','2016-03-24 14:34:18','企业资源计划',2,4),(711,2,'12',12,4,'和征','2016-03-24 14:34:45','企业资源计划',2,4),(712,2,'12',13,4,'和征','2016-03-24 14:34:53','企业资源计划',2,4),(713,2,'34',14,4,'和征','2016-03-24 14:35:11','企业资源计划',2,4),(714,2,'12',14,4,'和征','2016-03-24 14:35:13','企业资源计划',2,4),(715,2,'12',15,4,'和征','2016-03-24 14:35:22','企业资源计划',2,4),(716,2,'34',15,4,'和征','2016-03-24 14:35:26','企业资源计划',2,4),(718,2,'34',6,2,'曾涛','2016-03-25 11:10:44','计量经济学',141,4),(719,2,'12',6,2,'曾涛','2016-03-25 11:12:42','计量经济学',141,4),(720,2,'12',8,1,'申玲','2016-03-25 11:22:48','会计电算化',2,4),(721,2,'34',8,1,'申玲','2016-03-25 11:22:51','会计电算化',2,4),(722,3,'34',5,3,'王纯子','2016-03-28 10:54:55','java语言程序设计',157,4),(723,3,'56',5,3,'王纯子','2016-03-28 10:55:12','java语言程序设计',157,4),(724,3,'78',5,3,'王纯子','2016-03-28 10:55:18','java语言程序设计',157,4),(725,3,'56',6,3,'王纯子','2016-03-30 15:10:26','java语言程序设计',112,4),(726,3,'34',6,3,'王纯子','2016-03-30 15:10:36','java语言程序设计',112,4),(727,3,'78',6,3,'王纯子','2016-03-30 15:10:52','java语言程序设计',112,4),(728,3,'56',8,3,'王纯子','2016-04-07 14:49:49','JAVA',2,4),(729,3,'34',8,3,'王纯子','2016-04-07 14:49:55','JAVA',2,4),(730,3,'78',8,3,'王纯子','2016-04-07 14:50:02','JAVA',2,4),(731,3,'56',9,3,'王纯子','2016-04-07 14:50:25','JAVA',2,4),(732,3,'78',9,3,'王纯子','2016-04-07 14:50:30','JAVA',2,4),(733,3,'78',10,5,'王纯子','2016-04-07 14:51:41','JAVA',2,4),(734,2,'12',8,5,'申玲','2016-04-08 11:19:58','会计电算化',2,4),(735,2,'34',8,5,'申玲','2016-04-08 11:20:05','会计电算化',2,4),(736,2,'12',9,1,'申玲','2016-04-18 10:02:24','会计电算化(A)',133,4),(737,2,'34',9,1,'申玲','2016-04-18 10:03:28','会计电算化（A)',133,4),(738,1,'78',10,3,'吴桂芹','2016-04-18 20:09:19','高级程序设计语言',108,4),(739,1,'56',10,3,'吴桂芹','2016-04-18 20:09:32','高级程序设计语言',108,4),(740,2,'12',9,2,'曾涛','2016-04-21 10:41:17','计量经济学',2,4),(741,2,'34',9,2,'曾涛','2016-04-21 10:41:21','计量经济学',2,4),(742,2,'12',10,2,'和征','2016-04-29 16:12:47','ERP',133,4),(743,2,'12',11,2,'和征','2016-04-29 16:17:45','企业资源计划人力',133,4),(744,3,'12',11,3,'王纯子','2016-05-04 11:40:40','JAVA语言程序设计',133,4),(745,3,'56',11,3,'王纯子','2016-05-04 11:43:05','JAVA语言程序设计',1,4),(746,3,'78',11,3,'王纯子','2016-05-04 11:43:10','JAVA语言程序设计',1,4),(747,7,'34',11,2,'郑煜','2016-05-05 00:29:02','人因工程',102,4),(748,7,'12',11,2,'郑煜','2016-05-05 00:29:06','人因工程',102,4),(749,7,'12',12,4,'郑煜','2016-05-10 17:25:46','人因工程',102,4),(750,1,'78',13,1,'吴桂芹','2016-05-13 21:27:20','高级程序设计语言',108,4),(751,1,'78',13,3,'吴桂芹','2016-05-13 21:27:44','高级程序设计语言',108,4),(754,2,'56',17,3,'雷霞','2016-05-16 15:39:26','电子商务',133,4),(755,2,'78',17,3,'雷霞','2016-05-16 15:39:46','电子商务',133,4),(756,2,'56',18,3,'雷霞','2016-05-16 15:40:08','电子商务',133,4),(757,2,'78',18,3,'雷霞','2016-05-16 15:40:18','电子商务',133,4),(759,1,'56',17,1,'杨晓燕','2016-05-16 15:42:43','电子商务',133,4),(760,1,'56',17,3,'杨晓燕','2016-05-16 15:42:55','电子商务',133,4),(761,1,'78',17,3,'杨晓燕','2016-05-16 15:43:01','电子商务',133,4),(762,1,'56',18,1,'杨晓燕','2016-05-16 15:43:36','电子商务',133,4),(764,1,'56',18,3,'杨晓燕','2016-05-16 15:44:02','电子商务',133,4),(765,1,'78',18,3,'杨晓燕','2016-05-16 15:44:23','电子商务',133,4),(766,7,'34',13,4,'郑煜','2016-05-18 10:23:12','人因工程',102,4),(767,7,'12',13,4,'郑煜','2016-05-18 10:23:16','人因工程',102,4),(772,3,'12',15,1,'刘世铎','2016-05-23 10:25:07','商业银行经营与管理',133,4),(773,3,'12',15,3,'刘世铎','2016-05-23 10:25:21','商业银行经营与管理',133,4),(774,3,'12',14,3,'刘世铎','2016-05-23 10:29:29','商业银行经营与管理',133,4),(775,1,'78',14,1,'吴桂芹','2016-05-23 17:11:34','高级程序设计语言',2,4),(776,2,'12',15,1,'张丽丽','2016-05-27 12:54:18','会计模拟实习',133,4),(777,2,'34',15,1,'张丽丽','2016-05-27 12:54:31','会计模拟实习',133,4),(780,2,'12',15,2,'张丽丽','2016-05-27 12:54:55','会计模拟实习',133,4),(781,2,'34',15,2,'张丽丽','2016-05-27 12:55:03','会计模拟实习',133,4),(782,2,'12',15,3,'张丽丽','2016-05-27 12:55:08','会计模拟实习',133,4),(783,2,'34',15,3,'张丽丽','2016-05-27 12:55:14','会计模拟实习',133,4),(784,3,'12',15,4,'张丽丽','2016-05-27 12:55:21','会计模拟实习',133,4),(785,3,'34',15,4,'张丽丽','2016-05-27 12:55:28','会计模拟实习',133,4),(786,2,'12',15,5,'张丽丽','2016-05-27 12:55:36','会计模拟实习',133,4),(787,2,'34',15,5,'张丽丽','2016-05-27 12:55:43','会计模拟实习',133,4),(788,2,'12',16,1,'张丽丽','2016-05-27 12:56:02','会计模拟实习',133,4),(789,2,'34',16,1,'张丽丽','2016-05-27 12:56:08','会计模拟实习',133,4),(790,2,'12',16,2,'张丽丽','2016-05-27 12:56:13','会计模拟实习',133,4),(791,2,'34',16,2,'张丽丽','2016-05-27 12:56:17','会计模拟实习',133,4),(793,2,'34',16,3,'张丽丽','2016-05-27 12:56:29','会计模拟实习',133,4),(794,2,'12',16,4,'张丽丽','2016-05-27 12:56:36','会计模拟实习',133,4),(795,2,'34',16,4,'张丽丽','2016-05-27 12:56:40','会计模拟实习',133,4),(796,2,'12',16,5,'张丽丽','2016-05-27 12:56:46','会计模拟实习',133,4),(797,2,'34',16,5,'张丽丽','2016-05-27 12:56:51','会计模拟实习',133,4),(800,3,'78',16,3,'刘世铎','2016-06-13 14:51:03','商业银行经营管理',2,4),(801,3,'78',16,4,'刘世铎','2016-06-13 14:51:11','商业银行经营管理',2,4),(802,1,'34',17,1,'周镭','2016-06-15 14:41:59','Spss',2,4),(803,1,'12',17,1,'周镭','2016-06-15 14:42:04','Spss',2,4),(804,1,'12',17,2,'陈立军','2016-06-15 14:45:34','数据库原理',2,4),(805,1,'34',17,2,'陈立军','2016-06-15 14:45:43','数据库原理',2,4),(806,1,'12',17,5,'陈立军','2016-06-15 14:45:47','数据库原理',2,4),(807,1,'34',17,5,'陈立军','2016-06-15 14:45:51','数据库原理',2,4),(808,2,'78',18,5,'和征','2016-06-16 16:38:06','ERP模拟实践',157,4),(809,2,'56',18,5,'和征','2016-06-16 16:38:39','ERP模拟实践',157,4),(810,2,'12',18,5,'和征','2016-06-16 16:38:50','ERP模拟实践',157,4),(811,2,'34',18,5,'和征','2016-06-16 16:38:57','ERP模拟实践',157,4),(812,2,'12',18,4,'和征','2016-06-16 16:39:06','ERP模拟实践',157,4),(813,2,'34',18,4,'和征','2016-06-16 16:39:10','ERP模拟实践',157,4),(814,2,'12',18,2,'和征','2016-06-16 16:39:21','ERP模拟实践',157,4),(815,2,'34',18,2,'和征','2016-06-16 16:39:26','ERP模拟实践',157,4),(816,2,'56',18,2,'和征','2016-06-16 16:39:33','ERP模拟实践',157,4),(817,2,'78',18,2,'和征','2016-06-16 16:39:41','ERP模拟实践',157,4),(818,2,'12',17,2,'和征','2016-06-16 16:39:56','ERP模拟实践',157,4),(819,2,'34',17,2,'和征','2016-06-16 16:40:02','ERP模拟实践',157,4),(820,2,'56',17,2,'和征','2016-06-16 16:40:32','ERP模拟实践',157,4),(821,2,'78',17,2,'和征','2016-06-16 16:40:37','ERP模拟实践',157,4),(822,2,'12',17,4,'和征','2016-06-16 16:40:46','ERP模拟实践',157,4),(823,2,'34',17,4,'和征','2016-06-16 16:40:51','ERP模拟实践',157,4),(824,2,'12',17,5,'和征','2016-06-16 16:41:01','ERP模拟实践',157,4),(825,2,'34',17,5,'和征','2016-06-16 16:41:08','ERP模拟实践',157,4),(826,2,'56',17,5,'和征','2016-06-16 16:41:15','ERP模拟实践',157,4),(827,2,'78',17,5,'和征','2016-06-16 16:41:20','ERP模拟实践',157,4),(828,1,'12',18,2,'陈立军','2016-06-21 11:50:40','数据库原理',133,4),(829,1,'34',18,2,'陈立军','2016-06-21 11:50:53','数据库原理',133,4),(830,1,'12',18,4,'陈立军','2016-06-21 11:51:00','数据库原理',133,4),(831,1,'34',18,4,'陈立军','2016-06-21 11:51:06','数据库原理',133,4),(832,1,'12',18,5,'陈立军','2016-06-21 11:51:13','数据库原理',133,4),(833,1,'34',18,5,'陈立军','2016-06-21 11:51:18','数据库原理',133,4),(834,3,'12',19,1,'王渊','2016-06-30 14:27:52','前台开发工具2',133,4),(835,3,'34',19,1,'王渊','2016-06-30 14:28:07','前台开发工具2',133,4),(836,3,'56',19,1,'王渊','2016-06-30 14:28:18','前台开发工具2',133,4),(837,3,'78',19,1,'王渊','2016-06-30 14:28:29','前台开发工具2',133,4),(838,3,'12',19,2,'王渊','2016-06-30 14:28:43','前台开发工具2',133,4),(839,3,'34',19,2,'王渊','2016-06-30 14:28:52','前台开发工具2',133,4),(840,3,'56',19,2,'王渊','2016-06-30 14:28:57','前台开发工具2',133,4),(841,3,'78',19,2,'王渊','2016-06-30 14:29:03','前台开发工具2',133,4),(842,3,'12',19,3,'王渊','2016-06-30 14:29:10','前台开发工具2',133,4),(843,3,'34',19,3,'王渊','2016-06-30 14:29:16','前台开发工具2',133,4),(844,3,'56',19,3,'王渊','2016-06-30 14:29:21','前台开发工具2',133,4),(845,3,'78',19,3,'王渊','2016-06-30 14:29:27','前台开发工具2',133,4),(846,3,'12',19,4,'王渊','2016-06-30 14:29:32','前台开发工具2',133,4),(847,3,'34',19,4,'王渊','2016-06-30 14:29:38','前台开发工具2',133,4),(848,3,'56',19,4,'王渊','2016-06-30 14:29:43','前台开发工具2',133,4),(849,3,'78',19,4,'王渊','2016-06-30 14:29:52','前台开发工具2',133,4),(850,3,'12',19,5,'王渊','2016-06-30 14:30:38','前台开发工具2',133,4),(851,3,'34',19,5,'王渊','2016-06-30 14:30:43','前台开发工具2',133,4),(852,3,'56',19,5,'王渊','2016-06-30 14:30:48','前台开发工具2',133,4),(853,3,'78',19,5,'王渊','2016-06-30 14:30:53','前台开发工具2',133,4),(854,3,'12',20,1,'王渊','2016-06-30 14:34:16','前台开发工具2',133,4),(855,3,'34',20,1,'王渊','2016-06-30 14:34:35','前台开发工具2',133,4),(856,3,'56',20,1,'王渊','2016-06-30 14:34:41','前台开发工具2',133,4),(857,3,'78',20,1,'王渊','2016-06-30 14:34:53','前台开发工具2',133,4),(858,3,'78',20,1,'王渊','2016-06-30 14:34:55','前台开发工具2',133,4),(859,3,'12',20,2,'王渊','2016-06-30 14:35:03','前台开发工具2',133,4),(860,3,'34',20,2,'王渊','2016-06-30 14:36:16','前台开发工具2',133,4),(861,3,'56',20,2,'王渊','2016-06-30 14:36:34','前台开发工具2',133,4),(862,3,'78',20,2,'王渊','2016-06-30 14:36:45','前台开发工具2',133,4),(863,3,'12',20,3,'王渊','2016-06-30 14:38:31','前台开发工具2',133,4),(864,3,'34',20,3,'王渊','2016-06-30 14:38:50','前台开发工具2',133,4),(865,3,'56',20,3,'王渊','2016-06-30 14:38:59','前台开发工具2',133,4),(866,3,'78',20,3,'王渊','2016-06-30 14:39:18','前台开发工具2',133,4),(867,3,'78',20,3,'王渊','2016-06-30 14:39:20','前台开发工具2',133,4),(868,3,'12',20,4,'王渊','2016-06-30 14:39:23','前台开发工具2',133,4),(869,3,'34',20,4,'王渊','2016-06-30 14:39:33','前台开发工具2',133,4),(870,3,'56',20,4,'王渊','2016-06-30 14:39:41','前台开发工具2',133,4),(871,3,'78',20,4,'王渊','2016-06-30 14:40:08','前台开发工具2',133,4),(872,3,'12',20,5,'王渊','2016-06-30 14:40:16','前台开发工具2',133,4),(873,3,'34',20,5,'王渊','2016-06-30 14:40:24','前台开发工具2',133,4),(874,3,'12',20,5,'王渊','2016-06-30 14:40:31','前台开发工具2',133,4),(875,2,'56',3,3,'高民芳','2016-08-27 12:05:01','财务管理A',126,5),(876,2,'78',3,3,'高民芳','2016-08-27 12:05:41','财务管理A',126,5),(877,2,'56',5,3,'高民芳','2016-08-27 12:06:55','财务管理A',126,5),(879,2,'56',2,5,'申玲','2016-08-28 11:08:30','财务管理（A）',127,5),(881,2,'56',7,5,'申玲','2016-08-28 11:10:00','财务管理（A）',127,5),(882,2,'56',9,5,'申玲','2016-08-28 11:10:45','财务管理（A）',127,5),(883,2,'12',1,3,'许益锋','2016-08-29 14:16:12','企业经营模拟',1,5),(884,2,'34',1,3,'许益锋','2016-08-29 14:16:20','企业经营模拟',1,5),(885,2,'12',1,4,'许益锋','2016-08-29 14:16:28','企业经营模拟',1,5),(886,2,'34',1,5,'许益锋','2016-08-29 14:16:36','企业经营模拟',1,5),(887,2,'12',1,5,'许益锋','2016-08-29 14:16:39','企业经营模拟',1,5),(888,2,'34',1,4,'许益锋','2016-08-29 14:16:40','企业经营模拟',1,5),(889,2,'12',2,5,'许益锋','2016-08-29 14:17:18','企业经营模拟',1,5),(890,2,'12',2,4,'许益锋','2016-08-29 14:17:20','企业经营模拟',1,5),(891,2,'12',2,3,'许益锋','2016-08-29 14:17:21','企业经营模拟',1,5),(892,2,'56',2,2,'许益锋','2016-08-29 14:17:23','企业经营模拟',1,5),(893,2,'78',2,2,'许益锋','2016-08-29 14:17:24','企业经营模拟',1,5),(894,2,'78',2,1,'许益锋','2016-08-29 14:17:26','企业经营模拟',1,5),(895,2,'56',2,1,'许益锋','2016-08-29 14:17:27','企业经营模拟',1,5),(916,2,'34',2,5,'许益锋','2016-08-29 14:53:45','企业经营模拟',157,5),(917,2,'34',2,4,'许益锋','2016-08-29 14:53:47','企业经营模拟',157,5),(918,2,'34',2,3,'许益锋','2016-08-29 14:53:49','企业经营模拟',157,5),(919,1,'12',8,3,'周镭','2016-09-01 10:05:42','spss(MBA)',157,5),(920,1,'34',8,3,'周镭','2016-09-01 10:05:46','spss(MBA)',157,5),(921,1,'56',8,3,'周镭','2016-09-01 10:05:49','spss(MBA)',157,5),(922,1,'78',8,3,'周镭','2016-09-01 10:05:52','spss(MBA)',157,5),(923,1,'12',8,4,'周镭','2016-09-01 10:06:00','spss(MBA)',157,5),(924,1,'56',8,4,'周镭','2016-09-01 10:06:04','spss(MBA)',157,5),(925,2,'56',8,4,'许益锋','2016-09-01 10:07:03','企业经营模拟（MBA）',157,5),(926,2,'78',8,4,'许益锋','2016-09-01 10:07:24','企业经营模拟(MBA)',157,5),(927,2,'78',8,5,'许益锋','2016-09-01 10:14:44','企业经营模拟(MBA)',157,5),(928,2,'911',8,5,'许益锋','2016-09-01 10:19:15','企业经营模拟(MBA)',157,5),(929,2,'12',3,1,'徐玲','2016-09-01 10:21:32','外贸模拟',157,5),(930,2,'12',3,5,'徐玲','2016-09-01 10:21:41','外贸模拟',157,5),(931,2,'12',3,4,'徐玲','2016-09-01 10:21:43','外贸模拟',157,5),(932,2,'12',3,3,'徐玲','2016-09-01 10:21:44','外贸模拟',157,5),(933,2,'12',3,2,'徐玲','2016-09-01 10:21:46','外贸模拟',157,5),(934,2,'12',4,5,'徐玲','2016-09-01 10:22:00','外贸模拟',157,5),(935,2,'12',4,4,'徐玲','2016-09-01 10:22:01','外贸模拟',157,5),(936,2,'12',4,3,'徐玲','2016-09-01 10:22:02','外贸模拟',157,5),(937,2,'12',4,2,'徐玲','2016-09-01 10:22:03','外贸模拟',157,5),(938,2,'12',4,1,'徐玲','2016-09-01 10:22:05','外贸模拟',157,5),(939,2,'12',5,5,'徐玲','2016-09-01 10:22:12','外贸模拟',157,5),(940,2,'12',5,4,'徐玲','2016-09-01 10:22:13','外贸模拟',157,5),(941,2,'12',5,3,'徐玲','2016-09-01 10:22:14','外贸模拟',157,5),(942,2,'12',5,2,'徐玲','2016-09-01 10:22:15','外贸模拟',157,5),(943,2,'12',5,1,'徐玲','2016-09-01 10:22:17','外贸模拟',157,5),(944,2,'12',6,5,'徐玲','2016-09-01 10:22:34','外贸模拟',157,5),(945,2,'12',6,4,'徐玲','2016-09-01 10:22:35','外贸模拟',157,5),(946,2,'12',6,3,'徐玲','2016-09-01 10:22:36','外贸模拟',157,5),(947,2,'12',6,2,'徐玲','2016-09-01 10:22:37','外贸模拟',157,5),(948,2,'12',6,1,'徐玲','2016-09-01 10:22:38','外贸模拟',157,5),(949,2,'12',7,5,'徐玲','2016-09-01 10:22:45','外贸模拟',157,5),(950,2,'12',7,4,'徐玲','2016-09-01 10:22:46','外贸模拟',157,5),(951,2,'12',7,3,'徐玲','2016-09-01 10:22:47','外贸模拟',157,5),(952,2,'12',7,2,'徐玲','2016-09-01 10:22:48','外贸模拟',157,5),(953,2,'12',7,1,'徐玲','2016-09-01 10:22:49','外贸模拟',157,5),(954,2,'12',8,5,'徐玲','2016-09-01 10:22:58','外贸模拟',157,5),(955,2,'12',8,4,'徐玲','2016-09-01 10:22:58','外贸模拟',157,5),(956,2,'12',8,3,'徐玲','2016-09-01 10:22:59','外贸模拟',157,5),(957,2,'12',8,2,'徐玲','2016-09-01 10:23:00','外贸模拟',157,5),(958,2,'12',8,1,'徐玲','2016-09-01 10:23:01','外贸模拟',157,5),(959,1,'34',8,5,'张群林','2016-09-01 10:24:06','电子政务',91,5),(960,2,'56',8,5,'许益锋','2016-09-01 10:25:33','企业经营模拟(MBA)',1,5),(961,3,'78',8,5,'高民芳','2016-09-01 10:26:11','财务管理(A)',1,5),(962,1,'78',11,1,'张群林','2016-09-01 10:26:20','电子政务',91,5),(967,1,'56',11,1,'张群林','2016-09-01 10:30:03','电子政务',91,5),(970,2,'56',12,1,'许益锋','2016-09-01 10:33:56','企业经营模拟',1,5),(971,2,'78',12,1,'许益锋','2016-09-01 10:34:03','企业经营模拟',1,5),(972,2,'78',12,2,'许益锋','2016-09-01 10:34:17','企业经营模拟',1,5),(973,2,'56',12,2,'许益锋','2016-09-01 10:34:18','企业经营模拟',1,5),(976,2,'78',12,4,'许益锋','2016-09-01 10:34:46','企业经营模拟',1,5),(977,2,'56',12,4,'许益锋','2016-09-01 10:34:47','企业经营模拟',1,5),(978,2,'78',12,5,'许益锋','2016-09-01 10:34:53','企业经营模拟',1,5),(979,2,'56',12,5,'许益锋','2016-09-01 10:34:54','企业经营模拟',1,5),(980,2,'78',13,5,'许益锋','2016-09-01 10:35:51','企业经营模拟',1,5),(981,2,'78',13,4,'许益锋','2016-09-01 10:35:52','企业经营模拟',1,5),(982,2,'56',13,4,'许益锋','2016-09-01 10:35:53','企业经营模拟',1,5),(983,2,'56',13,5,'许益锋','2016-09-01 10:35:53','企业经营模拟',1,5),(986,2,'56',13,2,'许益锋','2016-09-01 10:35:57','企业经营模拟',1,5),(987,2,'78',13,2,'许益锋','2016-09-01 10:35:58','企业经营模拟',1,5),(988,2,'78',13,1,'许益锋','2016-09-01 10:35:58','企业经营模拟',1,5),(989,2,'56',13,1,'许益锋','2016-09-01 10:35:59','企业经营模拟',1,5),(994,2,'56',19,5,'许益锋','2016-09-01 10:37:02','企业经营模拟',1,5),(995,2,'78',19,5,'许益锋','2016-09-01 10:37:03','企业经营模拟',1,5),(1000,2,'12',20,1,'许益锋','2016-09-01 10:37:48','企业经营模拟',1,5),(1001,2,'34',20,1,'许益锋','2016-09-01 10:37:50','企业经营模拟',1,5),(1002,2,'56',20,2,'许益锋','2016-09-01 10:37:51','企业经营模拟',1,5),(1003,2,'78',20,2,'许益锋','2016-09-01 10:37:52','企业经营模拟',1,5),(1004,2,'56',20,3,'许益锋','2016-09-01 10:37:53','企业经营模拟',1,5),(1005,2,'78',20,3,'许益锋','2016-09-01 10:37:54','企业经营模拟',1,5),(1006,2,'56',20,4,'许益锋','2016-09-01 10:37:54','企业经营模拟',1,5),(1007,2,'78',20,4,'许益锋','2016-09-01 10:37:55','企业经营模拟',1,5),(1008,2,'56',20,5,'许益锋','2016-09-01 10:37:56','企业经营模拟',1,5),(1009,2,'78',20,5,'许益锋','2016-09-01 10:37:57','企业经营模拟',1,5),(1010,1,'34',2,3,'吴桂芹','2016-09-01 15:40:03','数据结构（A）',108,5),(1011,1,'56',3,1,'吴桂芹','2016-09-01 15:40:32','数据结构（A）',108,5),(1020,2,'34',3,5,'徐玲','2016-09-05 13:46:20','外贸模拟',157,5),(1021,2,'34',3,4,'徐玲','2016-09-05 13:46:21','外贸模拟',157,5),(1022,2,'34',3,3,'徐玲','2016-09-05 13:46:22','外贸模拟',157,5),(1023,2,'34',3,2,'徐玲','2016-09-05 13:46:23','外贸模拟',157,5),(1024,2,'34',3,1,'徐玲','2016-09-05 13:46:24','外贸模拟',157,5),(1025,2,'34',4,5,'徐玲','2016-09-05 13:46:33','外贸模拟',157,5),(1026,2,'34',4,4,'徐玲','2016-09-05 13:46:34','外贸模拟',157,5),(1027,2,'34',4,3,'徐玲','2016-09-05 13:46:35','外贸模拟',157,5),(1028,2,'34',4,2,'徐玲','2016-09-05 13:46:35','外贸模拟',157,5),(1029,2,'34',4,1,'徐玲','2016-09-05 13:46:36','外贸模拟',157,5),(1030,2,'34',5,5,'徐玲','2016-09-05 13:46:47','外贸模拟',157,5),(1031,2,'34',5,4,'徐玲','2016-09-05 13:46:47','外贸模拟',157,5),(1032,2,'34',5,3,'徐玲','2016-09-05 13:46:48','外贸模拟',157,5),(1033,2,'34',5,2,'徐玲','2016-09-05 13:46:49','外贸模拟',157,5),(1034,2,'34',5,1,'徐玲','2016-09-05 13:46:50','外贸模拟',157,5),(1035,2,'34',6,5,'徐玲','2016-09-05 13:46:57','外贸模拟',157,5),(1036,2,'34',6,4,'徐玲','2016-09-05 13:46:58','外贸模拟',157,5),(1037,2,'34',6,3,'徐玲','2016-09-05 13:46:59','外贸模拟',157,5),(1038,2,'34',6,2,'徐玲','2016-09-05 13:46:59','外贸模拟',157,5),(1039,2,'34',6,1,'徐玲','2016-09-05 13:47:00','外贸模拟',157,5),(1040,2,'34',7,5,'徐玲','2016-09-05 13:47:08','外贸模拟',157,5),(1041,2,'34',7,4,'徐玲','2016-09-05 13:47:09','外贸模拟',157,5),(1042,2,'34',7,3,'徐玲','2016-09-05 13:47:10','外贸模拟',157,5),(1043,2,'34',7,2,'徐玲','2016-09-05 13:47:11','外贸模拟',157,5),(1044,2,'34',7,1,'徐玲','2016-09-05 13:47:12','外贸模拟',157,5),(1045,2,'34',8,5,'徐玲','2016-09-05 13:47:24','外贸模拟',157,5),(1046,2,'34',8,4,'徐玲','2016-09-05 13:47:25','外贸模拟',157,5),(1047,2,'34',8,3,'徐玲','2016-09-05 13:47:26','外贸模拟',157,5),(1048,2,'34',8,2,'徐玲','2016-09-05 13:47:27','外贸模拟',157,5),(1049,2,'34',8,1,'徐玲','2016-09-05 13:47:28','外贸模拟',157,5),(1051,1,'34',3,2,'陈立军','2016-09-06 10:19:58','数据库系统与应用',106,5),(1052,1,'34',4,2,'陈立军','2016-09-06 10:20:26','数据库系统与应用',106,5),(1053,1,'34',5,2,'陈立军','2016-09-06 10:20:42','数据库系统与应用',106,5),(1054,1,'34',6,2,'陈立军','2016-09-06 10:22:55','数据库系统与应用',106,5),(1055,1,'34',7,2,'陈立军','2016-09-06 10:23:02','数据库系统与应用',106,5),(1056,1,'34',8,2,'陈立军','2016-09-06 10:23:22','数据库系统与应用',106,5),(1057,1,'34',9,2,'陈立军','2016-09-06 10:23:39','数据库系统与应用',106,5),(1058,1,'34',10,2,'陈立军','2016-09-06 10:23:48','数据库系统与应用',106,5),(1062,2,'56',6,5,'申玲','2016-09-09 14:58:07','财务管理（A)',133,5),(1063,3,'78',4,5,'薛顺利','2016-09-12 15:10:09','管理信息系统',157,5),(1064,3,'78',6,5,'薛顺利','2016-09-12 15:10:28','管理信息系统',157,5),(1065,3,'78',7,5,'薛顺利','2016-09-12 15:10:42','管理信息系统',157,5),(1066,3,'12',8,3,'薛顺利','2016-09-12 15:11:03','管理信息系统',157,5),(1068,3,'12',9,3,'薛顺利','2016-09-12 15:11:29','管理信息系统',157,5),(1070,3,'56',11,5,'薛顺利','2016-09-12 15:12:51','管理信息系统',157,5),(1071,3,'34',12,2,'薛顺利','2016-09-12 15:13:08','管理信息系统',157,5),(1073,3,'34',13,2,'薛顺利','2016-09-12 15:13:36','管理信息系统',157,5),(1075,3,'78',11,2,'薛顺利','2016-09-12 15:14:23','管理信息系统',157,5),(1076,3,'34',11,5,'薛顺利','2016-09-12 15:14:32','管理信息系统',157,5),(1077,3,'78',12,2,'薛顺利','2016-09-12 15:15:10','管理信息系统',157,5),(1078,3,'34',12,5,'薛顺利','2016-09-12 15:15:54','管理信息系统',157,5),(1079,3,'78',13,2,'薛顺利','2016-09-12 15:16:10','管理信息系统',157,5),(1080,3,'34',13,5,'薛顺利','2016-09-12 15:16:19','管理信息系统',157,5),(1081,3,'56',12,5,'薛顺利','2016-09-12 15:32:47','管理信息系统',1,5),(1082,3,'56',13,5,'薛顺利','2016-09-12 15:33:17','管理信息系统',1,5),(1084,1,'78',8,5,'薛顺利','2016-09-12 15:38:46','管理信息系统',1,5),(1085,2,'12',15,1,'杨晓燕','2016-09-18 15:50:12','oracle',109,5),(1086,2,'34',15,1,'杨晓燕','2016-09-18 15:50:25','oracle',109,5),(1087,2,'56',15,1,'杨晓燕','2016-09-18 15:50:35','oracle',109,5),(1088,2,'78',15,1,'杨晓燕','2016-09-18 15:50:43','oracle',109,5),(1089,2,'12',15,4,'杨晓燕','2016-09-18 15:50:50','oracle',109,5),(1090,2,'34',15,4,'杨晓燕','2016-09-18 15:50:55','oracle',109,5),(1091,2,'56',15,4,'杨晓燕','2016-09-18 15:51:02','oracle',109,5),(1092,2,'78',15,4,'杨晓燕','2016-09-18 15:51:07','oracle',109,5),(1093,2,'78',15,3,'杨晓燕','2016-09-18 15:53:20','oracle',109,5),(1094,2,'12',16,1,'杨晓燕','2016-09-18 15:53:30','oracle',109,5),(1095,2,'34',16,1,'杨晓燕','2016-09-18 15:53:35','oracle',109,5),(1096,2,'56',16,1,'杨晓燕','2016-09-18 15:53:39','oracle',109,5),(1097,2,'78',16,1,'杨晓燕','2016-09-18 15:53:43','oracle',109,5),(1098,2,'12',16,4,'杨晓燕','2016-09-18 15:53:49','oracle',109,5),(1099,2,'34',16,4,'杨晓燕','2016-09-18 15:53:53','oracle',109,5),(1100,2,'56',16,4,'杨晓燕','2016-09-18 15:53:57','oracle',109,5),(1101,2,'78',16,4,'杨晓燕','2016-09-18 15:54:02','oracle',109,5),(1102,2,'56',16,3,'杨晓燕','2016-09-18 15:54:10','oracle',109,5),(1103,2,'78',16,3,'杨晓燕','2016-09-18 15:54:14','oracle',109,5),(1104,1,'12',16,2,'杨晓燕','2016-09-18 16:02:40','计算机网络',109,5),(1105,1,'12',17,2,'杨晓燕','2016-09-18 16:03:02','计算机网络',109,5),(1106,1,'12',18,2,'杨晓燕','2016-09-18 16:03:09','计算机网络',109,5),(1114,2,'56',16,5,'雷霞','2016-09-18 16:13:54','电子商务（B)',109,5),(1115,2,'78',16,5,'雷霞','2016-09-18 16:13:59','电子商务（B)',109,5),(1116,2,'56',17,5,'雷霞','2016-09-18 16:18:46','电子商务（B)',109,5),(1117,2,'78',17,5,'雷霞','2016-09-18 16:18:51','电子商务（B)',109,5),(1118,2,'56',18,5,'雷霞','2016-09-18 16:19:01','电子商务（B)',109,5),(1119,2,'56',15,3,'杨晓燕','2016-09-18 16:21:46','oracle',109,5),(1121,1,'911',17,4,'杨晓燕','2016-09-18 16:23:37','电子商务（B)',109,5),(1122,1,'78',18,4,'杨晓燕','2016-09-18 16:25:59','电子商务（B)',109,5),(1123,1,'34',18,5,'杨晓燕','2016-09-18 16:26:49','电子商务（B)',109,5),(1125,1,'34',17,5,'杨晓燕','2016-09-18 16:28:13','电子商务（B)',109,5),(1126,1,'56',5,1,'吴桂芹','2016-09-18 22:13:12','数据结构（A）',108,5),(1127,1,'56',7,4,'张彤','2016-09-21 09:25:05','运筹学（A）',138,5),(1128,2,'78',9,5,'张彤','2016-09-21 10:08:32','运筹学（A）',138,5),(1129,2,'78',10,2,'张彤','2016-09-21 10:12:00','运筹学（A）',138,5),(1130,1,'56',7,1,'吴桂芹','2016-09-28 10:19:13','数据结构（A）',108,5),(1160,2,'78',9,1,'和征','2016-09-30 14:20:47','企业资源计划',1,5),(1162,2,'78',11,1,'和征','2016-09-30 14:21:08','企业资源计划',1,5),(1163,2,'78',7,3,'和征','2016-09-30 14:21:47','Web程序设计',1,5),(1164,2,'78',8,3,'和征','2016-09-30 14:22:01','Web程序设计',1,5),(1165,2,'78',11,3,'和征','2016-09-30 14:22:10','Web程序设计',1,5),(1168,1,'34',11,3,'周镭','2016-10-10 14:38:49','市场研究',2,5),(1169,1,'12',7,5,'周镭','2016-10-10 14:41:50','网络营销',2,5),(1172,1,'12',11,2,'吴桂芹','2016-10-12 11:17:55','数据结构（A）',108,5),(1174,1,'12',17,1,'吴桂芹','2016-10-12 11:21:19','前台开发工具VC',108,5),(1175,1,'34',17,1,'吴桂芹','2016-10-12 11:21:28','前台开发工具VC',108,5),(1176,1,'56',17,1,'吴桂芹','2016-10-12 11:21:36','前台开发工具VC',108,5),(1177,1,'78',17,1,'吴桂芹','2016-10-12 11:21:40','前台开发工具VC',108,5),(1178,1,'56',17,3,'吴桂芹','2016-10-12 11:21:51','前台开发工具VC',108,5),(1179,1,'78',17,3,'吴桂芹','2016-10-12 11:21:55','前台开发工具VC',108,5),(1181,1,'12',17,4,'吴桂芹','2016-10-12 11:22:18','前台开发工具VC',108,5),(1182,1,'34',17,4,'吴桂芹','2016-10-12 11:22:23','前台开发工具VC',108,5),(1184,1,'12',18,1,'吴桂芹','2016-10-12 11:22:43','前台开发工具VC',108,5),(1185,1,'34',18,1,'吴桂芹','2016-10-12 11:22:47','前台开发工具VC',108,5),(1186,1,'56',18,1,'吴桂芹','2016-10-12 11:22:52','前台开发工具VC',108,5),(1187,1,'78',18,1,'吴桂芹','2016-10-12 11:22:56','前台开发工具VC',108,5),(1188,1,'56',18,3,'吴桂芹','2016-10-12 11:23:03','前台开发工具VC',108,5),(1189,1,'78',18,3,'吴桂芹','2016-10-12 11:23:08','前台开发工具VC',108,5),(1190,1,'12',18,4,'吴桂芹','2016-10-12 11:23:14','前台开发工具VC',108,5),(1191,1,'34',18,4,'吴桂芹','2016-10-12 11:23:19','前台开发工具VC',108,5),(1192,1,'56',18,5,'吴桂芹','2016-10-12 11:23:31','前台开发工具VC',108,5),(1193,1,'78',18,5,'吴桂芹','2016-10-12 11:23:36','前台开发工具VC',108,5),(1194,1,'56',17,5,'吴桂芹','2016-10-12 11:24:11','前台开发工具VC',108,5),(1195,1,'78',17,5,'吴桂芹','2016-10-12 11:24:19','前台开发工具VC',108,5),(1196,1,'12',13,2,'王纯子','2016-10-13 15:03:35','网络信息安全',2,5),(1200,1,'34',13,2,'王纯子','2016-10-13 15:05:24','网络信息安全',2,5),(1201,1,'12',14,2,'王纯子','2016-10-13 15:05:34','网络信息安全',2,5),(1202,1,'34',14,2,'王纯子','2016-10-13 15:05:38','网络信息安全',2,5),(1203,1,'12',15,2,'王纯子','2016-10-13 15:06:17','面向对象技术',2,5),(1204,1,'34',15,2,'王纯子','2016-10-13 15:06:37','面向对象技术',2,5),(1207,3,'12',17,2,'王纯子','2016-10-13 15:07:48','面向对象技术',2,5),(1208,3,'34',17,2,'王纯子','2016-10-13 15:07:52','面向对象技术',2,5),(1209,3,'12',18,2,'王纯子','2016-10-13 15:07:59','面向对象技术',2,5),(1210,3,'34',18,2,'王纯子','2016-10-13 15:08:05','面向对象技术',2,5),(1211,2,'12',13,2,'田谧','2016-10-13 15:12:11','审计理论与实务',2,5),(1212,2,'12',14,2,'田谧','2016-10-13 15:13:47','审计理论与实务',2,5),(1213,2,'12',15,2,'田谧','2016-10-13 15:13:53','审计理论与实务',2,5),(1214,2,'12',16,2,'田谧','2016-10-13 15:14:05','审计理论与实务',2,5),(1215,2,'12',17,2,'田谧','2016-10-13 15:14:11','审计理论与实务',2,5),(1216,2,'12',18,2,'田谧','2016-10-13 15:14:17','审计理论与实务',2,5),(1217,2,'12',19,2,'田谧','2016-10-13 15:14:26','审计理论与实务',2,5),(1223,1,'12',11,4,'陈立军','2016-10-16 10:17:43','数据库系统与应用',106,5),(1226,1,'12',13,4,'陈立军','2016-10-16 10:19:01','数据库系统与应用',106,5),(1227,3,'12',8,4,'张彤','2016-10-17 10:12:55','运筹学（A）',138,5),(1228,1,'34',11,2,'吴桂芹','2016-10-21 17:27:45','数据结构（A）',108,5),(1230,1,'78',10,4,'吴桂芹','2016-10-23 10:55:03','数据结构（A）',1,5),(1231,2,'12',10,3,'申玲','2016-10-23 10:55:29','财务管理',1,5),(1232,2,'34',10,3,'周镭','2016-10-24 15:58:31','市场研究',2,5),(1233,2,'56',10,3,'周镭','2016-10-25 15:48:49','市场研究',1,5),(1234,3,'12',10,3,'薛顺利','2016-10-31 13:54:10','管理信息系统',1,5),(1235,2,'12',12,4,'许益锋','2016-10-31 15:15:15','企业经营模拟',133,5),(1236,2,'34',12,4,'许益锋','2016-10-31 15:15:57','企业经营模拟',133,5),(1237,2,'12',13,4,'许益锋','2016-10-31 15:19:05','企业经营模拟',133,5),(1238,2,'34',13,4,'许益锋','2016-10-31 15:19:25','企业经营模拟',133,5),(1239,3,'12',11,1,'孙晓华','2016-11-02 15:41:34','人员素质测评',133,5),(1240,3,'34',11,1,'孙晓华','2016-11-02 15:42:00','人员素质测评',133,5),(1241,3,'56',11,1,'孙晓华','2016-11-02 15:42:05','人员素质测评',133,5),(1242,3,'78',11,1,'孙晓华','2016-11-02 15:42:17','人员素质测评',133,5),(1243,1,'12',12,4,'陈立军','2016-11-08 10:27:41','数据库系统与应用',106,5),(1244,1,'34',13,4,'陈立军','2016-11-08 10:28:53','数据库系统与应用',106,5),(1245,7,'78',13,2,'张彤','2016-11-10 21:11:28','运筹学（A)',138,5),(1246,7,'911',13,2,'张彤','2016-11-10 21:11:37','运筹学（A)',138,5),(1247,2,'78',16,2,'张彤','2016-11-10 21:16:38','运筹学（A)',138,5),(1248,2,'56',16,2,'张彤','2016-11-10 21:16:42','运筹学（A)',138,5),(1249,1,'12',12,5,'张群林','2016-11-11 10:43:24','公共管理研究方法',1,5),(1250,1,'34',12,5,'张群林','2016-11-11 10:43:38','公共管理研究方法',1,5),(1251,2,'34',13,1,'和征','2016-11-15 14:57:14','Web程序设计',2,5),(1252,2,'56',13,3,'和征','2016-11-15 14:57:28','Web程序设计',2,5),(1253,2,'56',14,3,'和征','2016-11-15 14:57:47','Web程序设计',2,5),(1254,3,'34',15,1,'和征','2016-11-15 15:05:50','Web程序设计',2,5),(1255,3,'56',15,3,'和征','2016-11-15 15:06:01','Web程序设计',2,5),(1256,3,'34',16,1,'和征','2016-11-15 15:06:43','Web程序设计',2,5),(1257,3,'56',16,3,'和征','2016-11-15 15:06:49','Web程序设计',2,5),(1258,2,'34',17,1,'和征','2016-11-15 15:07:54','Web程序设计',2,5),(1259,2,'56',17,3,'和征','2016-11-15 15:08:03','Web程序设计',2,5),(1260,2,'34',15,3,'和征','2016-11-15 15:09:59','企业资源计划',2,5),(1261,3,'56',16,1,'和征','2016-11-15 15:10:25','企业资源计划',2,5),(1262,2,'34',16,3,'和征','2016-11-15 15:10:35','企业资源计划',2,5),(1263,2,'56',17,1,'和征','2016-11-15 15:10:47','企业资源计划',2,5),(1264,2,'34',17,3,'和征','2016-11-15 15:10:53','企业资源计划',2,5),(1265,2,'56',18,1,'和征','2016-11-15 15:11:03','企业资源计划',2,5),(1268,2,'34',19,3,'和征','2016-11-15 15:11:30','企业资源计划',2,5),(1269,3,'56',13,1,'张群林','2016-11-18 11:39:14','电子政务',157,5),(1270,3,'78',13,1,'张群林','2016-11-18 11:39:21','电子政务',157,5),(1271,2,'56',17,2,'张彤','2016-12-07 21:02:06','运筹学（A)',138,5),(1272,2,'78',17,2,'张彤','2016-12-07 21:02:16','运筹学（A)',138,5),(1275,3,'12',16,2,'王纯子','2016-12-08 12:31:44','网络信息安全',2,5),(1276,3,'34',16,2,'王纯子','2016-12-08 12:31:51','网络信息安全',2,5),(1277,3,'12',16,5,'王纯子','2016-12-08 12:31:58','网络信息安全',2,5),(1278,3,'34',16,5,'王纯子','2016-12-08 12:32:03','网络信息安全',2,5),(1279,3,'56',17,2,'王纯子','2016-12-08 12:33:03','面向对象技术',2,5),(1280,3,'12',18,4,'王纯子','2016-12-08 12:33:39','面向对象技术',2,5),(1281,3,'34',18,4,'王纯子','2016-12-08 12:33:44','面向对象技术',2,5),(1282,3,'56',18,4,'王纯子','2016-12-08 12:33:51','面向对象技术',2,5),(1283,2,'12',17,3,'和征','2016-12-12 14:29:45','企业资源计划',133,5),(1284,3,'12',19,2,'许益锋','2016-12-29 09:48:38','企业经营模拟',2,5),(1285,3,'34',19,2,'许益锋','2016-12-29 09:48:51','企业经营模拟',2,5),(1286,3,'12',19,3,'许益锋','2016-12-29 09:49:09','企业经营模拟',2,5),(1287,3,'34',19,3,'许益锋','2016-12-29 09:49:13','企业经营模拟',2,5),(1288,3,'12',19,4,'许益锋','2016-12-29 09:49:20','企业经营模拟',2,5),(1289,3,'34',19,4,'许益锋','2016-12-29 09:49:23','企业经营模拟',2,5),(1291,3,'78',19,3,'张正林','2016-12-29 09:50:49','市场调查与预测',2,5),(1292,3,'78',19,2,'张正林','2016-12-29 09:51:36','市场调查与预测',2,5),(1293,1,'12',19,2,'杨晓燕','2016-12-29 09:52:30','SAP',2,5),(1294,1,'34',19,2,'杨晓燕','2016-12-29 09:52:52','SAP',2,5),(1295,1,'56',19,3,'杨晓燕','2016-12-29 09:53:03','SAP',2,5),(1296,1,'78',19,3,'杨晓燕','2016-12-29 09:53:07','SAP',2,5),(1297,1,'12',19,4,'杨晓燕','2016-12-29 09:53:13','SAP',2,5),(1298,1,'34',19,4,'杨晓燕','2016-12-29 09:53:15','SAP',2,5),(1299,1,'56',19,4,'杨晓燕','2016-12-29 09:53:18','SAP',2,5),(1300,1,'12',19,5,'杨晓燕','2016-12-29 09:53:39','SAP',2,5),(1301,1,'34',19,5,'杨晓燕','2016-12-29 09:53:42','SAP',2,5),(1302,2,'78',19,4,'田谧','2016-12-29 09:54:17','审计理论与实务',2,5),(1303,1,'78',19,4,'杨晓燕','2016-12-29 09:54:22','SAP',2,5),(1304,1,'56',20,1,'杨晓燕','2016-12-29 09:58:47','SAP',2,5),(1305,1,'78',20,1,'杨晓燕','2016-12-29 09:58:53','SAP',2,5),(1306,1,'56',20,2,'杨晓燕','2016-12-29 09:58:57','SAP',2,5),(1307,1,'78',20,2,'杨晓燕','2016-12-29 09:58:59','SAP',2,5),(1308,1,'12',20,3,'杨晓燕','2016-12-29 09:59:49','SAP',2,5),(1309,1,'34',20,3,'杨晓燕','2016-12-29 09:59:52','SAP',2,5),(1310,1,'56',20,4,'杨晓燕','2016-12-29 09:59:56','SAP',2,5),(1311,1,'78',20,4,'杨晓燕','2016-12-29 09:59:59','SAP',2,5),(1312,1,'12',20,5,'杨晓燕','2016-12-29 10:00:01','SAP',2,5),(1313,1,'34',20,5,'杨晓燕','2016-12-29 10:00:04','SAP',2,5),(1315,2,'78',2,3,'和征','2017-02-27 11:46:00','ERP',157,6),(1316,2,'78',1,3,'和征','2017-02-27 11:46:09','ERP',157,6),(1317,2,'78',3,3,'和征','2017-02-27 11:46:20','ERP',157,6),(1318,2,'78',4,3,'和征','2017-02-27 11:46:25','ERP',157,6),(1319,2,'78',5,3,'和征','2017-02-27 11:46:30','ERP',157,6),(1320,2,'78',6,3,'和征','2017-02-27 11:46:35','ERP',157,6),(1325,2,'56',3,2,'吴桂芹','2017-02-27 14:44:29','c  程序设计',108,6),(1326,2,'56',4,2,'吴桂芹','2017-02-27 14:44:50','c  程序设计',108,6),(1327,2,'56',5,2,'吴桂芹','2017-02-27 14:45:01','c  程序设计',108,6),(1328,2,'56',6,2,'吴桂芹','2017-02-27 14:45:13','c  程序设计',108,6),(1330,2,'56',8,2,'吴桂芹','2017-02-27 14:45:35','c  程序设计',108,6),(1331,2,'56',2,2,'吴桂芹','2017-02-27 14:46:26','c  程序设计',108,6),(1336,2,'78',9,2,'吴桂芹','2017-02-27 14:53:53','c  程序设计',108,6),(1342,2,'12',6,2,'吴桂芹','2017-02-27 15:08:53','高级程序设计语言',108,6),(1343,2,'12',5,2,'吴桂芹','2017-02-27 15:09:29','高级程序设计语言',108,6),(1344,2,'12',3,4,'吴桂芹','2017-02-27 15:10:00','高级程序设计语言',108,6),(1345,2,'12',7,4,'吴桂芹','2017-02-27 15:10:43','高级程序设计语言',108,6),(1348,2,'12',11,4,'吴桂芹','2017-02-27 15:12:00','高级程序设计语言',108,6),(1352,2,'12',16,2,'吴桂芹','2017-02-27 15:14:17','高级程序设计语言',108,6),(1355,2,'34',2,2,'申玲','2017-02-28 10:11:08','会计电算化A',142,6),(1356,2,'12',2,5,'申玲','2017-02-28 10:11:37','会计电算化A',142,6),(1357,2,'56',2,4,'申玲','2017-02-28 10:11:58','会计电算化A',142,6),(1358,2,'78',2,4,'申玲','2017-02-28 10:12:06','会计电算化A',142,6),(1359,2,'34',3,2,'申玲','2017-02-28 10:15:07','会计电算化A',142,6),(1360,2,'56',3,4,'申玲','2017-02-28 10:15:17','会计电算化A',142,6),(1361,2,'78',3,4,'申玲','2017-02-28 10:15:23','会计电算化A',142,6),(1362,2,'12',3,5,'申玲','2017-02-28 10:15:31','会计电算化A',142,6),(1363,2,'34',4,2,'申玲','2017-02-28 10:15:50','会计电算化A',142,6),(1364,2,'56',4,4,'申玲','2017-02-28 10:15:57','会计电算化A',142,6),(1365,2,'78',4,4,'申玲','2017-02-28 10:16:04','会计电算化A',142,6),(1366,2,'12',4,5,'申玲','2017-02-28 10:16:10','会计电算化A',142,6),(1367,2,'34',5,2,'申玲','2017-02-28 10:16:21','会计电算化A',142,6),(1368,2,'56',5,4,'申玲','2017-02-28 10:16:28','会计电算化A',142,6),(1369,2,'78',5,4,'申玲','2017-02-28 10:16:40','会计电算化A',142,6),(1370,2,'12',5,5,'申玲','2017-02-28 10:16:47','会计电算化A',142,6),(1371,2,'34',6,2,'申玲','2017-02-28 10:17:09','会计电算化A',142,6),(1372,2,'56',6,4,'申玲','2017-02-28 10:17:16','会计电算化A',142,6),(1373,2,'78',6,4,'申玲','2017-02-28 10:17:23','会计电算化A',142,6),(1374,2,'12',6,5,'申玲','2017-02-28 10:17:29','会计电算化A',142,6),(1375,2,'56',7,4,'申玲','2017-02-28 10:22:16','会计电算化A',142,6),(1376,2,'78',7,4,'申玲','2017-02-28 10:22:23','会计电算化A',142,6),(1377,2,'12',7,5,'申玲','2017-02-28 10:22:29','会计电算化A',142,6),(1384,2,'56',7,3,'申玲','2017-02-28 10:24:03','会计电算化A',142,6),(1385,2,'78',7,3,'申玲','2017-02-28 10:24:07','会计电算化A',142,6),(1386,2,'12',2,4,'申玲','2017-02-28 10:35:03','会计电算化A',142,6),(1387,2,'34',2,4,'申玲','2017-02-28 10:35:16','会计电算化A',142,6),(1390,2,'12',3,1,'申玲','2017-02-28 10:37:45','会计电算化A',142,6),(1391,2,'34',3,1,'申玲','2017-02-28 10:37:50','会计电算化A',142,6),(1392,2,'12',4,1,'申玲','2017-02-28 10:38:07','会计电算化A',142,6),(1393,2,'34',4,1,'申玲','2017-02-28 10:38:11','会计电算化A',142,6),(1394,2,'12',5,1,'申玲','2017-02-28 10:38:46','会计电算化A',142,6),(1395,2,'34',5,1,'申玲','2017-02-28 10:38:51','会计电算化A',142,6),(1396,2,'12',6,1,'申玲','2017-02-28 10:39:05','会计电算化A',142,6),(1397,2,'34',6,1,'申玲','2017-02-28 10:39:10','会计电算化A',142,6),(1398,2,'12',7,1,'申玲','2017-02-28 10:40:03','会计电算化A',142,6),(1399,2,'34',7,1,'申玲','2017-02-28 10:40:08','会计电算化A',142,6),(1401,3,'12',7,2,'苟欢迎','2017-02-28 13:39:24','国家公务员管理B',142,6),(1402,3,'34',7,4,'苟欢迎','2017-02-28 13:39:47','国家公务员管理B',142,6),(1403,3,'12',8,2,'苟欢迎','2017-02-28 13:40:00','国家公务员管理B',142,6),(1404,3,'34',8,4,'苟欢迎','2017-02-28 13:40:09','国家公务员管理B',142,6),(1411,1,'12',16,3,'陈立军','2017-03-01 08:56:22','数据库原理',106,6),(1412,1,'34',16,3,'陈立军','2017-03-01 08:56:27','数据库原理',106,6),(1413,1,'12',16,5,'陈立军','2017-03-01 08:57:02','数据库原理',106,6),(1414,2,'56',4,3,'曾涛','2017-03-01 10:02:35','计量经济学',142,6),(1415,3,'78',4,3,'曾涛','2017-03-01 10:02:59','计量经济学',142,6),(1416,2,'56',6,3,'曾涛','2017-03-01 10:03:57','计量经济学',142,6),(1417,3,'78',6,3,'曾涛','2017-03-01 10:04:16','计量经济学',142,6),(1418,2,'56',9,3,'曾涛','2017-03-01 10:05:42','计量经济学',142,6),(1419,2,'78',9,3,'曾涛','2017-03-01 10:05:56','计量经济学',142,6),(1420,2,'56',10,3,'曾涛','2017-03-01 10:06:47','计量经济学',142,6),(1421,2,'78',10,3,'曾涛','2017-03-01 10:06:56','计量经济学',142,6),(1432,1,'56',17,2,'杨晓燕','2017-03-07 10:34:43','电商A,信管1151-2',133,6),(1433,1,'78',17,2,'杨晓燕','2017-03-07 10:35:07','电商A,信管151-2',133,6),(1434,1,'56',18,2,'杨晓燕','2017-03-07 10:36:09','电商A,信管151-2',133,6),(1435,1,'78',18,2,'杨晓燕','2017-03-07 10:36:16','电商A,信管151-2',133,6),(1436,1,'56',19,2,'杨晓燕','2017-03-07 10:37:22','电商A,信管151-2',133,6),(1437,1,'78',19,2,'杨晓燕','2017-03-07 10:37:27','电商A,信管151-2',133,6),(1440,2,'56',3,1,'杨晓燕','2017-03-07 10:57:20','毕业实习模拟',133,6),(1441,2,'78',3,1,'杨晓燕','2017-03-07 10:57:31','毕业实习模拟',133,6),(1442,2,'12',3,3,'杨晓燕','2017-03-07 10:57:42','毕业实习模拟',133,6),(1443,2,'34',3,3,'杨晓燕','2017-03-07 10:57:48','毕业实习模拟',133,6),(1444,2,'56',3,3,'杨晓燕','2017-03-07 10:57:59','毕业实习模拟',133,6),(1445,2,'56',3,5,'杨晓燕','2017-03-07 10:58:14','毕业实习模拟',133,6),(1446,2,'78',3,5,'杨晓燕','2017-03-07 10:58:20','毕业实习模拟',133,6),(1447,2,'56',4,1,'杨晓燕','2017-03-07 10:58:29','毕业实习模拟',133,6),(1448,2,'78',4,1,'杨晓燕','2017-03-07 10:58:33','毕业实习模拟',133,6),(1449,2,'12',4,3,'杨晓燕','2017-03-07 10:58:39','毕业实习模拟',133,6),(1450,2,'34',4,3,'杨晓燕','2017-03-07 10:58:43','毕业实习模拟',133,6),(1451,2,'56',4,5,'杨晓燕','2017-03-07 10:58:53','毕业实习模拟',133,6),(1452,2,'78',4,5,'杨晓燕','2017-03-07 10:59:05','毕业实习模拟',133,6),(1453,2,'34',4,5,'杨晓燕','2017-03-07 10:59:52','毕业实习模拟',133,6),(1454,1,'56',17,4,'雷霞','2017-03-07 11:25:59','电商B,国贸',133,6),(1456,1,'78',18,4,'雷霞','2017-03-07 11:26:48','电商B,国贸',133,6),(1459,2,'12',15,1,'张丽丽','2017-03-07 11:37:34','会计模拟实习',133,6),(1460,2,'12',15,2,'张丽丽','2017-03-07 11:38:09','会计模拟实习',133,6),(1461,2,'12',15,3,'张丽丽','2017-03-07 11:38:12','会计模拟实习',133,6),(1462,2,'12',15,4,'张丽丽','2017-03-07 11:38:32','会计模拟实习',133,6),(1463,2,'12',15,5,'张丽丽','2017-03-07 11:38:38','会计模拟实习',133,6),(1464,2,'34',15,1,'张丽丽','2017-03-07 11:38:46','会计模拟实习',133,6),(1465,2,'34',15,2,'张丽丽','2017-03-07 11:38:51','会计模拟实习',133,6),(1466,2,'34',15,3,'张丽丽','2017-03-07 11:38:56','会计模拟实习',133,6),(1467,2,'34',15,4,'张丽丽','2017-03-07 11:39:00','会计模拟实习',133,6),(1468,2,'34',15,5,'张丽丽','2017-03-07 11:39:05','会计模拟实习',133,6),(1469,2,'12',16,1,'张丽丽','2017-03-07 11:39:22','会计模拟实习',133,6),(1470,2,'34',16,1,'张丽丽','2017-03-07 11:39:27','会计模拟实习',133,6),(1472,2,'78',16,2,'张丽丽','2017-03-07 11:39:49','会计模拟实习',133,6),(1474,2,'12',16,3,'张丽丽','2017-03-07 11:40:05','会计模拟实习',133,6),(1475,2,'34',16,3,'张丽丽','2017-03-07 11:40:11','会计模拟实习',133,6),(1476,2,'12',16,4,'张丽丽','2017-03-07 11:40:16','会计模拟实习',133,6),(1477,1,'56',17,3,'丁冬','2017-03-07 11:40:20','电商B',142,6),(1478,2,'34',16,4,'张丽丽','2017-03-07 11:40:21','会计模拟实习',133,6),(1479,2,'12',16,5,'张丽丽','2017-03-07 11:40:27','会计模拟实习',133,6),(1480,2,'34',16,5,'张丽丽','2017-03-07 11:40:32','会计模拟实习',133,6),(1485,2,'56',16,2,'张丽丽','2017-03-07 11:41:57','会计模拟实习',133,6),(1487,7,'56',3,1,'郑煜','2017-03-10 10:46:48','人因工程',102,6),(1488,2,'34',13,3,'刘世铎','2017-03-10 12:30:12','商业银行经营管理',153,6),(1491,7,'56',4,1,'郑煜','2017-03-10 13:23:01','人因工程',102,6),(1492,7,'78',4,1,'郑煜','2017-03-10 13:23:20','人因工程',102,6),(1493,7,'56',5,1,'郑煜','2017-03-10 13:23:43','人因工程',102,6),(1494,7,'56',6,1,'郑煜','2017-03-10 13:24:05','人因工程',102,6),(1495,7,'56',7,1,'郑煜','2017-03-10 13:24:19','人因工程',102,6),(1496,2,'78',4,2,'吴桂芹','2017-03-16 14:29:53','c  程序设计',108,6),(1497,3,'56',7,3,'曾涛','2017-04-01 10:10:18','计量经济学',142,6),(1498,3,'78',7,3,'曾涛','2017-04-01 10:10:33','计量经济学',142,6),(1503,1,'78',7,3,'和征','2017-04-01 11:10:15','ERP',1,6),(1504,2,'78',8,3,'和征','2017-04-01 11:10:28','ERP',1,6),(1505,1,'78',9,3,'和征','2017-04-01 11:10:45','ERP',1,6),(1506,1,'78',10,3,'和征','2017-04-01 11:10:50','ERP',1,6),(1507,2,'78',11,3,'和征','2017-04-01 11:11:09','ERP',1,6),(1509,1,'56',6,4,'和征','2017-04-01 11:11:42','ERP',1,6),(1510,1,'78',6,4,'和征','2017-04-01 11:11:45','ERP',1,6),(1511,1,'56',7,4,'和征','2017-04-01 11:11:56','ERP',1,6),(1512,1,'78',7,4,'和征','2017-04-01 11:11:58','ERP',1,6),(1513,2,'56',7,2,'吴桂芹','2017-04-05 22:41:02','c 程序设计',108,6),(1514,2,'78',7,2,'吴桂芹','2017-04-06 17:10:32','高级程序设计语言',108,6),(1518,3,'34',3,5,'白晓波','2017-04-10 09:30:10','Java语言程序设计',157,6),(1519,3,'34',3,4,'白晓波','2017-04-10 09:30:24','Java语言程序设计',157,6),(1520,3,'56',3,4,'白晓波','2017-04-10 09:31:36','企业级程序开发',157,6),(1521,3,'78',3,4,'白晓波','2017-04-10 09:31:41','企业级程序开发',157,6),(1523,3,'56',4,5,'白晓波','2017-04-10 09:32:11','Java语言程序设计',157,6),(1524,3,'78',4,5,'白晓波','2017-04-10 09:32:15','Java语言程序设计',157,6),(1525,3,'56',5,5,'白晓波','2017-04-10 09:32:42','Java语言程序设计',157,6),(1526,3,'78',5,5,'白晓波','2017-04-10 09:32:49','Java语言程序设计',157,6),(1527,3,'56',6,5,'白晓波','2017-04-10 09:34:01','Java语言程序设计',157,6),(1528,3,'78',6,5,'白晓波','2017-04-10 09:34:06','Java语言程序设计',157,6),(1529,3,'78',5,4,'白晓波','2017-04-10 09:34:37','企业级程序开发',157,6),(1530,3,'56',5,4,'白晓波','2017-04-10 09:34:40','企业级程序开发',157,6),(1531,3,'56',7,4,'白晓波','2017-04-10 09:34:50','企业级程序开发',157,6),(1532,3,'78',7,4,'白晓波','2017-04-10 09:34:53','企业级程序开发',157,6),(1533,3,'56',7,5,'白晓波','2017-04-10 09:35:04','Java语言程序设计',157,6),(1534,3,'78',7,5,'白晓波','2017-04-10 09:35:08','Java语言程序设计',157,6),(1535,3,'56',8,5,'白晓波','2017-04-10 09:35:23','Java语言程序设计',157,6),(1536,3,'78',8,5,'白晓波','2017-04-10 09:35:27','Java语言程序设计',157,6),(1537,3,'56',9,5,'白晓波','2017-04-10 09:35:40','Java语言程序设计',157,6),(1538,3,'78',9,5,'白晓波','2017-04-10 09:35:45','Java语言程序设计',157,6),(1539,3,'56',9,4,'白晓波','2017-04-10 09:36:12','企业级程序开发',157,6),(1540,3,'78',9,4,'白晓波','2017-04-10 09:36:13','企业级程序开发',157,6),(1541,2,'12',8,1,'申玲','2017-04-11 10:30:03','会计电算化A',2,6),(1542,2,'34',8,1,'申玲','2017-04-11 10:30:07','会计电算化A',2,6),(1543,2,'78',9,1,'许益锋','2017-04-12 10:09:03','“学创杯”比赛',142,6),(1544,2,'911',9,1,'许益锋','2017-04-12 10:09:25','“学创杯”比赛',142,6),(1545,2,'34',9,2,'吴桂芹','2017-04-24 11:47:04','高级程序设计语言',108,6),(1546,2,'12',10,4,'吴桂芹','2017-04-26 15:37:35','高级程序设计语言',108,6),(1548,2,'78',12,3,'和征','2017-05-11 12:05:40','ERP',2,6),(1549,1,'78',12,3,'刘瑞霞','2017-05-11 12:07:08','生产运作',2,6),(1550,2,'56',13,3,'和征','2017-05-11 12:07:43','ERP',2,6),(1551,2,'78',13,3,'和征','2017-05-11 12:07:53','ERP',2,6),(1554,1,'56',13,3,'刘瑞霞','2017-05-11 14:19:37','生产运作',2,6),(1556,1,'78',13,3,'刘瑞霞','2017-05-11 14:20:18','生产运作',2,6),(1557,1,'56',14,3,'刘瑞霞','2017-05-11 14:21:01','生产运作',2,6),(1558,1,'78',14,3,'刘瑞霞','2017-05-11 14:21:11','生产运作',2,6),(1559,2,'56',14,3,'和征','2017-05-11 14:21:23','ERP',2,6),(1560,2,'78',14,3,'和征','2017-05-11 14:21:37','ERP',2,6),(1561,1,'56',15,3,'刘瑞霞','2017-05-11 14:28:09','生产运作',2,6),(1562,1,'78',15,3,'刘瑞霞','2017-05-11 14:28:21','生产运作',2,6),(1563,1,'56',12,3,'刘瑞霞','2017-05-11 14:29:18','生产运作',2,6),(1564,2,'56',13,5,'刘世铎','2017-05-15 15:07:03','商业银行经营管理',2,6),(1565,2,'78',13,5,'刘世铎','2017-05-15 15:07:07','商业银行经营管理',2,6),(1566,2,'12',13,4,'吴桂芹','2017-05-17 09:17:30','高级程序设计语言',108,6),(1567,2,'12',14,2,'吴桂芹','2017-05-24 10:13:14','高级程序设计语言',108,6),(1568,3,'56',15,1,'张丽丽','2017-05-31 14:43:20','会计模拟实习',133,6),(1569,3,'78',15,1,'张丽丽','2017-05-31 14:43:27','会计模拟实习',133,6),(1570,3,'56',15,2,'张丽丽','2017-05-31 14:43:39','会计模拟实习',133,6),(1571,3,'78',15,2,'张丽丽','2017-05-31 14:43:44','会计模拟实习',133,6),(1572,3,'56',15,3,'张丽丽','2017-05-31 14:43:59','会计模拟实习',133,6),(1573,3,'78',15,3,'张丽丽','2017-05-31 14:44:08','会计模拟实习',133,6),(1574,3,'56',15,4,'张丽丽','2017-05-31 14:44:22','会计模拟实习',133,6),(1575,3,'78',15,4,'张丽丽','2017-05-31 14:44:28','会计模拟实习',133,6),(1576,3,'56',15,5,'张丽丽','2017-05-31 14:44:35','会计模拟实习',133,6),(1577,3,'78',15,5,'张丽丽','2017-05-31 14:45:40','会计模拟实习',133,6),(1578,3,'56',16,1,'张丽丽','2017-05-31 14:46:14','会计模拟实习',133,6),(1579,3,'78',16,1,'张丽丽','2017-05-31 14:46:20','会计模拟实习',133,6),(1580,3,'12',16,2,'张丽丽','2017-05-31 14:46:29','会计模拟实习',133,6),(1581,3,'34',16,2,'张丽丽','2017-05-31 14:46:43','会计模拟实习',133,6),(1582,3,'56',16,3,'张丽丽','2017-05-31 14:47:02','会计模拟实习',133,6),(1583,3,'78',16,3,'张丽丽','2017-05-31 14:47:09','会计模拟实习',133,6),(1584,2,'34',16,2,'周镭','2017-06-02 12:52:59','网络营销',142,6),(1585,1,'34',16,5,'陈立军','2017-06-08 10:35:20','数据库原理',106,6),(1586,1,'12',17,3,'陈立军','2017-06-08 10:35:36','数据库原理',106,6),(1587,1,'34',17,3,'陈立军','2017-06-08 10:35:44','数据库原理',106,6),(1588,1,'12',17,5,'陈立军','2017-06-08 10:35:51','数据库原理',106,6),(1589,1,'34',17,5,'陈立军','2017-06-08 10:35:56','数据库原理',106,6),(1590,1,'34',17,1,'丁冬','2017-06-12 16:10:48','电商B',133,6),(1591,1,'12',17,1,'丁冬','2017-06-12 16:10:53','电商B',133,6),(1592,1,'78',17,3,'丁冬','2017-06-12 16:24:31','电商B',133,6),(1593,1,'12',17,2,'丁冬','2017-06-12 16:25:18','电商B',133,6),(1594,2,'34',17,2,'周镭','2017-06-13 10:30:14','网络营销',142,6),(1595,2,'34',18,2,'周镭','2017-06-13 10:30:30','网络营销',142,6),(1596,2,'12',17,1,'和征','2017-06-16 10:22:11','ERP模拟实践',1,6),(1597,2,'34',17,1,'和征','2017-06-16 10:22:13','ERP模拟实践',1,6),(1598,2,'56',17,1,'和征','2017-06-16 10:22:14','ERP模拟实践',1,6),(1599,2,'78',17,1,'和征','2017-06-16 10:22:16','ERP模拟实践',1,6),(1600,2,'78',17,3,'和征','2017-06-16 10:22:17','ERP模拟实践',1,6),(1601,2,'56',17,3,'和征','2017-06-16 10:22:18','ERP模拟实践',1,6),(1602,2,'34',17,3,'和征','2017-06-16 10:22:19','ERP模拟实践',1,6),(1603,2,'12',17,3,'和征','2017-06-16 10:22:20','ERP模拟实践',1,6),(1604,2,'78',17,5,'和征','2017-06-16 10:22:34','ERP模拟实践',1,6),(1605,2,'56',17,5,'和征','2017-06-16 10:22:35','ERP模拟实践',1,6),(1606,2,'78',18,3,'和征','2017-06-16 10:23:38','ERP模拟实践',1,6),(1607,2,'56',18,3,'和征','2017-06-16 10:23:39','ERP模拟实践',1,6),(1608,2,'34',18,3,'和征','2017-06-16 10:23:40','ERP模拟实践',1,6),(1609,2,'12',18,3,'和征','2017-06-16 10:23:41','ERP模拟实践',1,6),(1610,1,'12',18,1,'和征','2017-06-16 10:23:43','ERP模拟实践',1,6),(1611,1,'34',18,1,'和征','2017-06-16 10:23:43','ERP模拟实践',1,6),(1612,2,'56',18,1,'和征','2017-06-16 10:23:45','ERP模拟实践',1,6),(1613,1,'78',18,1,'和征','2017-06-16 10:23:46','ERP模拟实践',1,6),(1614,2,'34',18,5,'和征','2017-06-16 10:23:54','ERP模拟实践',1,6),(1615,2,'12',18,5,'和征','2017-06-16 10:23:55','ERP模拟实践',1,6),(1616,2,'78',17,4,'雷霞','2017-06-16 13:14:09','电商B,国贸',133,6),(1617,2,'12',17,2,'吴桂芹','2017-06-16 13:15:21','高级程序设计语言',133,6),(1618,1,'56',18,4,'雷霞','2017-06-16 13:18:06','电商B,国贸',133,6),(1619,1,'56',19,4,'雷霞','2017-06-16 13:22:29','电商B,国贸',133,6),(1620,2,'56',18,2,'周镭','2017-06-22 10:55:09','市场调查与预测',142,6),(1621,2,'78',18,2,'周镭','2017-06-22 10:55:21','市场调查与预测',142,6),(1622,2,'56',18,4,'吴桂芹','2017-06-22 15:22:09','高级程序设计语言',108,6),(1623,2,'78',18,4,'吴桂芹','2017-06-22 15:25:56','高级程序设计语言',108,6),(1624,2,'56',19,1,'许益锋','2017-06-26 11:43:17','企业经营模拟',2,6),(1625,2,'78',19,1,'许益锋','2017-06-26 11:43:23','企业经营模拟',2,6),(1626,2,'12',19,2,'许益锋','2017-06-26 11:43:29','企业经营模拟',2,6),(1627,2,'34',19,2,'许益锋','2017-06-26 11:43:34','企业经营模拟',2,6),(1628,2,'56',19,3,'许益锋','2017-06-26 11:43:39','企业经营模拟',2,6),(1629,2,'78',19,3,'许益锋','2017-06-26 11:43:42','企业经营模拟',2,6),(1630,2,'12',19,4,'许益锋','2017-06-26 11:43:46','企业经营模拟',2,6),(1631,2,'34',19,4,'许益锋','2017-06-26 11:43:51','企业经营模拟',2,6),(1634,2,'12',20,1,'许益锋','2017-06-26 11:44:16','企业经营模拟',2,6),(1635,2,'34',20,1,'许益锋','2017-06-26 11:44:18','企业经营模拟',2,6),(1638,2,'12',20,3,'许益锋','2017-06-26 11:44:25','企业经营模拟',2,6),(1639,2,'34',20,3,'许益锋','2017-06-26 11:44:27','企业经营模拟',2,6),(1640,2,'12',20,4,'许益锋','2017-06-26 11:44:29','企业经营模拟',2,6),(1641,2,'34',20,4,'许益锋','2017-06-26 11:44:32','企业经营模拟',2,6),(1642,2,'12',20,5,'许益锋','2017-06-26 11:44:34','企业经营模拟',2,6),(1643,2,'34',20,5,'许益锋','2017-06-26 11:44:36','企业经营模拟',2,6),(1644,2,'56',19,5,'许益锋','2017-06-28 16:44:18','企业经营模拟',2,6),(1645,2,'78',19,5,'许益锋','2017-06-28 16:44:23','企业经营模拟',2,6),(1646,2,'56',20,2,'许益锋','2017-06-28 16:44:36','企业经营模拟',2,6),(1647,2,'78',20,2,'许益锋','2017-06-28 16:44:40','企业经营模拟',2,6),(1648,1,'12',20,1,'王渊','2017-07-04 09:30:52','Delphi',2,6),(1649,1,'34',20,1,'王渊','2017-07-04 09:30:58','Delphi',2,6),(1650,1,'56',20,1,'王渊','2017-07-04 09:31:01','Delphi',2,6),(1651,1,'78',20,1,'王渊','2017-07-04 09:31:04','Delphi',2,6),(1652,1,'12',20,2,'王渊','2017-07-04 09:31:14','Delphi',2,6),(1653,1,'34',20,2,'王渊','2017-07-04 09:31:17','Delphi',2,6),(1654,1,'56',20,2,'王渊','2017-07-04 09:31:19','Delphi',2,6),(1655,1,'12',20,3,'王渊','2017-07-04 09:31:26','Delphi',2,6),(1656,1,'34',20,3,'王渊','2017-07-04 09:31:36','Delphi',2,6),(1657,1,'56',20,3,'王渊','2017-07-04 09:31:39','Delphi',2,6),(1658,1,'12',20,4,'王渊','2017-07-04 09:31:42','Delphi',2,6),(1659,1,'34',20,4,'王渊','2017-07-04 09:31:44','Delphi',2,6),(1660,1,'56',20,4,'王渊','2017-07-04 09:31:47','Delphi',2,6),(1661,1,'12',20,5,'王渊','2017-07-04 09:31:49','Delphi',2,6),(1662,1,'34',20,5,'王渊','2017-07-04 09:31:52','Delphi',2,6),(1663,1,'56',20,5,'王渊','2017-07-04 09:31:54','Delphi',2,6),(1664,2,'12',1,1,'许益锋','2017-08-26 11:21:38','企业经营模拟',1,7),(1665,2,'34',1,1,'许益锋','2017-08-26 11:21:52','企业经营模拟',1,7),(1666,2,'12',1,2,'许益锋','2017-08-26 11:22:01','企业经营模拟',1,7),(1667,2,'34',1,2,'许益锋','2017-08-26 11:22:09','企业经营模拟',1,7),(1668,2,'12',1,3,'许益锋','2017-08-26 11:22:14','企业经营模拟',1,7),(1669,2,'34',1,3,'许益锋','2017-08-26 11:22:19','企业经营模拟',1,7),(1670,2,'12',1,4,'许益锋','2017-08-26 11:22:24','企业经营模拟',1,7),(1671,2,'12',1,5,'许益锋','2017-08-26 11:22:31','企业经营模拟',1,7),(1672,2,'34',1,5,'许益锋','2017-08-26 11:22:38','企业经营模拟',1,7),(1673,3,'34',1,4,'许益锋','2017-08-26 11:22:47','企业经营模拟',1,7),(1674,2,'34',1,4,'申玲','2017-08-26 11:22:51','会计电算化',1,7),(1675,2,'34',2,1,'申玲','2017-08-26 11:23:23','会计电算化',1,7),(1678,2,'34',2,4,'申玲','2017-08-26 11:24:04','会计电算化',1,7),(1679,2,'12',2,1,'许益锋','2017-08-26 11:24:23','企业经营模拟',1,7),(1680,3,'34',2,1,'许益锋','2017-08-26 11:24:36','企业经营模拟',1,7),(1681,2,'12',2,2,'许益锋','2017-08-26 11:24:43','企业经营模拟',1,7),(1682,2,'34',2,2,'许益锋','2017-08-26 11:24:50','企业经营模拟',1,7),(1685,2,'12',2,4,'许益锋','2017-08-26 11:25:08','企业经营模拟',1,7),(1686,3,'34',2,4,'许益锋','2017-08-26 11:25:15','企业经营模拟',1,7),(1687,2,'12',2,5,'许益锋','2017-08-26 11:25:22','企业经营模拟',1,7),(1688,2,'34',2,5,'许益锋','2017-08-26 11:25:27','企业经营模拟',1,7),(1689,2,'34',3,1,'申玲','2017-08-26 11:26:17','会计电算化',1,7),(1690,2,'56',3,3,'申玲','2017-08-26 11:26:37','会计电算化',1,7),(1691,2,'78',3,3,'申玲','2017-08-26 11:26:45','会计电算化',1,7),(1692,2,'56',4,3,'申玲','2017-08-26 11:27:06','会计电算化',1,7),(1693,2,'78',4,3,'申玲','2017-08-26 11:27:12','会计电算化',1,7),(1694,2,'56',5,3,'申玲','2017-08-26 11:27:32','会计电算化',1,7),(1695,2,'78',5,3,'申玲','2017-08-26 11:27:40','会计电算化',1,7),(1696,2,'56',9,1,'申玲','2017-08-26 11:28:20','会计电算化',1,7),(1697,2,'12',9,4,'申玲','2017-08-26 11:28:31','会计电算化',1,7),(1700,2,'56',12,2,'许益锋','2017-08-26 11:32:06','企业经营模拟',1,7),(1701,2,'78',12,2,'许益锋','2017-08-26 11:32:13','企业经营模拟',1,7),(1710,2,'56',13,2,'许益锋','2017-08-26 11:33:37','企业经营模拟',1,7),(1711,2,'78',13,2,'许益锋','2017-08-26 11:33:42','企业经营模拟',1,7),(1718,2,'12',19,1,'许益锋','2017-08-26 11:34:48','企业经营模拟',1,7),(1719,2,'34',19,1,'许益锋','2017-08-26 11:34:54','企业经营模拟',1,7),(1720,2,'12',19,2,'许益锋','2017-08-26 11:34:58','企业经营模拟',1,7),(1721,2,'34',19,2,'许益锋','2017-08-26 11:35:02','企业经营模拟',1,7),(1724,2,'12',19,4,'许益锋','2017-08-26 11:35:15','企业经营模拟',1,7),(1725,2,'34',19,4,'许益锋','2017-08-26 11:35:20','企业经营模拟',1,7),(1726,2,'12',19,5,'许益锋','2017-08-26 11:35:30','企业经营模拟',1,7),(1727,2,'34',19,5,'许益锋','2017-08-26 11:35:34','企业经营模拟',1,7),(1728,2,'12',20,1,'许益锋','2017-08-26 11:35:57','企业经营模拟',1,7),(1729,2,'34',20,1,'许益锋','2017-08-26 11:36:08','企业经营模拟',1,7),(1730,2,'12',20,2,'许益锋','2017-08-26 11:36:18','企业经营模拟',1,7),(1731,2,'34',20,2,'许益锋','2017-08-26 11:36:22','企业经营模拟',1,7),(1732,2,'12',20,3,'许益锋','2017-08-26 11:36:29','企业经营模拟',1,7),(1733,2,'34',20,3,'许益锋','2017-08-26 11:36:33','企业经营模拟',1,7),(1734,2,'12',20,4,'许益锋','2017-08-26 11:36:36','企业经营模拟',1,7),(1735,2,'34',20,4,'许益锋','2017-08-26 11:36:41','企业经营模拟',1,7),(1736,2,'12',20,5,'许益锋','2017-08-26 11:36:46','企业经营模拟',1,7),(1737,2,'34',20,5,'许益锋','2017-08-26 11:36:50','企业经营模拟',1,7),(1750,2,'12',4,5,'高民芳','2017-08-27 09:52:12','财务管理（A）',2,7),(1751,2,'34',8,1,'高民芳','2017-08-27 09:52:34','财务管理（A）',2,7),(1754,2,'78',13,1,'高民芳','2017-08-27 09:52:49','财务管理（A）',2,7),(1756,2,'34',4,1,'高民芳','2017-08-27 10:01:22','财务管理（A）',2,7),(1758,1,'78',1,1,'杨晓燕','2017-08-27 14:47:14','SAP系统应用实践',2,7),(1762,1,'12',1,4,'杨晓燕','2017-08-27 14:47:53','SAP系统应用实践',2,7),(1763,1,'34',1,4,'杨晓燕','2017-08-27 14:47:55','SAP系统应用实践',2,7),(1764,1,'12',1,5,'杨晓燕','2017-08-27 14:48:17','SAP系统应用实践',2,7),(1765,1,'34',1,5,'杨晓燕','2017-08-27 14:48:19','SAP系统应用实践',2,7),(1766,1,'12',2,1,'杨晓燕','2017-08-27 14:49:47','SAP系统应用实践',2,7),(1767,1,'34',2,1,'杨晓燕','2017-08-27 14:49:52','SAP系统应用实践',2,7),(1770,1,'12',2,2,'杨晓燕','2017-08-27 14:50:04','SAP系统应用实践',2,7),(1771,1,'34',2,2,'杨晓燕','2017-08-27 14:50:08','SAP系统应用实践',2,7),(1776,1,'12',2,5,'杨晓燕','2017-08-27 14:52:55','SAP系统应用实践',2,7),(1777,1,'34',2,5,'杨晓燕','2017-08-27 14:52:58','SAP系统应用实践',2,7),(1778,1,'56',2,3,'杨晓燕','2017-08-27 14:53:36','SAP系统应用实践',2,7),(1779,1,'78',2,3,'杨晓燕','2017-08-27 14:53:39','SAP系统应用实践',2,7),(1780,1,'56',2,5,'杨晓燕','2017-08-27 14:58:49','SAP系统应用实践',2,7),(1781,1,'78',2,5,'杨晓燕','2017-08-27 14:58:51','SAP系统应用实践',2,7),(1782,1,'12',5,1,'白晓波','2017-08-27 15:02:49','Web应用开发实践',1,7),(1783,1,'12',5,5,'白晓波','2017-08-27 15:03:02','Web应用开发实践',1,7),(1784,1,'12',5,4,'白晓波','2017-08-27 15:03:04','Web应用开发实践',1,7),(1785,1,'12',5,3,'白晓波','2017-08-27 15:03:06','Web应用开发实践',1,7),(1786,1,'12',5,2,'白晓波','2017-08-27 15:03:08','Web应用开发实践',1,7),(1787,1,'12',6,5,'白晓波','2017-08-27 15:03:25','Web应用开发实践',1,7),(1788,1,'12',6,4,'白晓波','2017-08-27 15:03:26','Web应用开发实践',1,7),(1789,1,'12',6,3,'白晓波','2017-08-27 15:03:28','Web应用开发实践',1,7),(1790,1,'12',6,2,'白晓波','2017-08-27 15:03:29','Web应用开发实践',1,7),(1791,1,'12',6,1,'白晓波','2017-08-27 15:03:30','Web应用开发实践',1,7),(1792,1,'34',6,5,'白晓波','2017-08-27 15:03:41','Web应用开发实践',1,7),(1793,1,'34',6,4,'白晓波','2017-08-27 15:03:42','Web应用开发实践',1,7),(1794,1,'34',6,3,'白晓波','2017-08-27 15:03:43','Web应用开发实践',1,7),(1795,1,'34',6,2,'白晓波','2017-08-27 15:03:43','Web应用开发实践',1,7),(1796,1,'34',6,1,'白晓波','2017-08-27 15:03:44','Web应用开发实践',1,7),(1797,1,'34',5,5,'白晓波','2017-08-27 15:03:52','Web应用开发实践',1,7),(1798,1,'34',5,4,'白晓波','2017-08-27 15:03:53','Web应用开发实践',1,7),(1799,1,'34',5,3,'白晓波','2017-08-27 15:03:53','Web应用开发实践',1,7),(1800,1,'34',5,2,'白晓波','2017-08-27 15:03:54','Web应用开发实践',1,7),(1801,1,'34',5,1,'白晓波','2017-08-27 15:03:55','Web应用开发实践',1,7),(1802,1,'56',13,1,'杨晓燕','2017-08-27 15:09:25','ERP',2,7),(1803,1,'12',13,1,'杨晓燕','2017-08-27 15:09:29','ERP',2,7),(1816,3,'56',1,2,'和征','2017-08-28 10:32:23','Web程序设计',1,7),(1817,3,'78',1,2,'和征','2017-08-28 10:32:26','Web程序设计',1,7),(1818,3,'56',2,2,'和征','2017-08-28 10:32:46','Web程序设计',1,7),(1819,3,'78',2,2,'和征','2017-08-28 10:32:49','Web程序设计',1,7),(1820,3,'56',3,2,'和征','2017-08-28 10:32:57','Web程序设计',1,7),(1821,3,'78',3,2,'和征','2017-08-28 10:33:00','Web程序设计',1,7),(1822,3,'56',4,2,'和征','2017-08-28 10:33:09','Web程序设计',1,7),(1823,3,'78',4,2,'和征','2017-08-28 10:33:12','Web程序设计',1,7),(1824,3,'56',5,2,'和征','2017-08-28 10:33:18','Web程序设计',1,7),(1825,3,'78',5,2,'和征','2017-08-28 10:33:22','Web程序设计',1,7),(1826,3,'56',6,2,'和征','2017-08-28 10:33:31','Web程序设计',1,7),(1827,3,'78',6,2,'和征','2017-08-28 10:33:35','Web程序设计',1,7),(1828,1,'12',2,3,'杨晓燕','2017-08-29 10:28:07','SAP系统应用实践',109,7),(1829,1,'34',2,3,'杨晓燕','2017-08-29 10:28:12','SAP系统应用实践',109,7),(1830,1,'12',1,3,'杨晓燕','2017-08-29 10:30:49','SAP系统应用实践',109,7),(1831,1,'34',1,3,'杨晓燕','2017-08-29 10:30:54','SAP系统应用实践',109,7),(1833,2,'34',4,3,'吴桂芹','2017-08-29 22:44:40','数据结构',108,7),(1834,2,'12',3,1,'吴桂芹','2017-08-29 22:44:57','VC',108,7),(1835,1,'34',3,1,'吴桂芹','2017-08-29 22:45:16','VC',108,7),(1836,2,'56',3,1,'吴桂芹','2017-08-29 22:45:21','VC',108,7),(1838,1,'56',3,3,'吴桂芹','2017-08-29 22:45:40','VC',108,7),(1839,1,'78',3,3,'吴桂芹','2017-08-29 22:45:51','VC',108,7),(1842,2,'12',4,1,'吴桂芹','2017-08-29 22:46:35','VC',108,7),(1843,1,'34',4,1,'吴桂芹','2017-08-29 22:46:40','VC',108,7),(1844,2,'56',4,1,'吴桂芹','2017-08-29 22:46:45','VC',108,7),(1845,2,'78',4,1,'吴桂芹','2017-08-29 22:46:49','VC',108,7),(1846,1,'56',4,3,'吴桂芹','2017-08-29 22:47:01','VC',108,7),(1847,1,'78',4,3,'吴桂芹','2017-08-29 22:47:08','VC',108,7),(1848,2,'56',4,5,'吴桂芹','2017-08-29 22:47:23','VC',108,7),(1849,2,'78',4,5,'吴桂芹','2017-08-29 22:47:28','VC',108,7),(1852,2,'34',5,3,'吴桂芹','2017-08-29 22:48:56','数据结构',108,7),(1853,2,'56',3,5,'吴桂芹','2017-08-30 20:43:51','VC',108,7),(1854,2,'78',3,5,'吴桂芹','2017-08-30 20:44:02','VC',108,7),(1857,2,'34',7,3,'吴桂芹','2017-08-30 21:01:40','数据结构',108,7),(1858,2,'34',6,3,'吴桂芹','2017-08-30 21:02:02','数据结构',108,7),(1859,2,'34',10,3,'吴桂芹','2017-08-30 21:03:05','数据结构',108,7),(1860,2,'34',11,3,'吴桂芹','2017-08-30 21:03:18','数据结构',108,7),(1861,2,'12',11,3,'吴桂芹','2017-08-30 21:03:25','数据结构',108,7),(1862,2,'12',8,2,'徐玲','2017-08-31 13:31:23','外贸模拟实验 3个班',113,7),(1863,2,'34',8,2,'徐玲','2017-08-31 13:31:30','外贸模拟实验 3个班',113,7),(1864,2,'56',8,2,'徐玲','2017-08-31 13:31:34','外贸模拟实验 3个班',113,7),(1865,2,'78',8,2,'徐玲','2017-08-31 13:31:38','外贸模拟实验 3个班',113,7),(1866,2,'12',8,3,'徐玲','2017-08-31 13:31:43','外贸模拟实验 3个班',113,7),(1867,2,'34',8,3,'徐玲','2017-08-31 13:31:47','外贸模拟实验 3个班',113,7),(1868,2,'12',8,4,'徐玲','2017-08-31 13:31:50','外贸模拟实验 3个班',113,7),(1869,2,'34',8,4,'徐玲','2017-08-31 13:31:55','外贸模拟实验 3个班',113,7),(1870,2,'12',8,5,'徐玲','2017-08-31 13:31:59','外贸模拟实验 3个班',113,7),(1871,2,'34',8,5,'徐玲','2017-08-31 13:32:03','外贸模拟实验 3个班',113,7),(1872,2,'12',3,2,'徐玲','2017-08-31 13:32:24','外贸模拟实验 3个班',113,7),(1873,2,'34',3,2,'徐玲','2017-08-31 13:32:30','外贸模拟实验 3个班',113,7),(1874,2,'56',3,2,'徐玲','2017-08-31 13:33:03','外贸模拟实验 3个班',113,7),(1875,2,'78',3,2,'徐玲','2017-08-31 13:33:08','外贸模拟实验 3个班',113,7),(1876,2,'56',3,4,'徐玲','2017-08-31 13:33:19','外贸模拟实验 3个班',113,7),(1877,2,'78',3,4,'徐玲','2017-08-31 13:33:25','外贸模拟实验 3个班',113,7),(1878,2,'12',3,5,'徐玲','2017-08-31 13:33:31','外贸模拟实验 3个班',113,7),(1879,2,'34',3,5,'徐玲','2017-08-31 13:33:36','外贸模拟实验 3个班',113,7),(1880,2,'12',4,2,'徐玲','2017-08-31 13:33:53','外贸模拟实验 3个班',113,7),(1881,2,'34',4,2,'徐玲','2017-08-31 13:34:08','外贸模拟实验 3个班',113,7),(1882,2,'56',4,4,'徐玲','2017-08-31 13:34:28','外贸模拟实验 3个班',113,7),(1883,2,'78',4,4,'徐玲','2017-08-31 13:34:33','外贸模拟实验 3个班',113,7),(1886,2,'12',5,1,'徐玲','2017-08-31 13:35:31','外贸模拟实验 3个班',113,7),(1887,2,'34',5,1,'徐玲','2017-08-31 13:35:37','外贸模拟实验 3个班',113,7),(1890,2,'12',5,2,'徐玲','2017-08-31 13:35:52','外贸模拟实验 3个班',113,7),(1891,2,'34',5,2,'徐玲','2017-08-31 13:35:57','外贸模拟实验 3个班',113,7),(1892,2,'56',5,2,'徐玲','2017-08-31 13:36:01','外贸模拟实验 3个班',113,7),(1893,2,'78',5,2,'徐玲','2017-08-31 13:36:06','外贸模拟实验 3个班',113,7),(1894,2,'12',5,4,'徐玲','2017-08-31 13:36:18','外贸模拟实验 3个班',113,7),(1895,2,'34',5,4,'徐玲','2017-08-31 13:36:23','外贸模拟实验 3个班',113,7),(1896,2,'56',5,4,'徐玲','2017-08-31 13:36:27','外贸模拟实验 3个班',113,7),(1897,2,'78',5,4,'徐玲','2017-08-31 13:36:32','外贸模拟实验 3个班',113,7),(1898,2,'12',5,5,'徐玲','2017-08-31 13:36:46','外贸模拟实验 3个班',113,7),(1899,2,'34',5,5,'徐玲','2017-08-31 13:36:50','外贸模拟实验 3个班',113,7),(1900,2,'12',6,1,'徐玲','2017-08-31 13:37:04','外贸模拟实验 3个班',113,7),(1901,2,'34',6,1,'徐玲','2017-08-31 13:37:09','外贸模拟实验 3个班',113,7),(1902,2,'12',6,2,'徐玲','2017-08-31 13:37:15','外贸模拟实验 3个班',113,7),(1903,2,'34',6,2,'徐玲','2017-08-31 13:37:19','外贸模拟实验 3个班',113,7),(1905,2,'12',6,4,'徐玲','2017-08-31 13:37:48','外贸模拟实验 3个班',113,7),(1906,2,'34',6,4,'徐玲','2017-08-31 13:37:52','外贸模拟实验 3个班',113,7),(1907,2,'12',6,5,'徐玲','2017-08-31 13:38:04','外贸模拟实验 3个班',113,7),(1908,2,'34',6,5,'徐玲','2017-08-31 13:38:09','外贸模拟实验 3个班',113,7),(1909,2,'56',6,2,'徐玲','2017-08-31 13:38:20','外贸模拟实验 3个班',113,7),(1910,2,'78',6,2,'徐玲','2017-08-31 13:38:25','外贸模拟实验 3个班',113,7),(1911,2,'12',7,1,'徐玲','2017-08-31 13:38:37','外贸模拟实验 3个班',113,7),(1912,2,'34',7,1,'徐玲','2017-08-31 13:38:41','外贸模拟实验 3个班',113,7),(1913,2,'12',7,2,'徐玲','2017-08-31 13:38:46','外贸模拟实验 3个班',113,7),(1914,2,'34',7,2,'徐玲','2017-08-31 13:38:50','外贸模拟实验 3个班',113,7),(1916,1,'78',11,5,'张群林','2017-08-31 13:38:57','公共管理研究方法',91,7),(1917,1,'56',11,5,'张群林','2017-08-31 13:39:02','公共管理研究方法',91,7),(1918,2,'12',7,4,'徐玲','2017-08-31 13:39:08','外贸模拟实验 3个班',113,7),(1919,2,'34',7,4,'徐玲','2017-08-31 13:39:12','外贸模拟实验 3个班',113,7),(1920,1,'56',7,5,'张群林','2017-08-31 13:39:31','电子政务',91,7),(1921,2,'56',7,2,'徐玲','2017-08-31 13:39:39','外贸模拟实验 3个班',113,7),(1922,2,'78',7,2,'徐玲','2017-08-31 13:39:44','外贸模拟实验 3个班',113,7),(1923,1,'56',6,5,'张群林','2017-08-31 13:39:46','电子政务',91,7),(1924,2,'12',7,5,'徐玲','2017-08-31 13:39:48','外贸模拟实验 3个班',113,7),(1925,2,'34',7,5,'徐玲','2017-08-31 13:39:52','外贸模拟实验 3个班',113,7),(1926,1,'78',6,5,'张群林','2017-08-31 13:39:53','电子政务',91,7),(1927,1,'56',5,5,'张群林','2017-08-31 13:40:37','电子政务',91,7),(1928,1,'78',5,5,'张群林','2017-08-31 13:40:49','电子政务',91,7),(1929,2,'56',6,4,'徐玲','2017-08-31 13:41:59','外贸模拟实验 3个班',113,7),(1930,2,'78',6,4,'徐玲','2017-08-31 13:42:04','外贸模拟实验 3个班',113,7),(1931,2,'78',11,5,'田谧','2017-08-31 15:39:53','审计理论与实务',2,7),(1932,2,'78',12,5,'田谧','2017-08-31 15:40:12','审计理论与实务',2,7),(1933,2,'78',13,5,'田谧','2017-08-31 15:40:21','审计理论与实务',2,7),(1934,2,'78',14,5,'田谧','2017-08-31 15:40:28','审计理论与实务',2,7),(1935,2,'78',15,5,'田谧','2017-08-31 15:40:39','审计理论与实务',2,7),(1936,2,'78',16,5,'田谧','2017-08-31 15:40:45','审计理论与实务',2,7),(1937,2,'78',17,5,'田谧','2017-08-31 15:40:50','审计理论与实务',2,7),(1938,2,'78',18,5,'田谧','2017-08-31 15:40:57','审计理论与实务',2,7),(1939,7,'12',10,5,'成爱武','2017-08-31 15:58:02','零售管理',2,7),(1940,7,'34',10,5,'成爱武','2017-08-31 15:58:10','零售管理',2,7),(1941,1,'78',3,1,'吴桂芹','2017-09-01 10:16:38','VC',2,7),(1942,1,'34',3,3,'吴桂芹','2017-09-01 10:16:51','数据结构',2,7),(1943,2,'78',3,1,'周镭','2017-09-01 10:17:04','网络营销',2,7),(1944,2,'34',3,3,'周镭','2017-09-01 10:17:13','网络营销',2,7),(1945,2,'12',2,3,'申玲','2017-09-01 10:18:38','会计电算化',2,7),(1946,2,'34',2,3,'申玲','2017-09-01 10:18:45','会计电算化',2,7),(1947,2,'56',2,3,'许益锋','2017-09-01 10:18:56','企业经营模拟',2,7),(1948,2,'78',2,3,'许益锋','2017-09-01 10:19:01','企业经营模拟',2,7),(1949,1,'78',3,2,'陈立军','2017-09-01 11:14:53','数据库系统与应用',106,7),(1950,1,'78',4,2,'陈立军','2017-09-01 11:27:31','数据库系统与应用',106,7),(1951,1,'78',5,2,'陈立军','2017-09-01 11:27:45','数据库系统与应用',106,7),(1952,1,'78',6,2,'陈立军','2017-09-01 11:27:54','数据库系统与应用',106,7),(1953,1,'78',7,2,'陈立军','2017-09-01 11:28:03','数据库系统与应用',106,7),(1954,1,'78',8,2,'陈立军','2017-09-01 11:28:15','数据库系统与应用',106,7),(1956,1,'78',10,2,'陈立军','2017-09-01 11:29:52','数据库系统与应用',106,7),(1957,1,'78',11,2,'陈立军','2017-09-01 11:30:02','数据库系统与应用',106,7),(1958,1,'34',9,3,'陈立军','2017-09-01 11:31:00','数据库系统与应用',106,7),(1959,1,'78',12,2,'陈立军','2017-09-01 11:32:21','数据库系统与应用',106,7),(1960,1,'12',13,4,'陈立军','2017-09-01 11:32:33','数据库系统与应用',106,7),(1961,1,'34',13,4,'陈立军','2017-09-01 11:32:38','数据库系统与应用',106,7),(1962,1,'78',11,1,'周镭','2017-09-01 16:44:48','市场研究',92,7),(1964,1,'34',4,3,'周镭','2017-09-01 16:54:07','网络营销',92,7),(1966,2,'12',5,3,'周镭','2017-09-01 16:57:22','网络营销',92,7),(1967,2,'78',8,5,'高民芳','2017-09-04 15:30:02','财务管理（A）',142,7),(1971,2,'56',7,4,'徐玲','2017-09-04 22:57:30','外贸模拟实验 3个班',113,7),(1972,2,'78',7,4,'徐玲','2017-09-04 22:57:36','外贸模拟实验 3个班',113,7),(1973,2,'56',8,4,'徐玲','2017-09-04 23:06:37','外贸模拟实验 3个班',113,7),(1974,2,'78',8,4,'徐玲','2017-09-04 23:06:43','外贸模拟实验 3个班',113,7),(1975,2,'78',14,1,'高民芳','2017-09-05 12:53:55','财务管理（A））',2,7),(1976,3,'12',6,1,'刘世铎','2017-09-05 14:43:41','商业银行综柜业务',2,7),(1977,3,'34',6,1,'刘世铎','2017-09-05 14:43:47','商业银行综柜业务',2,7),(1978,3,'12',6,2,'刘世铎','2017-09-05 14:43:49','商业银行综柜业务',2,7),(1979,3,'34',6,2,'刘世铎','2017-09-05 14:43:52','商业银行综柜业务',2,7),(1980,3,'12',6,3,'刘世铎','2017-09-05 14:43:57','商业银行综柜业务',2,7),(1981,3,'34',6,3,'刘世铎','2017-09-05 14:43:59','商业银行综柜业务',2,7),(1982,3,'12',6,4,'刘世铎','2017-09-05 14:44:01','商业银行综柜业务',2,7),(1983,3,'34',6,4,'刘世铎','2017-09-05 14:44:03','商业银行综柜业务',2,7),(1984,3,'12',6,5,'刘世铎','2017-09-05 14:44:07','商业银行综柜业务',2,7),(1985,3,'34',6,5,'刘世铎','2017-09-05 14:44:10','商业银行综柜业务',2,7),(1986,3,'12',7,1,'刘世铎','2017-09-05 14:44:38','商业银行综柜业务',2,7),(1987,3,'34',7,1,'刘世铎','2017-09-05 14:44:41','商业银行综柜业务',2,7),(1988,3,'12',7,2,'刘世铎','2017-09-05 14:44:43','商业银行综柜业务',2,7),(1989,3,'34',7,2,'刘世铎','2017-09-05 14:44:45','商业银行综柜业务',2,7),(1990,3,'12',7,3,'刘世铎','2017-09-05 14:44:49','商业银行综柜业务',2,7),(1991,3,'34',7,3,'刘世铎','2017-09-05 14:44:52','商业银行综柜业务',2,7),(1992,3,'12',7,4,'刘世铎','2017-09-05 14:44:54','商业银行综柜业务',2,7),(1993,3,'34',7,4,'刘世铎','2017-09-05 14:44:57','商业银行综柜业务',2,7),(1994,3,'12',7,5,'刘世铎','2017-09-05 14:45:00','商业银行综柜业务',2,7),(1995,3,'34',7,5,'刘世铎','2017-09-05 14:45:01','商业银行综柜业务',2,7),(1996,3,'12',8,1,'刘世铎','2017-09-05 14:46:35','商业银行综柜业务',2,7),(1997,3,'34',8,1,'刘世铎','2017-09-05 14:46:37','商业银行综柜业务',2,7),(1998,3,'12',8,2,'刘世铎','2017-09-05 14:46:40','商业银行综柜业务',2,7),(1999,3,'34',8,2,'刘世铎','2017-09-05 14:46:42','商业银行综柜业务',2,7),(2000,3,'12',8,3,'刘世铎','2017-09-05 14:46:45','商业银行综柜业务',2,7),(2001,3,'34',8,3,'刘世铎','2017-09-05 14:46:47','商业银行综柜业务',2,7),(2002,3,'12',8,4,'刘世铎','2017-09-05 14:46:49','商业银行综柜业务',2,7),(2003,3,'34',8,4,'刘世铎','2017-09-05 14:46:51','商业银行综柜业务',2,7),(2004,3,'12',8,5,'刘世铎','2017-09-05 14:46:53','商业银行综柜业务',2,7),(2005,3,'34',8,5,'刘世铎','2017-09-05 14:46:55','商业银行综柜业务',2,7),(2006,3,'12',9,1,'刘世铎','2017-09-05 14:47:06','商业银行综柜业务',2,7),(2007,3,'34',9,1,'刘世铎','2017-09-05 14:47:14','商业银行综柜业务',2,7),(2008,3,'12',9,2,'刘世铎','2017-09-05 14:47:17','商业银行综柜业务',2,7),(2009,3,'34',9,2,'刘世铎','2017-09-05 14:47:20','商业银行综柜业务',2,7),(2010,3,'12',9,3,'刘世铎','2017-09-05 14:47:22','商业银行综柜业务',2,7),(2011,3,'34',9,3,'刘世铎','2017-09-05 14:47:24','商业银行综柜业务',2,7),(2012,3,'12',9,4,'刘世铎','2017-09-05 14:47:26','商业银行综柜业务',2,7),(2013,3,'34',9,4,'刘世铎','2017-09-05 14:47:29','商业银行综柜业务',2,7),(2014,3,'12',9,5,'刘世铎','2017-09-05 14:47:32','商业银行综柜业务',2,7),(2015,3,'34',9,5,'刘世铎','2017-09-05 14:47:34','商业银行综柜业务',2,7),(2016,2,'12',3,4,'姚景源','2017-09-11 09:49:03','金融模拟',133,7),(2017,1,'12',3,4,'吴桂芹','2017-09-11 09:49:38','VC',133,7),(2018,1,'34',3,4,'吴桂芹','2017-09-11 09:49:53','VC',133,7),(2019,2,'34',3,4,'姚景源','2017-09-11 09:50:09','金融模拟',133,7),(2020,1,'12',4,4,'吴桂芹','2017-09-11 09:51:54','VC',133,7),(2021,1,'34',4,4,'吴桂芹','2017-09-11 09:52:02','VC',133,7),(2022,2,'12',4,4,'姚景源','2017-09-11 09:52:26','金融模拟',133,7),(2023,2,'34',4,4,'姚景源','2017-09-11 09:52:38','金融模拟',133,7),(2024,3,'12',3,5,'姚景源','2017-09-13 09:21:07','金融模拟',133,7),(2025,3,'34',3,5,'姚景源','2017-09-13 09:21:17','金融模拟',133,7),(2026,3,'12',4,2,'姚景源','2017-09-13 09:21:37','金融模拟',133,7),(2027,3,'34',4,2,'姚景源','2017-09-13 09:21:43','金融模拟',133,7),(2028,3,'12',4,3,'姚景源','2017-09-13 09:21:50','金融模拟',133,7),(2029,3,'34',4,3,'姚景源','2017-09-13 09:21:56','金融模拟',133,7),(2030,3,'12',4,5,'姚景源','2017-09-13 09:22:13','金融模拟',133,7),(2031,2,'34',4,5,'姚景源','2017-09-13 09:22:19','金融模拟',133,7),(2032,3,'78',4,1,'姚景源','2017-09-13 09:22:26','金融模拟',133,7),(2033,3,'56',4,1,'姚景源','2017-09-13 09:22:45','金融模拟',133,7),(2034,3,'56',5,1,'姚景源','2017-09-13 09:23:00','金融模拟',133,7),(2035,3,'78',5,1,'姚景源','2017-09-13 09:23:05','金融模拟',133,7),(2036,3,'12',5,2,'姚景源','2017-09-13 09:23:11','金融模拟',133,7),(2037,3,'34',5,2,'姚景源','2017-09-13 09:23:17','金融模拟',133,7),(2038,3,'12',5,3,'姚景源','2017-09-13 09:23:23','金融模拟',133,7),(2039,3,'34',5,3,'姚景源','2017-09-13 09:23:32','金融模拟',133,7),(2040,3,'12',5,4,'姚景源','2017-09-13 09:23:45','金融模拟',133,7),(2041,3,'34',5,4,'姚景源','2017-09-13 09:23:51','金融模拟',133,7),(2042,3,'12',5,5,'姚景源','2017-09-13 09:23:57','金融模拟',133,7),(2043,3,'34',5,5,'姚景源','2017-09-13 09:24:03','金融模拟',133,7),(2044,2,'78',9,5,'高民芳','2017-09-15 12:40:07','财务管理（A）',2,7),(2045,2,'78',10,5,'高民芳','2017-09-15 12:40:15','财务管理（A）',2,7),(2046,1,'78',7,5,'张群林','2017-09-15 13:13:17','电子政务',2,7),(2047,1,'78',8,5,'张群林','2017-09-15 13:13:47','电子政务',2,7),(2049,1,'56',8,5,'张群林','2017-09-15 13:14:37','电子政务',2,7),(2050,3,'34',5,1,'高民芳','2017-09-18 15:39:20','财务管理',142,7),(2051,1,'34',8,3,'吴桂芹','2017-10-09 09:29:44','数据结构',108,7),(2052,1,'12',8,4,'孙晓华','2017-10-09 11:00:54','人员素质测评',133,7),(2053,1,'34',8,4,'孙晓华','2017-10-09 11:01:08','人员素质测评',133,7),(2054,1,'56',8,4,'孙晓华','2017-10-09 11:01:15','人员素质测评',133,7),(2055,1,'12',8,5,'孙晓华','2017-10-09 11:03:46','人员素质测评',133,7),(2056,2,'56',8,5,'孙晓华','2017-10-09 11:04:00','人员素质测评',133,7),(2057,3,'78',8,5,'孙晓华','2017-10-09 11:04:15','人员素质测评',133,7),(2059,1,'56',11,1,'周镭','2017-10-31 11:24:57','市场研究',92,7),(2060,1,'78',10,5,'张彤','2017-11-01 20:31:26','运筹学',138,7),(2061,3,'78',10,5,'陈立军','2017-11-01 20:33:47','数据库',138,7),(2069,2,'911',11,3,'薛顺利','2017-11-07 16:32:08','管理信息系统',1,7),(2070,2,'911',11,5,'薛顺利','2017-11-08 15:34:11','管理信息系统',1,7),(2071,3,'78',13,1,'张彤','2017-11-09 10:12:36','运筹学',138,7),(2072,3,'78',12,5,'许益锋','2017-11-09 11:11:53','企业经营模拟',141,7),(2073,2,'56',12,5,'许益锋','2017-11-09 11:16:23','企业经营模拟',141,7),(2074,3,'78',13,5,'许益锋','2017-11-09 11:18:10','企业经营模拟',141,7),(2075,2,'78',12,3,'许益锋','2017-11-09 11:23:45','企业经营模拟',141,7),(2076,2,'12',13,1,'许益锋','2017-11-09 11:25:12','企业经营模拟',141,7),(2077,2,'34',13,1,'许益锋','2017-11-09 11:25:22','企业经营模拟',141,7),(2078,2,'56',13,3,'许益锋','2017-11-09 11:25:53','企业经营模拟',141,7),(2079,2,'78',13,3,'许益锋','2017-11-09 11:26:00','企业经营模拟',141,7),(2080,2,'12',13,4,'许益锋','2017-11-09 11:26:11','企业经营模拟',141,7),(2081,2,'34',13,4,'许益锋','2017-11-09 11:26:18','企业经营模拟',141,7),(2082,2,'56',13,5,'许益锋','2017-11-09 11:26:36','企业经营模拟',141,7),(2084,2,'56',12,3,'许益锋','2017-11-09 11:32:41','企业经营模拟',141,7),(2086,1,'911',10,2,'刘聪颖','2017-11-13 10:54:24','生产运作与管理',157,7),(2087,1,'911',11,3,'刘聪颖','2017-11-13 10:54:39','生产运作与管理',157,7),(2088,1,'78',11,3,'刘聪颖','2017-11-13 10:54:47','生产运作与管理',157,7),(2089,2,'12',12,2,'许益锋','2017-11-13 13:13:18','企业经营模拟',141,7),(2090,2,'34',12,2,'许益锋','2017-11-13 13:13:29','企业经营模拟',141,7),(2091,2,'12',12,5,'许益锋','2017-11-13 13:13:54','企业经营模拟',141,7),(2092,2,'34',12,5,'许益锋','2017-11-13 13:14:04','企业经营模拟',141,7),(2093,1,'78',12,3,'刘聪颖','2017-11-13 16:53:14','生产运作与管理(会计15,34)',157,7),(2094,1,'911',12,3,'刘聪颖','2017-11-13 16:53:26','生产运作与管理(会计15,34)',157,7),(2112,1,'12',14,4,'陈立军','2017-11-21 09:18:26','数据库系统与应用',106,7),(2113,1,'78',13,4,'张群林','2017-11-21 10:28:48','公共管理研究方法',91,7),(2114,3,'78',14,1,'张彤','2017-11-23 14:47:34','运筹学',138,7),(2115,2,'56',14,1,'张彤','2017-11-23 14:49:16','运筹学',138,7),(2116,3,'911',14,5,'薛顺利','2017-11-27 06:15:01','计算机网络',111,7),(2125,1,'56',16,2,'刘聪颖','2017-11-27 17:06:18','生产运作与管理（工管1,2））',2,7),(2126,1,'78',16,2,'刘聪颖','2017-11-27 17:06:21','生产运作与管理（工管1,2））',2,7),(2127,1,'56',16,4,'刘聪颖','2017-11-27 17:06:25','生产运作与管理（工管1,2））',2,7),(2128,1,'78',16,4,'刘聪颖','2017-11-27 17:06:27','生产运作与管理（工管1,2））',2,7),(2130,1,'78',17,1,'刘聪颖','2017-11-27 17:08:08','生产运作与管理（会计1,2））',2,7),(2131,1,'56',17,1,'刘聪颖','2017-11-27 17:08:11','生产运作与管理（会计1,2））',2,7),(2132,1,'911',17,1,'刘聪颖','2017-11-27 17:08:44','生产运作与管理（会计1,2））',2,7),(2133,2,'78',14,4,'张群林','2017-11-30 09:56:24','电子政务',141,7),(2134,1,'34',14,4,'陈立军','2017-11-30 10:31:19','数据库系统与应用',141,7),(2135,7,'56',14,5,'薛顺利','2017-12-01 09:49:04','计算机网络',111,7),(2139,3,'56',15,3,'张彤','2017-12-01 12:10:18','运筹学',138,7),(2140,1,'56',15,3,'刘瑞霞','2017-12-04 21:57:10','运筹学',138,7),(2142,3,'78',15,5,'薛顺利','2017-12-04 23:24:28','计算机网络',111,7),(2143,1,'911',15,4,'刘聪颖','2017-12-05 10:48:48','生产运作与管理（信管1,2））',2,7),(2144,3,'78',15,4,'张彤','2017-12-05 10:49:28','运筹学',2,7),(2145,1,'78',15,4,'刘聪颖','2017-12-05 10:49:47','生产运作与管理（信管1,2））',2,7),(2146,1,'56',16,3,'王纯子','2017-12-06 09:20:24','面向对象技术',112,7),(2147,1,'34',16,3,'王纯子','2017-12-06 09:20:31','网络信息安全',112,7),(2148,2,'56',16,4,'王纯子','2017-12-06 09:20:34','面向对象技术',112,7),(2149,2,'78',16,4,'王纯子','2017-12-06 09:20:37','面向对象技术',112,7),(2153,1,'34',17,5,'王纯子','2017-12-06 09:22:18','面向对象技术',112,7),(2155,3,'78',16,5,'薛顺利','2017-12-11 17:25:12','计算机网络',111,7),(2157,2,'78',17,1,'张彤','2017-12-12 08:59:46','运筹学',138,7),(2159,1,'56',17,4,'王纯子','2017-12-14 14:53:48','面向对象技术',141,7),(2160,1,'78',17,4,'王纯子','2017-12-14 14:53:55','面向对象技术',141,7),(2165,3,'78',17,1,'王纯子','2017-12-14 15:21:41','张彤运筹学课',141,7),(2166,1,'12',17,2,'王纯子','2017-12-14 15:30:22','面向对象技术',112,7),(2167,1,'34',17,2,'王纯子','2017-12-14 15:31:00','面向对象技术',112,7),(2169,1,'34',18,3,'张彤','2017-12-15 20:48:25','运筹学',138,7),(2170,2,'34',18,3,'陈立军','2017-12-15 20:48:55','运筹学 张彤',138,7),(2171,7,'78',17,5,'白晓波','2017-12-18 16:20:35','计算机网络',111,7),(2172,3,'78',17,5,'薛顺利','2017-12-18 16:21:47','计算机网络',111,7),(2173,3,'12',18,2,'乔蓓','2017-12-21 09:41:27','SPSS',2,7),(2174,1,'56',18,5,'王纯子','2017-12-21 10:05:47','面向对象技术',112,7),(2175,1,'78',18,5,'王纯子','2017-12-21 10:05:50','面向对象技术',112,7),(2176,1,'56',18,2,'王纯子','2017-12-21 10:09:44','面向对象技术',112,7),(2177,3,'78',18,5,'张丽丽','2017-12-22 11:23:05','田谧审计理论与实务',141,7),(2178,1,'12',19,2,'乔蓓','2017-12-26 10:06:38','SPSS',1,7),(2179,1,'56',19,3,'许益锋','2018-01-02 11:05:43','企业经营模拟',1,7),(2180,1,'78',19,3,'许益锋','2018-01-02 11:05:48','企业经营模拟',1,7),(2181,2,'12',2,3,'申玲','2018-03-03 15:14:51','会计电算化（A）',2,8),(2182,2,'56',2,3,'申玲','2018-03-03 15:15:02','会计电算化（A）',2,8),(2183,2,'78',2,3,'申玲','2018-03-03 15:15:10','会计电算化（A）',2,8),(2184,2,'12',3,3,'申玲','2018-03-03 15:15:34','会计电算化（A）',2,8),(2185,2,'56',3,3,'申玲','2018-03-03 15:15:39','会计电算化（A）',2,8),(2186,2,'78',3,3,'申玲','2018-03-03 15:15:42','会计电算化（A）',2,8),(2187,2,'12',4,3,'申玲','2018-03-03 15:16:13','会计电算化（A）',2,8),(2188,2,'56',4,3,'申玲','2018-03-03 15:16:19','会计电算化（A）',2,8),(2189,2,'78',4,3,'申玲','2018-03-03 15:16:22','会计电算化（A）',2,8),(2190,2,'12',5,3,'申玲','2018-03-03 15:16:28','会计电算化（A）',2,8),(2191,2,'56',5,3,'申玲','2018-03-03 15:16:31','会计电算化（A）',2,8),(2192,2,'78',5,3,'申玲','2018-03-03 15:16:34','会计电算化（A）',2,8),(2193,2,'12',6,3,'申玲','2018-03-03 15:16:46','会计电算化（A）',2,8),(2194,2,'56',6,3,'申玲','2018-03-03 15:16:49','会计电算化（A）',2,8),(2195,2,'78',6,3,'申玲','2018-03-03 15:16:51','会计电算化（A）',2,8),(2196,2,'56',7,3,'申玲','2018-03-03 15:17:02','会计电算化（A）',2,8),(2197,2,'78',7,3,'申玲','2018-03-03 15:17:05','会计电算化（A）',2,8),(2198,2,'12',8,1,'申玲','2018-03-03 15:17:23','会计电算化（A）',2,8),(2199,2,'34',8,1,'申玲','2018-03-03 15:17:32','会计电算化（A）',2,8),(2201,2,'56',8,3,'申玲','2018-03-03 15:18:10','会计电算化（A）',2,8),(2202,2,'78',8,3,'申玲','2018-03-03 15:18:13','会计电算化（A）',2,8),(2203,2,'12',9,1,'申玲','2018-03-03 15:18:39','会计电算化（A）',2,8),(2204,2,'34',9,1,'申玲','2018-03-03 15:18:42','会计电算化（A）',2,8),(2206,2,'56',9,3,'申玲','2018-03-03 15:18:53','会计电算化（A）',2,8),(2207,2,'78',9,3,'申玲','2018-03-03 15:18:57','会计电算化（A）',2,8),(2208,2,'12',10,1,'申玲','2018-03-03 15:19:13','会计电算化（A）',2,8),(2209,2,'34',10,1,'申玲','2018-03-03 15:19:16','会计电算化（A）',2,8),(2210,2,'56',10,1,'申玲','2018-03-03 15:19:24','会计电算化（A）',2,8),(2211,2,'56',10,3,'申玲','2018-03-03 15:19:29','会计电算化（A）',2,8),(2212,2,'78',10,3,'申玲','2018-03-03 15:19:32','会计电算化（A）',2,8),(2213,2,'12',11,1,'申玲','2018-03-03 15:19:41','会计电算化（A）',2,8),(2214,2,'34',11,1,'申玲','2018-03-03 15:19:44','会计电算化（A）',2,8),(2215,2,'56',11,1,'申玲','2018-03-03 15:19:47','会计电算化（A）',2,8),(2216,2,'56',11,3,'申玲','2018-03-03 15:19:54','会计电算化（A）',2,8),(2217,2,'78',11,3,'申玲','2018-03-03 15:19:58','会计电算化（A）',2,8),(2218,2,'12',12,1,'申玲','2018-03-03 15:20:06','会计电算化（A）',2,8),(2219,2,'34',12,1,'申玲','2018-03-03 15:20:08','会计电算化（A）',2,8),(2220,2,'56',12,1,'申玲','2018-03-03 15:20:11','会计电算化（A）',2,8),(2221,2,'56',12,3,'申玲','2018-03-03 15:20:14','会计电算化（A）',2,8),(2222,2,'78',12,3,'申玲','2018-03-03 15:20:17','会计电算化（A）',2,8),(2223,1,'56',1,1,'和征','2018-03-03 15:38:52','企业资源计划',157,8),(2224,1,'78',1,1,'和征','2018-03-03 15:38:57','企业资源计划',157,8),(2225,1,'56',2,1,'和征','2018-03-03 15:39:03','企业资源计划',157,8),(2226,1,'78',2,1,'和征','2018-03-03 15:39:05','企业资源计划',157,8),(2227,1,'56',3,1,'和征','2018-03-03 15:39:10','企业资源计划',157,8),(2228,1,'78',3,1,'和征','2018-03-03 15:39:12','企业资源计划',157,8),(2229,1,'56',4,1,'和征','2018-03-03 15:39:18','企业资源计划',157,8),(2230,1,'78',4,1,'和征','2018-03-03 15:39:20','企业资源计划',157,8),(2231,1,'56',5,1,'和征','2018-03-03 15:39:25','企业资源计划',157,8),(2232,1,'78',5,1,'和征','2018-03-03 15:39:27','企业资源计划',157,8),(2233,1,'56',6,1,'和征','2018-03-03 15:39:32','企业资源计划',157,8),(2234,1,'78',6,1,'和征','2018-03-03 15:39:34','企业资源计划',157,8),(2235,1,'78',6,4,'和征','2018-03-03 15:40:01','企业资源计划',157,8),(2236,1,'78',5,4,'和征','2018-03-03 15:40:08','企业资源计划',157,8),(2237,1,'78',4,4,'和征','2018-03-03 15:40:11','企业资源计划',157,8),(2238,1,'78',3,4,'和征','2018-03-03 15:40:23','企业资源计划',157,8),(2239,1,'78',2,4,'和征','2018-03-03 15:40:33','企业资源计划',157,8),(2240,1,'78',1,4,'和征','2018-03-03 15:40:37','企业资源计划',157,8),(2242,1,'12',2,4,'吴桂芹','2018-03-06 11:48:01','C 程序设计',133,8),(2243,2,'12',19,1,'许益锋','2018-03-07 11:12:59','企业经营模拟',2,8),(2244,2,'34',19,1,'许益锋','2018-03-07 11:13:06','企业经营模拟',2,8),(2245,2,'12',19,2,'许益锋','2018-03-07 11:13:08','企业经营模拟',2,8),(2246,2,'34',19,2,'许益锋','2018-03-07 11:13:11','企业经营模拟',2,8),(2247,2,'12',19,3,'许益锋','2018-03-07 11:13:15','企业经营模拟',2,8),(2248,2,'34',19,3,'许益锋','2018-03-07 11:13:22','企业经营模拟',2,8),(2249,2,'12',19,4,'许益锋','2018-03-07 11:13:24','企业经营模拟',2,8),(2250,2,'34',19,4,'许益锋','2018-03-07 11:13:27','企业经营模拟',2,8),(2251,2,'12',19,5,'许益锋','2018-03-07 11:13:30','企业经营模拟',2,8),(2252,2,'34',19,5,'许益锋','2018-03-07 11:13:34','企业经营模拟',2,8),(2253,2,'12',20,1,'许益锋','2018-03-07 11:13:51','企业经营模拟',2,8),(2254,2,'34',20,1,'许益锋','2018-03-07 11:13:53','企业经营模拟',2,8),(2259,2,'12',20,4,'许益锋','2018-03-07 11:14:06','企业经营模拟',2,8),(2260,2,'34',20,4,'许益锋','2018-03-07 11:14:08','企业经营模拟',2,8),(2264,3,'34',11,5,'姚景源','2018-03-16 15:03:26','证券投资学',2,8),(2265,3,'12',12,3,'姚景源','2018-03-16 15:03:48','证券投资学',2,8),(2266,3,'34',12,5,'姚景源','2018-03-16 15:03:53','证券投资学',2,8),(2267,3,'12',11,3,'姚景源','2018-03-16 15:04:36','证券投资学',2,8),(2271,1,'12',3,4,'吴桂芹','2018-03-18 22:27:02','C   程序设计',108,8),(2272,1,'12',4,3,'吴桂芹','2018-03-23 07:45:16','c  程序设计',108,8),(2273,1,'12',5,3,'吴桂芹','2018-03-23 07:46:55','C  程序设计',108,8),(2274,3,'34',5,2,'曾涛','2018-03-27 11:04:14','计量经济学',142,8),(2275,3,'12',5,3,'曾涛','2018-03-27 11:04:39','计量经济学',142,8),(2278,3,'12',5,2,'曾涛','2018-03-27 11:07:46','计量经济学',142,8),(2279,1,'12',7,3,'吴桂芹','2018-04-03 16:46:39','c  程序设计',108,8),(2281,3,'56',7,3,'王小红','2018-04-10 14:18:54','竞赛',1,8),(2282,3,'78',7,3,'王小红','2018-04-10 14:19:01','竞赛',1,8),(2283,3,'78',8,3,'曾涛','2018-04-18 11:28:49','计量经济学',142,8),(2284,3,'12',8,4,'曾涛','2018-04-18 11:29:09','计量经济学',142,8),(2285,3,'34',8,4,'曾涛','2018-04-18 11:29:22','计量经济学',142,8),(2286,3,'78',9,3,'曾涛','2018-04-18 11:30:34','计量经济学',142,8),(2287,3,'12',9,4,'曾涛','2018-04-18 11:31:09','计量经济学',142,8),(2288,3,'34',9,4,'曾涛','2018-04-18 11:31:16','计量经济学',142,8),(2289,1,'56',8,3,'白晓波','2018-04-24 12:10:48','Java语言程序设计',1,8),(2290,1,'78',8,3,'白晓波','2018-04-24 12:10:53','Java语言程序设计',1,8),(2291,1,'56',8,4,'白晓波','2018-04-24 12:11:08','企业级程序开发',1,8),(2292,1,'78',8,4,'白晓波','2018-04-24 12:11:13','企业级程序开发',1,8),(2293,1,'56',4,3,'白晓波','2018-04-24 14:28:00','企业级程序开发',1,8),(2294,1,'78',4,3,'白晓波','2018-04-24 14:28:04','企业级程序开发',1,8),(2295,1,'56',4,4,'白晓波','2018-04-24 14:28:16','Java语言程序设计',1,8),(2296,3,'78',4,4,'白晓波','2018-04-24 14:28:21','Java语言程序设计',1,8),(2297,2,'78',6,4,'白晓波','2018-04-24 14:28:48','Java语言程序设计',1,8),(2298,3,'56',6,4,'白晓波','2018-04-24 14:28:49','Java语言程序设计',1,8),(2299,3,'56',6,3,'白晓波','2018-04-24 14:28:59','企业级程序开发',1,8),(2300,3,'78',6,3,'白晓波','2018-04-24 14:29:02','Java语言程序设计',1,8),(2301,1,'56',9,3,'吴桂芹','2018-04-26 13:36:01','C   程序设计',157,8),(2302,1,'78',9,3,'吴桂芹','2018-04-26 13:36:06','C   程序设计',157,8),(2303,1,'56',9,4,'白晓波','2018-04-26 13:38:47','Java语言程序设计',157,8),(2304,1,'78',9,4,'白晓波','2018-04-26 13:38:52','Java语言程序设计',157,8),(2305,1,'56',10,4,'白晓波','2018-04-26 13:39:17','Java语言程序设计',157,8),(2306,1,'78',10,4,'白晓波','2018-04-26 13:39:20','Java语言程序设计',157,8),(2307,1,'56',11,4,'白晓波','2018-04-26 13:39:59','Java语言程序设计',157,8),(2308,1,'78',11,4,'白晓波','2018-04-26 13:40:01','Java语言程序设计',157,8),(2309,1,'911',9,3,'白晓波','2018-04-26 13:40:21','企业级程序开发',157,8),(2310,1,'911',9,5,'白晓波','2018-04-26 13:40:26','企业级程序开发',157,8),(2311,1,'911',10,3,'白晓波','2018-04-26 13:40:33','企业级程序开发',157,8),(2312,1,'911',10,5,'白晓波','2018-04-26 13:40:35','企业级程序开发',157,8),(2313,1,'911',11,3,'白晓波','2018-04-26 13:40:41','企业级程序开发',157,8),(2314,1,'911',11,5,'白晓波','2018-04-26 13:40:44','企业级程序开发',157,8),(2315,3,'56',9,3,'白晓波','2018-05-02 10:36:48','企业级程序开发',157,8),(2319,3,'56',14,4,'周镭','2018-05-31 12:39:37','网络营销',1,8),(2320,7,'56',14,1,'郭晶','2018-06-04 11:34:26','创业概论与实训',160,8),(2321,7,'12',14,2,'宋玉','2018-06-04 11:34:54','创业概论与实训',160,8),(2322,7,'56',14,2,'刘瑞霞','2018-06-04 11:35:06','创业概论与实训',160,8),(2324,7,'12',14,4,'刘瑞霞','2018-06-04 11:36:29','创业概论与实训',160,8),(2325,7,'34',14,4,'郭晶','2018-06-04 11:36:44','创业概论与实训',160,8),(2326,7,'12',14,5,'宋玉','2018-06-04 11:36:54','创业概论与实训',160,8),(2327,7,'56',15,1,'郭晶','2018-06-04 11:44:28','创业概论与实训',160,8),(2328,7,'34',15,4,'郭晶','2018-06-04 11:46:09','创业概论与实训',160,8),(2329,7,'12',15,2,'宋玉','2018-06-04 11:46:29','创业概论与实训',160,8),(2330,7,'12',15,5,'宋玉','2018-06-04 11:46:39','创业概论与实训',160,8),(2331,7,'56',15,2,'刘瑞霞','2018-06-04 11:47:02','创业概论与实训',160,8),(2332,7,'12',15,4,'刘瑞霞','2018-06-04 11:47:11','创业概论与实训',160,8),(2334,7,'12',16,4,'刘瑞霞','2018-06-04 11:47:51','创业概论与实训',160,8),(2335,7,'56',16,1,'郭晶','2018-06-04 11:48:13','创业概论与实训',160,8),(2336,7,'34',16,4,'郭晶','2018-06-04 11:48:35','创业概论与实训',160,8),(2337,7,'12',16,5,'宋玉','2018-06-04 11:48:59','创业概论与实训',160,8),(2338,7,'12',16,2,'宋玉','2018-06-04 11:49:10','创业概论与实训',160,8),(2339,7,'56',16,2,'刘瑞霞','2018-06-04 11:50:04','创业概论与实训',160,8),(2340,7,'56',17,2,'刘瑞霞','2018-06-04 11:50:41','创业概论与实训',160,8),(2341,7,'12',17,4,'刘瑞霞','2018-06-04 11:50:47','创业概论与实训',160,8),(2342,7,'56',17,1,'郭晶','2018-06-04 11:51:03','创业概论与实训',160,8),(2343,7,'34',17,4,'郭晶','2018-06-04 11:51:12','创业概论与实训',160,8),(2344,7,'12',17,2,'宋玉','2018-06-04 11:51:26','创业概论与实训',160,8),(2345,7,'12',17,5,'宋玉','2018-06-04 11:51:30','创业概论与实训',160,8),(2346,7,'12',18,2,'宋玉','2018-06-04 11:51:41','创业概论与实训',160,8),(2347,7,'12',18,5,'宋玉','2018-06-04 11:51:45','创业概论与实训',160,8),(2348,7,'56',18,1,'郭晶','2018-06-04 11:51:54','创业概论与实训',160,8),(2349,7,'34',18,4,'郭晶','2018-06-04 11:52:06','创业概论与实训',160,8),(2350,7,'56',18,2,'刘瑞霞','2018-06-04 11:52:20','创业概论与实训',160,8),(2351,7,'12',18,4,'刘瑞霞','2018-06-04 11:52:25','创业概论与实训',160,8),(2352,7,'56',19,2,'刘瑞霞','2018-06-04 11:52:51','创业概论与实训',160,8),(2353,7,'12',19,4,'刘瑞霞','2018-06-04 11:53:02','创业概论与实训',160,8),(2354,7,'12',19,2,'宋玉','2018-06-04 11:53:30','创业概论与实训',160,8),(2355,7,'12',19,5,'宋玉','2018-06-04 11:53:35','创业概论与实训',160,8),(2356,7,'56',19,1,'郭晶','2018-06-04 11:53:52','创业概论与实训',160,8),(2357,7,'34',19,4,'郭晶','2018-06-04 11:54:02','创业概论与实训',160,8),(2359,2,'34',15,1,'刘世铎','2018-06-06 10:48:48','商业银行模拟实验',153,8),(2389,1,'12',17,1,'陈立军','2018-06-06 15:30:43','数据库原理',106,8),(2390,1,'34',17,1,'陈立军','2018-06-06 15:30:49','数据库原理',106,8),(2391,1,'12',17,3,'陈立军','2018-06-06 15:30:55','数据库原理',106,8),(2392,1,'34',17,3,'陈立军','2018-06-06 15:31:00','数据库原理',106,8),(2393,1,'12',18,1,'陈立军','2018-06-06 15:31:16','数据库原理',106,8),(2394,1,'34',18,1,'陈立军','2018-06-06 15:31:22','数据库原理',106,8),(2395,3,'56',15,4,'周镭','2018-06-07 13:54:53','网络营销',157,8),(2396,3,'12',17,1,'周镭','2018-06-14 14:20:13','网络营销',157,8),(2397,1,'12',18,3,'陈立军','2018-06-16 17:14:05','数据库原理',106,8),(2398,1,'34',18,3,'陈立军','2018-06-16 17:14:12','数据库原理',106,8),(2399,2,'12',17,5,'许益锋','2018-06-21 09:52:15','企业经营模拟（MBA）',2,8),(2400,1,'12',17,4,'和征','2018-06-21 09:52:29','ERP模拟实践',157,8),(2401,2,'34',17,5,'许益锋','2018-06-21 09:52:29','企业经营模拟（MBA）',2,8),(2402,2,'56',17,5,'许益锋','2018-06-21 09:52:34','企业经营模拟（MBA）',2,8),(2403,1,'34',17,4,'和征','2018-06-21 09:52:37','ERP模拟实践',157,8),(2404,2,'78',17,5,'许益锋','2018-06-21 09:52:37','企业经营模拟（MBA）',2,8),(2405,2,'911',17,5,'许益锋','2018-06-21 09:52:41','企业经营模拟（MBA）',2,8),(2406,1,'56',17,4,'和征','2018-06-21 09:52:45','ERP模拟实践',157,8),(2407,1,'78',17,4,'和征','2018-06-21 09:52:49','ERP模拟实践',157,8),(2408,1,'56',17,1,'和征','2018-06-21 09:53:13','ERP模拟实践',157,8),(2409,1,'78',17,1,'和征','2018-06-21 09:53:17','ERP模拟实践',157,8),(2410,1,'78',17,5,'和征','2018-06-21 09:53:23','ERP模拟实践',157,8),(2411,1,'56',17,5,'和征','2018-06-21 09:53:27','ERP模拟实践',157,8),(2412,1,'12',17,5,'和征','2018-06-21 09:55:48','ERP模拟实践',157,8),(2413,1,'34',17,5,'和征','2018-06-21 09:55:52','ERP模拟实践',157,8),(2414,1,'56',18,1,'和征','2018-06-21 09:56:22','ERP模拟实践',157,8),(2415,1,'78',18,1,'和征','2018-06-21 09:56:26','ERP模拟实践',157,8),(2416,1,'12',18,4,'和征','2018-06-21 09:56:31','ERP模拟实践',157,8),(2417,1,'34',18,4,'和征','2018-06-21 09:56:34','ERP模拟实践',157,8),(2418,1,'56',18,4,'和征','2018-06-21 09:56:37','ERP模拟实践',157,8),(2419,1,'78',18,4,'和征','2018-06-21 09:56:41','ERP模拟实践',157,8),(2420,1,'78',18,5,'和征','2018-06-21 09:56:43','ERP模拟实践',157,8),(2421,1,'56',18,5,'和征','2018-06-21 09:56:45','ERP模拟实践',157,8),(2422,1,'34',18,5,'和征','2018-06-21 09:56:48','ERP模拟实践',157,8),(2423,1,'12',18,5,'和征','2018-06-21 09:56:50','ERP模拟实践',157,8),(2424,1,'12',19,1,'王渊','2018-06-21 10:02:34','前台开发工具Delphi',157,8),(2429,1,'12',19,5,'王渊','2018-06-21 10:04:19','前台开发工具Delphi',157,8),(2430,1,'34',19,5,'王渊','2018-06-21 10:04:20','前台开发工具Delphi',157,8),(2431,1,'34',19,4,'王渊','2018-06-21 10:04:23','前台开发工具Delphi',157,8),(2432,1,'12',19,4,'王渊','2018-06-21 10:04:24','前台开发工具Delphi',157,8),(2433,1,'12',19,3,'王渊','2018-06-21 10:04:26','前台开发工具Delphi',157,8),(2434,1,'34',19,3,'王渊','2018-06-21 10:04:27','前台开发工具Delphi',157,8),(2435,1,'34',19,2,'王渊','2018-06-21 10:04:28','前台开发工具Delphi',157,8),(2436,1,'12',19,2,'王渊','2018-06-21 10:04:30','前台开发工具Delphi',157,8),(2437,1,'34',19,1,'王渊','2018-06-21 10:04:31','前台开发工具Delphi',157,8),(2438,1,'34',20,1,'王渊','2018-06-21 10:04:46','前台开发工具Delphi',157,8),(2439,1,'34',20,2,'王渊','2018-06-21 10:04:47','前台开发工具Delphi',157,8),(2440,1,'34',20,3,'王渊','2018-06-21 10:04:49','前台开发工具Delphi',157,8),(2441,1,'34',20,4,'王渊','2018-06-21 10:04:50','前台开发工具Delphi',157,8),(2442,1,'34',20,5,'王渊','2018-06-21 10:04:51','前台开发工具Delphi',157,8),(2443,1,'12',20,5,'王渊','2018-06-21 10:04:53','前台开发工具Delphi',157,8),(2444,1,'12',20,4,'王渊','2018-06-21 10:04:54','前台开发工具Delphi',157,8),(2445,1,'12',20,3,'王渊','2018-06-21 10:04:55','前台开发工具Delphi',157,8),(2446,1,'12',20,2,'王渊','2018-06-21 10:04:56','前台开发工具Delphi',157,8),(2447,1,'12',20,1,'王渊','2018-06-21 10:04:58','前台开发工具Delphi',157,8),(2448,2,'12',17,1,'田谧','2018-06-21 10:25:08','会计模拟',157,8),(2449,2,'34',17,1,'田谧','2018-06-21 10:25:14','会计模拟',157,8),(2450,2,'56',17,1,'田谧','2018-06-21 10:25:17','会计模拟',157,8),(2451,2,'78',17,1,'田谧','2018-06-21 10:25:20','会计模拟',157,8),(2452,2,'12',17,2,'田谧','2018-06-21 10:25:23','会计模拟',157,8),(2453,2,'34',17,2,'田谧','2018-06-21 10:25:26','会计模拟',157,8),(2454,2,'56',17,2,'田谧','2018-06-21 10:25:28','会计模拟',157,8),(2455,2,'78',17,2,'田谧','2018-06-21 10:25:31','会计模拟',157,8),(2456,2,'12',17,3,'田谧','2018-06-21 10:25:34','会计模拟',157,8),(2457,2,'56',17,3,'田谧','2018-06-21 10:25:37','会计模拟',157,8),(2458,2,'78',17,3,'田谧','2018-06-21 10:25:39','会计模拟',157,8),(2459,2,'78',17,4,'田谧','2018-06-21 10:25:42','会计模拟',157,8),(2460,2,'56',17,4,'田谧','2018-06-21 10:25:44','会计模拟',157,8),(2461,2,'34',17,4,'田谧','2018-06-21 10:25:46','会计模拟',157,8),(2462,2,'12',17,4,'田谧','2018-06-21 10:25:48','会计模拟',157,8),(2463,2,'12',18,1,'田谧','2018-06-21 10:25:59','会计模拟',157,8),(2464,2,'34',18,1,'田谧','2018-06-21 10:26:03','会计模拟',157,8),(2465,2,'56',18,1,'田谧','2018-06-21 10:26:05','会计模拟',157,8),(2466,2,'78',18,1,'田谧','2018-06-21 10:26:07','会计模拟',157,8),(2467,2,'12',18,2,'田谧','2018-06-21 10:26:11','会计模拟',157,8),(2468,2,'34',18,2,'田谧','2018-06-21 10:26:14','会计模拟',157,8),(2469,2,'56',18,2,'田谧','2018-06-21 10:26:16','会计模拟',157,8),(2470,2,'78',18,2,'田谧','2018-06-21 10:26:18','会计模拟',157,8),(2471,2,'12',18,3,'田谧','2018-06-21 10:26:21','会计模拟',157,8),(2472,2,'34',18,3,'田谧','2018-06-21 10:26:25','会计模拟',157,8),(2473,2,'56',18,3,'田谧','2018-06-21 10:26:27','会计模拟',157,8),(2474,2,'78',18,3,'田谧','2018-06-21 10:26:34','会计模拟',157,8),(2475,2,'12',18,4,'田谧','2018-06-21 10:26:37','会计模拟',157,8),(2476,2,'34',18,4,'田谧','2018-06-21 10:26:39','会计模拟',157,8),(2477,2,'56',18,4,'田谧','2018-06-21 10:26:42','会计模拟',157,8),(2478,2,'78',18,4,'田谧','2018-06-21 10:26:44','会计模拟',157,8),(2479,2,'12',18,5,'田谧','2018-06-21 10:26:46','会计模拟',157,8),(2480,2,'78',18,5,'田谧','2018-06-21 10:26:48','会计模拟',157,8),(2481,2,'56',18,5,'田谧','2018-06-21 10:26:51','会计模拟',157,8),(2482,2,'34',18,5,'田谧','2018-06-21 10:26:54','会计模拟',157,8),(2483,3,'78',17,5,'田谧','2018-06-21 10:54:19','会计模拟',157,8),(2484,3,'56',17,5,'田谧','2018-06-21 10:54:21','会计模拟',157,8),(2485,3,'34',17,5,'田谧','2018-06-21 10:54:22','会计模拟',157,8),(2486,3,'12',17,5,'田谧','2018-06-21 10:54:23','会计模拟',157,8),(2487,3,'12',17,5,'田谧','2018-06-21 10:54:24','会计模拟',157,8),(2488,3,'34',17,1,'刘世铎','2018-06-21 11:44:51','商业银行模拟实训',153,8),(2489,3,'56',17,1,'刘世铎','2018-06-21 11:46:40','商业银行模拟实训',153,8),(2491,3,'78',17,4,'周镭','2018-06-21 14:51:49','SPSS',157,8),(2492,3,'12',18,1,'李晓敏','2018-06-21 15:56:00','公务员管理',141,8),(2493,3,'34',18,1,'李晓敏','2018-06-21 15:56:12','公务员管理',141,8),(2494,3,'12',18,3,'李晓敏','2018-06-21 15:56:18','公务员管理',141,8),(2495,3,'34',18,3,'李晓敏','2018-06-21 15:56:23','公务员管理',141,8),(2496,3,'12',18,4,'周镭','2018-06-25 09:19:40','网络营销',157,8),(2497,3,'34',17,4,'杨晓燕','2018-06-26 14:07:52','电子商务(B)',157,8),(2498,3,'56',17,4,'杨晓燕','2018-06-26 14:08:16','电子商务(B)',157,8),(2499,3,'34',18,4,'杨晓燕','2018-06-26 14:08:52','电子商务(B)',157,8),(2500,3,'78',18,4,'杨晓燕','2018-06-26 14:08:55','电子商务(B)',157,8),(2501,3,'56',18,4,'杨晓燕','2018-06-26 14:09:02','电子商务(B)',157,8),(2502,3,'56',18,1,'周镭','2018-06-28 14:48:30','spss',157,8),(2503,3,'78',18,1,'周镭','2018-06-28 14:48:35','spss',157,8),(2504,2,'56',20,2,'许益锋','2018-07-11 10:37:33','企业经营模拟',160,8),(2505,2,'78',20,2,'许益锋','2018-07-11 10:37:44','企业经营模拟',160,8),(2506,2,'56',20,3,'许益锋','2018-07-11 10:37:52','企业经营模拟',160,8),(2507,2,'78',20,3,'许益锋','2018-07-11 10:37:56','企业经营模拟',160,8),(2508,1,'56',1,1,'杨晓燕','2018-08-31 08:58:46','SAP',109,9),(2509,1,'78',1,1,'杨晓燕','2018-08-31 08:58:53','SAP',109,9),(2510,1,'56',1,2,'杨晓燕','2018-08-31 08:58:59','SAP',109,9),(2511,1,'78',1,2,'杨晓燕','2018-08-31 08:59:07','SAP',109,9),(2512,1,'56',1,3,'杨晓燕','2018-08-31 08:59:11','SAP',109,9),(2513,1,'78',1,3,'杨晓燕','2018-08-31 08:59:15','SAP',109,9),(2514,1,'56',1,4,'杨晓燕','2018-08-31 08:59:20','SAP',109,9),(2515,1,'78',1,4,'杨晓燕','2018-08-31 08:59:23','SAP',109,9),(2516,1,'12',1,5,'杨晓燕','2018-08-31 08:59:30','SAP',109,9),(2517,1,'34',1,5,'杨晓燕','2018-08-31 08:59:33','SAP',109,9),(2518,1,'56',2,1,'杨晓燕','2018-08-31 08:59:43','SAP',109,9),(2519,1,'78',2,1,'杨晓燕','2018-08-31 08:59:46','SAP',109,9),(2520,1,'56',2,2,'杨晓燕','2018-08-31 08:59:49','SAP杨晓燕',109,9),(2521,1,'78',2,2,'杨晓燕','2018-08-31 08:59:55','SAP',109,9),(2522,1,'56',2,3,'杨晓燕','2018-08-31 09:00:04','SAP',109,9),(2523,1,'78',2,3,'杨晓燕','2018-08-31 09:00:08','SAP',109,9),(2524,1,'56',2,4,'杨晓燕','2018-08-31 09:00:10','SAP',109,9),(2525,1,'78',2,4,'杨晓燕','2018-08-31 09:00:12','SAP',109,9),(2526,1,'12',2,5,'杨晓燕','2018-08-31 09:00:17','SAP',109,9),(2527,1,'34',2,5,'杨晓燕','2018-08-31 09:00:19','SAP',109,9),(2528,1,'34',3,1,'吴桂芹','2018-08-31 09:23:16','vc',108,9),(2529,1,'12',3,1,'吴桂芹','2018-08-31 09:23:20','vc',108,9),(2530,1,'12',3,2,'吴桂芹','2018-08-31 09:23:28','vc',108,9),(2531,1,'34',3,2,'吴桂芹','2018-08-31 09:23:36','vc',108,9),(2534,1,'12',3,4,'吴桂芹','2018-08-31 09:23:55','vc',108,9),(2535,1,'34',3,4,'吴桂芹','2018-08-31 09:24:02','vc',108,9),(2536,1,'12',3,5,'吴桂芹','2018-08-31 09:24:09','vc',108,9),(2537,1,'34',3,5,'吴桂芹','2018-08-31 09:24:15','vc',108,9),(2538,1,'12',4,1,'吴桂芹','2018-08-31 09:24:29','vc',108,9),(2539,1,'34',4,1,'吴桂芹','2018-08-31 09:24:36','vc',108,9),(2540,1,'12',4,2,'吴桂芹','2018-08-31 09:24:43','vc',108,9),(2541,1,'34',4,2,'吴桂芹','2018-08-31 09:24:49','vc',108,9),(2544,1,'12',4,4,'吴桂芹','2018-08-31 09:25:09','vc',108,9),(2545,1,'34',4,4,'吴桂芹','2018-08-31 09:25:15','vc',108,9),(2546,1,'12',4,5,'吴桂芹','2018-08-31 09:25:21','vc',108,9),(2547,1,'34',4,5,'吴桂芹','2018-08-31 09:25:28','vc',108,9),(2548,2,'12',3,1,'徐玲','2018-08-31 10:56:36','外贸模拟',157,9),(2549,2,'12',3,2,'徐玲','2018-08-31 10:56:42','外贸模拟',157,9),(2550,2,'12',3,3,'徐玲','2018-08-31 10:56:47','外贸模拟',157,9),(2551,2,'12',3,4,'徐玲','2018-08-31 10:56:49','外贸模拟',157,9),(2552,2,'12',3,5,'徐玲','2018-08-31 10:56:57','外贸模拟',157,9),(2553,2,'34',3,1,'徐玲','2018-08-31 10:56:59','外贸模拟',157,9),(2554,2,'34',3,2,'徐玲','2018-08-31 10:57:01','外贸模拟',157,9),(2555,2,'34',3,3,'徐玲','2018-08-31 10:57:04','外贸模拟',157,9),(2556,2,'34',3,4,'徐玲','2018-08-31 10:57:07','外贸模拟',157,9),(2557,2,'34',3,5,'徐玲','2018-08-31 10:57:09','外贸模拟',157,9),(2558,2,'12',4,1,'徐玲','2018-08-31 10:57:25','外贸模拟',157,9),(2559,2,'12',4,2,'徐玲','2018-08-31 10:57:28','外贸模拟',157,9),(2560,2,'12',1,1,'陈立军','2018-08-31 10:57:33','企业经营模拟',106,9),(2561,2,'34',4,5,'徐玲','2018-08-31 10:57:41','外贸模拟',157,9),(2562,2,'12',4,5,'徐玲','2018-08-31 10:57:44','外贸模拟',157,9),(2563,2,'12',4,4,'徐玲','2018-08-31 10:57:45','外贸模拟',157,9),(2564,2,'34',4,4,'徐玲','2018-08-31 10:57:47','外贸模拟',157,9),(2565,2,'34',4,3,'徐玲','2018-08-31 10:57:48','外贸模拟',157,9),(2566,2,'12',4,3,'徐玲','2018-08-31 10:57:50','外贸模拟',157,9),(2567,2,'34',1,1,'陈立军','2018-08-31 10:57:51','企业经营模拟',106,9),(2568,2,'34',4,2,'徐玲','2018-08-31 10:57:52','外贸模拟',157,9),(2569,2,'34',4,1,'徐玲','2018-08-31 10:57:54','外贸模拟',157,9),(2570,2,'12',1,2,'陈立军','2018-08-31 10:57:58','企业经营模拟',106,9),(2571,2,'34',1,2,'陈立军','2018-08-31 10:58:05','企业经营模拟',106,9),(2572,2,'34',5,5,'徐玲','2018-08-31 10:58:11','外贸模拟',157,9),(2573,2,'34',5,4,'徐玲','2018-08-31 10:58:13','外贸模拟',157,9),(2574,2,'34',5,3,'徐玲','2018-08-31 10:58:15','外贸模拟',157,9),(2575,2,'34',5,2,'徐玲','2018-08-31 10:58:16','外贸模拟',157,9),(2576,2,'34',5,1,'徐玲','2018-08-31 10:58:17','外贸模拟',157,9),(2577,2,'12',5,1,'徐玲','2018-08-31 10:58:19','外贸模拟',157,9),(2578,2,'12',1,3,'陈立军','2018-08-31 10:58:20','企业经营模拟',106,9),(2579,2,'12',5,2,'徐玲','2018-08-31 10:58:21','外贸模拟',157,9),(2580,2,'12',5,3,'徐玲','2018-08-31 10:58:22','外贸模拟',157,9),(2581,2,'12',5,4,'徐玲','2018-08-31 10:58:24','外贸模拟',157,9),(2582,2,'12',5,5,'徐玲','2018-08-31 10:58:25','外贸模拟',157,9),(2583,2,'34',1,3,'陈立军','2018-08-31 10:58:26','企业经营模拟',106,9),(2584,2,'12',1,4,'陈立军','2018-08-31 10:58:33','企业经营模拟',106,9),(2585,2,'34',1,4,'陈立军','2018-08-31 10:58:39','企业经营模拟',106,9),(2586,2,'34',6,5,'徐玲','2018-08-31 10:58:40','外贸模拟',157,9),(2587,2,'34',6,4,'徐玲','2018-08-31 10:58:42','外贸模拟',157,9),(2588,2,'34',6,3,'徐玲','2018-08-31 10:58:43','外贸模拟',157,9),(2589,2,'34',6,2,'徐玲','2018-08-31 10:58:44','外贸模拟',157,9),(2590,2,'34',6,1,'徐玲','2018-08-31 10:58:45','外贸模拟',157,9),(2591,2,'12',1,5,'陈立军','2018-08-31 10:58:46','企业经营模拟',106,9),(2592,2,'12',6,1,'徐玲','2018-08-31 10:58:47','外贸模拟',157,9),(2593,2,'12',6,2,'徐玲','2018-08-31 10:58:48','外贸模拟',157,9),(2594,2,'12',6,3,'徐玲','2018-08-31 10:58:49','外贸模拟',157,9),(2595,2,'12',6,4,'徐玲','2018-08-31 10:58:51','外贸模拟',157,9),(2596,2,'12',6,5,'徐玲','2018-08-31 10:58:52','外贸模拟',157,9),(2597,2,'34',1,5,'陈立军','2018-08-31 10:58:57','企业经营模拟',106,9),(2598,2,'34',7,5,'徐玲','2018-08-31 10:59:05','外贸模拟',157,9),(2599,2,'34',7,4,'徐玲','2018-08-31 10:59:06','外贸模拟',157,9),(2600,2,'34',7,3,'徐玲','2018-08-31 10:59:07','外贸模拟',157,9),(2601,2,'12',2,1,'陈立军','2018-08-31 10:59:08','企业经营模拟',106,9),(2602,2,'34',7,2,'徐玲','2018-08-31 10:59:08','外贸模拟',157,9),(2603,2,'34',7,1,'徐玲','2018-08-31 10:59:09','外贸模拟',157,9),(2604,2,'12',7,1,'徐玲','2018-08-31 10:59:11','外贸模拟',157,9),(2605,2,'12',7,2,'徐玲','2018-08-31 10:59:12','外贸模拟',157,9),(2606,2,'12',7,3,'徐玲','2018-08-31 10:59:13','外贸模拟',157,9),(2607,2,'34',2,1,'陈立军','2018-08-31 10:59:14','企业经营模拟',106,9),(2608,2,'12',7,4,'徐玲','2018-08-31 10:59:14','外贸模拟',157,9),(2609,2,'12',7,5,'徐玲','2018-08-31 10:59:15','外贸模拟',157,9),(2610,2,'12',2,2,'陈立军','2018-08-31 10:59:19','企业经营模拟',106,9),(2611,2,'34',2,2,'陈立军','2018-08-31 10:59:24','企业经营模拟',106,9),(2612,2,'34',8,5,'徐玲','2018-08-31 10:59:30','外贸模拟',157,9),(2613,2,'12',2,3,'陈立军','2018-08-31 10:59:31','企业经营模拟',106,9),(2614,2,'34',8,4,'徐玲','2018-08-31 10:59:32','外贸模拟',157,9),(2615,2,'34',8,3,'徐玲','2018-08-31 10:59:33','外贸模拟',157,9),(2616,2,'34',8,2,'徐玲','2018-08-31 10:59:34','外贸模拟',157,9),(2617,2,'34',8,1,'徐玲','2018-08-31 10:59:35','外贸模拟',157,9),(2618,2,'12',8,1,'徐玲','2018-08-31 10:59:36','外贸模拟',157,9),(2619,2,'34',2,3,'陈立军','2018-08-31 10:59:36','企业经营模拟',106,9),(2620,2,'12',8,2,'徐玲','2018-08-31 10:59:37','外贸模拟',157,9),(2621,2,'12',8,3,'徐玲','2018-08-31 10:59:38','外贸模拟',157,9),(2622,2,'12',8,4,'徐玲','2018-08-31 10:59:39','外贸模拟',157,9),(2623,2,'12',8,5,'徐玲','2018-08-31 10:59:41','外贸模拟',157,9),(2624,2,'12',2,4,'陈立军','2018-08-31 10:59:46','企业经营模拟',106,9),(2625,2,'34',2,4,'陈立军','2018-08-31 10:59:51','企业经营模拟',106,9),(2626,2,'12',2,5,'陈立军','2018-08-31 10:59:59','企业经营模拟',106,9),(2627,2,'34',2,5,'陈立军','2018-08-31 11:00:05','企业经营模拟',106,9),(2628,3,'12',5,1,'白晓波','2018-08-31 11:00:25','Web应用开发实践',157,9),(2629,3,'34',5,5,'白晓波','2018-08-31 11:00:41','Web应用开发实践',157,9),(2630,3,'12',5,5,'白晓波','2018-08-31 11:00:42','Web应用开发实践',157,9),(2631,3,'12',5,4,'白晓波','2018-08-31 11:00:43','Web应用开发实践',157,9),(2632,3,'34',5,4,'白晓波','2018-08-31 11:00:44','Web应用开发实践',157,9),(2633,3,'34',5,3,'白晓波','2018-08-31 11:00:45','Web应用开发实践',157,9),(2634,3,'12',5,3,'白晓波','2018-08-31 11:00:46','Web应用开发实践',157,9),(2635,3,'12',5,2,'白晓波','2018-08-31 11:00:47','Web应用开发实践',157,9),(2636,3,'34',5,2,'白晓波','2018-08-31 11:00:48','Web应用开发实践',157,9),(2637,3,'34',5,1,'白晓波','2018-08-31 11:00:50','Web应用开发实践',157,9),(2638,3,'12',6,1,'白晓波','2018-08-31 11:01:08','Web应用开发实践',157,9),(2640,3,'12',6,3,'白晓波','2018-08-31 11:01:12','Web应用开发实践',157,9),(2641,3,'12',6,4,'白晓波','2018-08-31 11:01:13','Web应用开发实践',157,9),(2642,3,'12',6,5,'白晓波','2018-08-31 11:01:14','Web应用开发实践',157,9),(2643,3,'34',6,5,'白晓波','2018-08-31 11:01:15','Web应用开发实践',157,9),(2644,3,'34',6,4,'白晓波','2018-08-31 11:01:16','Web应用开发实践',157,9),(2645,3,'34',6,3,'白晓波','2018-08-31 11:01:17','Web应用开发实践',157,9),(2647,3,'34',6,1,'白晓波','2018-08-31 11:01:20','Web应用开发实践',157,9),(2648,1,'12',2,3,'和征','2018-09-02 14:50:49','Web程序设计',157,9),(2649,3,'78',2,3,'和征','2018-09-02 14:51:20','Web程序设计',157,9),(2650,3,'78',3,3,'和征','2018-09-02 14:51:53','Web程序设计',157,9),(2651,3,'12',3,3,'和征','2018-09-02 14:51:56','Web程序设计',157,9),(2652,3,'78',4,3,'和征','2018-09-02 14:56:04','Web程序设计',157,9),(2653,3,'12',4,3,'和征','2018-09-02 14:56:07','Web程序设计',157,9),(2654,1,'12',6,3,'和征','2018-09-02 14:57:01','Web程序设计',157,9),(2655,1,'78',6,3,'和征','2018-09-02 14:57:15','Web程序设计',157,9),(2656,1,'78',6,3,'和征','2018-09-02 14:57:15','Web程序设计',157,9),(2657,3,'78',3,5,'姚景源','2018-09-04 09:48:57','证券投资学实验',157,9),(2658,3,'78',4,5,'姚景源','2018-09-04 09:49:32','证券投资学实验',157,9),(2659,3,'56',4,1,'姚景源','2018-09-04 09:52:38','证券投资学实验',157,9),(2660,3,'56',4,2,'姚景源','2018-09-04 09:52:41','证券投资学实验',157,9),(2661,3,'56',4,3,'姚景源','2018-09-04 09:52:44','证券投资学实验',157,9),(2662,3,'56',4,4,'姚景源','2018-09-04 09:52:46','证券投资学实验',157,9),(2663,3,'56',4,5,'姚景源','2018-09-04 09:52:49','证券投资学实验',157,9),(2664,3,'78',4,1,'姚景源','2018-09-04 09:52:52','证券投资学实验',157,9),(2665,3,'78',4,2,'姚景源','2018-09-04 09:52:55','证券投资学实验',157,9),(2666,3,'78',4,4,'姚景源','2018-09-04 09:52:58','证券投资学实验',157,9),(2667,3,'56',3,1,'姚景源','2018-09-04 09:53:06','证券投资学实验',157,9),(2668,3,'56',3,2,'姚景源','2018-09-04 09:53:08','证券投资学实验',157,9),(2669,3,'56',3,3,'姚景源','2018-09-04 09:53:10','证券投资学实验',157,9),(2670,3,'56',3,4,'姚景源','2018-09-04 09:53:12','证券投资学实验',157,9),(2671,3,'56',3,5,'姚景源','2018-09-04 09:53:15','证券投资学实验',157,9),(2672,3,'78',3,1,'姚景源','2018-09-04 09:53:18','证券投资学实验',157,9),(2673,3,'78',3,2,'姚景源','2018-09-04 09:53:20','证券投资学实验',157,9),(2674,3,'78',3,4,'姚景源','2018-09-04 09:53:23','证券投资学实验',157,9),(2675,3,'56',5,1,'姚景源','2018-09-04 09:53:30','证券投资学实验',157,9),(2676,3,'56',5,2,'姚景源','2018-09-04 09:53:32','证券投资学实验',157,9),(2677,3,'56',5,3,'姚景源','2018-09-04 09:53:35','证券投资学实验',157,9),(2678,3,'56',5,4,'姚景源','2018-09-04 09:53:38','证券投资学实验',157,9),(2679,3,'56',5,5,'姚景源','2018-09-04 09:53:40','证券投资学实验',157,9),(2680,3,'78',5,1,'姚景源','2018-09-04 09:53:46','证券投资学实验',157,9),(2681,3,'78',5,2,'姚景源','2018-09-04 09:53:48','证券投资学实验',157,9),(2682,3,'78',5,3,'姚景源','2018-09-04 09:53:50','证券投资学实验',157,9),(2683,3,'78',5,4,'姚景源','2018-09-04 09:53:53','证券投资学实验',157,9),(2684,3,'78',5,5,'姚景源','2018-09-04 09:53:55','证券投资学实验',157,9),(2686,1,'12',5,3,'和征','2018-09-04 10:47:47','Web程序设计',157,9),(2688,1,'78',5,3,'和征','2018-09-04 10:47:51','Web程序设计',157,9),(2689,1,'12',7,3,'和征','2018-09-04 10:48:05','Web程序设计',157,9),(2690,1,'78',7,3,'和征','2018-09-04 10:48:09','Web程序设计',157,9),(2698,1,'78',8,3,'和征','2018-09-04 10:49:16','企业资源计划',157,9),(2699,1,'78',9,3,'和征','2018-09-04 10:49:22','企业资源计划',157,9),(2701,1,'12',11,3,'和征','2018-09-04 10:49:37','企业资源计划',157,9),(2702,1,'78',11,3,'和征','2018-09-04 10:49:39','企业资源计划',157,9),(2703,1,'12',12,3,'和征','2018-09-04 10:49:46','企业资源计划',157,9),(2704,1,'78',12,3,'和征','2018-09-04 10:49:49','企业资源计划',157,9),(2705,1,'12',13,3,'和征','2018-09-04 10:50:07','企业资源计划',157,9),(2707,1,'78',13,3,'和征','2018-09-04 10:50:12','企业资源计划',157,9),(2709,1,'78',14,3,'和征','2018-09-04 10:50:23','企业资源计划',157,9),(2729,3,'12',8,2,'刘世铎','2018-09-04 10:55:22','商业银行综合柜台业务',153,9),(2730,3,'34',8,2,'刘世铎','2018-09-04 10:55:29','商业银行综合柜台业务',153,9),(2735,3,'12',8,4,'刘世铎','2018-09-04 10:57:29','商业银行综合柜台业务',153,9),(2736,3,'34',8,4,'刘世铎','2018-09-04 10:57:34','商业银行综合柜台业务',153,9),(2743,7,'56',1,3,'宋玉','2018-09-04 14:08:48','创业概论与实训',160,9),(2744,7,'12',1,3,'王渊','2018-09-04 14:08:51','创业概论与实训',160,9),(2745,7,'12',1,4,'郭晶','2018-09-04 14:09:16','创业概论与实训',160,9),(2746,7,'12',1,5,'王渊','2018-09-04 14:09:29','创业概论与实训',160,9),(2747,7,'56',1,5,'刘瑞霞','2018-09-04 14:09:41','创业概论与实训',160,9),(2748,7,'12',2,1,'宋玉','2018-09-04 14:09:51','创业概论与实训',160,9),(2749,7,'12',2,2,'许益锋','2018-09-04 14:10:09','创业概论与实训',160,9),(2750,7,'34',2,2,'郭晶','2018-09-04 14:10:28','创业概论与实训',160,9),(2751,7,'56',2,2,'刘瑞霞','2018-09-04 14:10:38','创业概论与实训',160,9),(2752,7,'12',2,3,'王渊','2018-09-04 14:10:47','创业概论与实训',160,9),(2753,7,'34',2,5,'王渊','2018-09-04 14:10:58','创业概论与实训',160,9),(2754,7,'56',2,3,'宋玉','2018-09-04 14:11:10','创业概论与实训',160,9),(2755,7,'56',2,5,'刘瑞霞','2018-09-04 14:11:18','创业概论与实训',160,9),(2756,7,'12',2,4,'许益锋','2018-09-04 14:11:32','创业概论与实训',160,9),(2757,7,'34',2,4,'郭晶','2018-09-04 14:11:39','创业概论与实训',160,9),(2758,7,'34',3,2,'郭晶','2018-09-04 14:12:08','创业概论与实训',160,9),(2759,7,'34',3,4,'郭晶','2018-09-04 14:12:11','创业概论与实训',160,9),(2760,7,'12',3,1,'宋玉','2018-09-04 14:12:19','创业概论与实训',160,9),(2761,7,'56',3,3,'宋玉','2018-09-04 14:12:31','创业概论与实训',160,9),(2762,7,'12',3,2,'许益锋','2018-09-04 14:13:19','创业概论与实训',160,9),(2763,7,'12',3,4,'许益锋','2018-09-04 14:13:23','创业概论与实训',160,9),(2764,7,'34',3,5,'王渊','2018-09-04 14:13:38','创业概论与实训',160,9),(2765,7,'12',3,3,'王渊','2018-09-04 14:13:40','创业概论与实训',160,9),(2766,7,'56',3,2,'刘瑞霞','2018-09-04 14:13:50','创业概论与实训',160,9),(2767,7,'56',3,5,'刘瑞霞','2018-09-04 14:13:57','创业概论与实训',160,9),(2768,7,'56',4,2,'刘瑞霞','2018-09-04 14:14:15','创业概论与实训',160,9),(2769,7,'56',4,5,'刘瑞霞','2018-09-04 14:14:26','创业概论与实训',160,9),(2770,7,'12',4,1,'宋玉','2018-09-04 14:14:35','创业概论与实训',160,9),(2771,7,'56',4,3,'宋玉','2018-09-04 14:14:43','创业概论与实训',160,9),(2772,7,'12',4,2,'许益锋','2018-09-04 14:16:17','创业概论与实训',160,9),(2773,7,'12',4,4,'许益锋','2018-09-04 14:16:26','创业概论与实训',160,9),(2774,7,'12',4,3,'王渊','2018-09-04 14:16:33','创业概论与实训',160,9),(2776,7,'34',4,2,'郭晶','2018-09-04 14:17:06','创业概论与实训',160,9),(2777,7,'34',4,4,'郭晶','2018-09-04 14:17:18','创业概论与实训',160,9),(2778,7,'34',4,5,'王渊','2018-09-04 14:23:22','创业概论与实训',160,9),(2779,7,'34',5,5,'王渊','2018-09-04 14:25:05','创业概论与实训',160,9),(2780,7,'12',5,3,'王渊','2018-09-04 14:25:15','创业概论与实训',160,9),(2781,7,'12',5,1,'宋玉','2018-09-04 14:25:29','创业概论与实训',160,9),(2782,7,'56',5,3,'宋玉','2018-09-04 14:25:38','创业概论与实训',160,9),(2783,7,'12',5,2,'许益锋','2018-09-04 14:25:50','创业概论与实训',160,9),(2784,7,'12',5,4,'许益锋','2018-09-04 14:25:57','创业概论与实训',160,9),(2785,7,'34',5,2,'郭晶','2018-09-04 14:26:06','创业概论与实训',160,9),(2786,7,'34',5,4,'郭晶','2018-09-04 14:26:14','创业概论与实训',160,9),(2787,7,'56',5,2,'刘瑞霞','2018-09-04 14:26:21','创业概论与实训',160,9),(2789,7,'56',6,2,'刘瑞霞','2018-09-04 14:26:56','创业概论与实训',160,9),(2790,7,'56',6,5,'刘瑞霞','2018-09-04 14:27:05','创业概论与实训',160,9),(2791,7,'56',5,5,'刘瑞霞','2018-09-04 14:27:49','创业概论与实训',160,9),(2792,7,'34',6,2,'郭晶','2018-09-04 14:27:59','创业概论与实训',160,9),(2793,7,'34',6,4,'郭晶','2018-09-04 14:28:04','创业概论与实训',160,9),(2794,7,'12',6,1,'宋玉','2018-09-04 14:28:10','创业概论与实训',160,9),(2795,7,'56',6,3,'宋玉','2018-09-04 14:28:20','创业概论与实训',160,9),(2796,7,'12',6,2,'许益锋','2018-09-04 14:28:28','创业概论与实训',160,9),(2797,7,'12',6,4,'许益锋','2018-09-04 14:28:34','创业概论与实训',160,9),(2798,7,'12',6,3,'王渊','2018-09-04 14:28:41','创业概论与实训',160,9),(2799,7,'34',6,5,'王渊','2018-09-04 14:28:53','创业概论与实训',160,9),(2800,3,'34',4,4,'高民芳','2018-09-04 17:45:01','财务管理',126,9),(2801,1,'34',5,4,'高民芳','2018-09-04 17:47:05','财务管理',126,9),(2804,3,'12',4,4,'高民芳','2018-09-04 17:50:00','财务管理',126,9),(2805,1,'12',5,4,'高民芳','2018-09-04 17:50:35','财务管理',126,9),(2806,3,'12',1,5,'张丽丽','2018-09-05 15:54:36','会计模拟',157,9),(2807,3,'34',1,5,'张丽丽','2018-09-05 15:54:45','会计模拟',157,9),(2808,2,'56',13,2,'高民芳','2018-09-06 09:34:56','财务管理',126,9),(2809,2,'78',13,2,'高民芳','2018-09-06 09:35:01','财务管理',126,9),(2811,2,'12',12,2,'许益锋','2018-09-06 09:48:48','企业经营模拟',160,9),(2812,2,'12',12,3,'许益锋','2018-09-06 09:48:52','企业经营模拟',160,9),(2814,2,'12',12,5,'许益锋','2018-09-06 09:49:04','企业经营模拟',160,9),(2816,2,'34',12,2,'许益锋','2018-09-06 09:49:29','企业经营模拟',160,9),(2817,2,'34',12,3,'许益锋','2018-09-06 09:49:33','企业经营模拟',160,9),(2819,2,'34',12,5,'许益锋','2018-09-06 09:49:41','企业经营模拟',160,9),(2821,2,'12',13,2,'许益锋','2018-09-06 09:49:53','企业经营模拟',160,9),(2824,2,'12',13,5,'许益锋','2018-09-06 09:50:06','企业经营模拟',160,9),(2826,2,'34',13,2,'许益锋','2018-09-06 09:50:13','企业经营模拟',160,9),(2829,2,'34',13,5,'许益锋','2018-09-06 09:50:25','企业经营模拟',160,9),(2832,2,'12',19,3,'许益锋','2018-09-06 09:50:55','企业经营模拟',160,9),(2837,2,'34',19,3,'许益锋','2018-09-06 09:51:14','企业经营模拟',160,9),(2840,2,'12',20,1,'许益锋','2018-09-06 09:52:10','企业经营模拟',160,9),(2841,2,'34',20,1,'许益锋','2018-09-06 09:52:17','企业经营模拟',160,9),(2842,2,'12',20,2,'许益锋','2018-09-06 09:52:21','企业经营模拟',160,9),(2843,2,'34',20,2,'许益锋','2018-09-06 09:52:24','企业经营模拟',160,9),(2848,2,'12',20,5,'许益锋','2018-09-06 09:52:43','企业经营模拟',160,9),(2849,2,'34',20,5,'许益锋','2018-09-06 09:52:46','企业经营模拟',160,9),(2850,3,'34',2,1,'张丽丽','2018-09-06 15:56:25','会计模拟',157,9),(2851,3,'12',2,1,'张丽丽','2018-09-06 15:56:27','会计模拟',157,9),(2852,1,'56',3,3,'吴桂芹','2018-09-10 12:13:21','vc',108,9),(2853,1,'78',3,3,'吴桂芹','2018-09-10 12:13:28','vc',108,9),(2854,1,'56',4,3,'吴桂芹','2018-09-10 12:14:13','vc',108,9),(2855,1,'78',4,3,'吴桂芹','2018-09-10 12:14:19','vc',108,9),(2861,3,'78',6,3,'刘世铎','2018-09-25 09:43:29','商业银行综合柜台业务',153,9),(2872,3,'12',7,3,'刘世铎','2018-09-25 10:00:33','商业银行综合柜台业务',153,9),(2876,3,'12',7,1,'刘世铎','2018-09-25 10:02:27','商业银行综合柜台业务',153,9),(2877,3,'34',7,1,'刘世铎','2018-09-25 10:02:31','商业银行综合柜台业务',153,9),(2878,3,'12',7,2,'刘世铎','2018-09-25 10:02:34','商业银行综合柜台业务',153,9),(2879,3,'34',7,2,'刘世铎','2018-09-25 10:02:38','商业银行综合柜台业务',153,9),(2880,3,'34',7,3,'刘世铎','2018-09-25 10:02:43','商业银行综合柜台业务',153,9),(2881,3,'12',8,1,'刘世铎','2018-09-25 10:03:00','商业银行综合柜台业务',153,9),(2882,3,'34',8,1,'刘世铎','2018-09-25 10:03:03','商业银行综合柜台业务',153,9),(2883,3,'12',8,3,'刘世铎','2018-09-25 10:03:07','商业银行综合柜台业务',153,9),(2884,3,'34',8,3,'刘世铎','2018-09-25 10:03:11','商业银行综合柜台业务',153,9),(2887,3,'56',6,2,'刘世铎','2018-09-25 10:46:24','商业银行综合柜台业务',153,9),(2888,3,'78',6,2,'刘世铎','2018-09-25 10:46:29','商业银行综合柜台业务',153,9),(2889,3,'56',6,4,'刘世铎','2018-09-25 10:46:55','商业银行综合柜台业务',153,9),(2890,3,'78',6,4,'刘世铎','2018-09-25 10:47:02','商业银行综合柜台业务',153,9),(2891,3,'78',6,5,'刘世铎','2018-09-25 10:47:07','商业银行综合柜台业务',153,9),(2892,3,'56',6,5,'刘世铎','2018-09-25 10:47:11','商业银行综合柜台业务',153,9),(2893,3,'56',6,3,'刘世铎','2018-09-25 10:48:29','商业银行综合柜台业务',153,9),(2894,3,'12',6,2,'刘世铎','2018-09-26 09:30:04','商业银行柜台业务',157,9),(2896,3,'34',6,2,'刘世铎','2018-09-26 09:31:00','商业银行柜台业务',1,9),(2897,1,'56',7,1,'孙晓华','2018-10-11 15:33:11','人事测评与招聘',87,9),(2898,1,'56',7,4,'孙晓华','2018-10-11 15:33:19','人事测评与招聘',87,9),(2900,1,'34',8,5,'陈立军','2018-10-16 10:23:50','运筹学A',138,9),(2901,1,'78',8,4,'张彤','2018-10-16 10:29:34','运筹学A',138,9),(2902,1,'34',8,4,'张彤','2018-10-16 10:36:32','运筹学A',138,9),(2903,3,'56',8,2,'刘世铎','2018-10-17 08:58:02','商业银行综合柜台业务',153,9),(2904,3,'78',8,2,'刘世铎','2018-10-17 08:58:10','商业银行综合柜台业务',153,9),(2906,2,'78',9,2,'高民芳','2018-10-19 22:37:01','财务管理',126,9),(2907,3,'78',17,2,'杨小红','2018-10-24 09:43:19','市场调查与预测',142,9),(2908,3,'56',17,4,'杨小红','2018-10-24 09:43:44','市场调查与预测',142,9),(2914,3,'12',8,5,'刘世铎','2018-10-25 12:31:12','商业银行综合柜台业务',153,9),(2915,3,'34',8,5,'刘世铎','2018-10-25 12:31:17','商业银行综合柜台业务',153,9),(2916,2,'12',9,4,'高民芳','2018-10-25 21:01:32','财务管理',126,9),(2919,2,'911',9,1,'薛顺利','2018-10-27 00:12:44','管理信息系统',111,9),(2920,2,'911',9,2,'薛顺利','2018-10-27 00:12:56','管理信息系统',111,9),(2921,2,'911',9,4,'薛顺利','2018-10-27 00:13:29','管理信息系统',111,9),(2923,3,'56',10,2,'薛顺利','2018-11-01 21:35:29','计算机网络',111,9),(2924,3,'78',10,2,'薛顺利','2018-11-01 21:42:27','计算机网络',111,9),(2926,3,'56',10,5,'薛顺利','2018-11-01 22:28:44','计算机网络',111,9),(2927,3,'78',10,5,'薛顺利','2018-11-01 22:28:48','计算机网络',111,9),(2928,3,'56',11,5,'薛顺利','2018-11-11 11:00:10','计算机网络',111,9),(2929,3,'78',11,5,'薛顺利','2018-11-11 11:00:22','计算机网络',111,9),(2930,3,'56',11,4,'薛顺利','2018-11-11 11:02:03','管理信息系统',111,9),(2931,2,'78',11,4,'薛顺利','2018-11-11 11:02:45','管理信息系统',111,9),(2932,1,'12',13,1,'张彤','2018-11-14 11:37:44','运筹学',138,9),(2935,2,'78',12,3,'许益锋','2018-11-15 10:11:47','企业经营模拟',133,9),(2936,2,'56',12,3,'许益锋','2018-11-15 10:11:50','企业经营模拟',133,9),(2937,2,'56',12,2,'许益锋','2018-11-15 10:11:54','企业经营模拟',133,9),(2938,2,'78',12,2,'许益锋','2018-11-15 10:11:57','企业经营模拟',133,9),(2939,2,'56',12,5,'许益锋','2018-11-15 10:12:06','企业经营模拟',133,9),(2940,2,'78',12,5,'许益锋','2018-11-15 10:12:12','企业经营模拟',133,9),(2941,3,'56',13,2,'许益锋','2018-11-15 10:12:35','企业经营模拟',133,9),(2942,3,'78',13,2,'许益锋','2018-11-15 10:12:41','企业经营模拟',133,9),(2943,3,'56',13,3,'许益锋','2018-11-15 10:12:48','企业经营模拟',133,9),(2944,3,'78',13,3,'许益锋','2018-11-15 10:13:01','企业经营模拟',133,9),(2945,2,'56',13,5,'许益锋','2018-11-15 10:13:09','企业经营模拟',133,9),(2946,2,'78',13,5,'许益锋','2018-11-15 10:13:17','企业经营模拟',133,9),(2947,1,'12',12,4,'吴桂芹','2018-11-15 12:35:51','数据结构',108,9),(2948,1,'12',14,3,'和征','2018-11-15 13:00:39','企业资源计划',157,9),(2949,2,'34',13,1,'张彤','2018-11-16 09:15:06','运筹学',138,9),(2952,3,'56',12,3,'薛顺利','2018-11-16 20:47:03','管理信息系统',111,9),(2953,3,'78',12,3,'薛顺利','2018-11-16 20:47:20','管理信息系统',111,9),(2954,1,'34',13,3,'吴桂芹','2018-11-23 09:46:19','数据结构',108,9),(2955,2,'56',15,1,'刘聪颖','2018-11-27 09:59:53','生产运作（工管）',133,9),(2956,2,'78',15,1,'刘聪颖','2018-11-27 10:00:24','生产运作（工管）',133,9),(2957,2,'56',16,1,'刘聪颖','2018-11-27 10:01:12','生产运作（工管）',133,9),(2958,2,'78',16,1,'刘聪颖','2018-11-27 10:01:18','生产运作（工管）',133,9),(2960,2,'78',15,3,'刘聪颖','2018-11-27 10:03:19','生产运作（信管）',133,9),(2961,2,'56',15,3,'刘聪颖','2018-11-27 10:03:25','生产运作（信管）',133,9),(2962,2,'56',15,4,'刘聪颖','2018-11-27 10:03:39','生产运作（信管）',133,9),(2963,2,'78',15,4,'刘聪颖','2018-11-27 10:03:45','生产运作（信管）',133,9),(2964,2,'56',16,2,'刘聪颖','2018-11-27 10:06:16','生产运作（会计）',133,9),(2965,2,'78',16,2,'刘聪颖','2018-11-27 10:06:34','生产运作（会计）',133,9),(2966,2,'78',17,2,'刘聪颖','2018-11-27 10:07:38','生产运作（会计）',133,9),(2967,2,'56',17,2,'刘聪颖','2018-11-27 10:07:53','生产运作（会计）',133,9),(2968,2,'56',17,4,'刘聪颖','2018-11-27 10:08:27','生产运作（会计3.4）',133,9),(2969,2,'78',17,4,'刘聪颖','2018-11-27 10:08:51','生产运作（会计3.4）',133,9),(2970,2,'56',16,4,'刘聪颖','2018-11-27 10:09:24','生产运作（会计3.4）',133,9),(2971,2,'78',16,4,'刘聪颖','2018-11-27 10:09:39','生产运作（会计3.4）',133,9),(2972,2,'911',15,1,'宋玉','2018-11-29 10:21:40','税收实务',133,9),(2973,2,'911',15,2,'宋玉','2018-11-29 10:21:50','税收实务',133,9),(2974,2,'911',15,3,'宋玉','2018-11-29 10:21:59','税收实务',133,9),(2975,2,'911',15,4,'宋玉','2018-11-29 10:22:05','税收实务',133,9),(2976,2,'911',16,1,'宋玉','2018-11-29 10:22:26','税收实务',133,9),(2977,2,'911',16,2,'宋玉','2018-11-29 10:22:32','税收实务',133,9),(2978,1,'34',15,3,'吴桂芹','2018-12-05 16:36:42','数据结构',108,9),(2979,1,'34',19,3,'吴桂芹','2018-12-05 16:37:19','数据结构',108,9),(2980,1,'34',18,3,'吴桂芹','2018-12-05 16:37:48','数据结构',108,9),(2981,1,'12',15,1,'张彤','2018-12-05 22:04:22','运筹学',138,9),(2982,2,'34',15,1,'张彤','2018-12-05 22:04:44','运筹学',138,9),(2983,2,'34',18,2,'田谧','2018-12-11 10:25:16','审计理论与实务',157,9),(2984,2,'12',18,2,'田谧','2018-12-11 10:25:20','审计理论与实务',157,9),(2985,2,'56',18,2,'田谧','2018-12-11 10:25:24','审计理论与实务',157,9),(2986,2,'78',18,2,'田谧','2018-12-11 10:25:27','审计理论与实务',157,9),(2987,2,'78',18,3,'田谧','2018-12-11 10:25:31','审计理论与实务',157,9),(2988,2,'56',18,5,'田谧','2018-12-11 10:25:35','审计理论与实务',157,9),(2989,2,'78',18,5,'田谧','2018-12-11 10:25:39','审计理论与实务',157,9),(2990,3,'56',16,4,'王纯子','2018-12-13 14:59:51','面向对象技术（信管1,2）',112,9),(2991,2,'12',16,4,'王纯子','2018-12-13 15:00:05','面向对象技术（信管1,2）',112,9),(2992,3,'78',16,4,'王纯子','2018-12-13 15:00:12','面向对象技术（信管1,2）',112,9),(2995,1,'56',17,4,'王纯子','2018-12-13 15:01:08','面向对象技术（信管1,2）',112,9),(2996,1,'78',17,4,'王纯子','2018-12-13 15:01:21','面向对象技术（信管1,2）',112,9),(2997,2,'34',18,3,'周镭','2018-12-18 14:42:44','市场研究',133,9),(2998,2,'56',18,3,'周镭','2018-12-18 14:43:11','市场研究',133,9),(3000,1,'12',17,5,'张彤','2018-12-20 10:49:11','运筹学',138,9),(3001,1,'34',17,2,'张彤','2018-12-20 11:27:35','运筹学',138,9),(3003,1,'12',17,2,'张彤','2018-12-20 11:34:31','运筹学',138,9),(3004,2,'56',17,1,'王纯子','2018-12-20 15:57:24','面向对象技术（信管1,2）',112,9),(3005,2,'78',17,1,'王纯子','2018-12-20 15:57:30','面向对象技术（信管1,2）',112,9),(3006,2,'12',18,5,'田谧','2018-12-27 20:46:49','审计理论与实务',157,9),(3007,2,'34',18,5,'田谧','2018-12-27 20:46:53','审计理论与实务',157,9),(3009,1,'56',18,5,'张彤','2018-12-29 14:06:53','运筹学',138,9),(3010,1,'78',18,5,'张彤','2018-12-29 14:06:57','运筹学',138,9),(3011,2,'78',19,1,'乔蓓','2019-01-01 17:09:21','市场调查与预测',157,9),(3012,2,'56',19,1,'乔蓓','2019-01-01 17:09:26','市场调查与预测',157,9),(3013,2,'56',19,2,'张群林','2019-01-02 13:23:55','方法论',157,9),(3014,2,'78',19,2,'张群林','2019-01-02 13:24:00','方法论',157,9),(3015,2,'56',20,3,'许益锋','2019-01-08 14:44:58','企业经营模拟',133,9),(3016,2,'56',20,4,'许益锋','2019-01-08 14:45:06','企业经营模拟',133,9),(3017,2,'78',20,3,'许益锋','2019-01-08 14:45:16','企业经营模拟',133,9),(3018,2,'78',20,4,'许益锋','2019-01-08 14:45:23','企业经营模拟',133,9),(3040,1,'56',2,2,'吴桂芹','2019-02-23 13:07:52','C  程序设计',108,10),(3041,1,'12',7,5,'吴桂芹','2019-02-23 13:08:24','C  程序设计',108,10),(3042,1,'12',8,5,'吴桂芹','2019-02-23 13:08:36','C  程序设计',108,10),(3043,1,'12',9,5,'吴桂芹','2019-02-23 13:09:09','C  程序设计',108,10),(3044,1,'56',3,2,'吴桂芹','2019-02-23 13:10:27','C  程序设计',108,10),(3045,1,'56',4,2,'吴桂芹','2019-02-23 13:11:21','C  程序设计',108,10),(3046,1,'56',5,2,'吴桂芹','2019-02-23 13:11:49','C  程序设计',108,10),(3047,1,'56',6,2,'吴桂芹','2019-02-23 13:12:03','C  程序设计',108,10),(3069,1,'34',2,3,'和征','2019-02-25 14:25:27','企业资源计划',157,10),(3070,1,'78',2,3,'和征','2019-02-25 14:25:32','企业资源计划',157,10),(3071,1,'34',3,3,'和征','2019-02-25 14:25:48','企业资源计划',157,10),(3072,1,'78',3,3,'和征','2019-02-25 14:25:52','企业资源计划',157,10),(3073,1,'34',4,3,'和征','2019-02-25 14:25:57','企业资源计划',157,10),(3074,1,'78',4,3,'和征','2019-02-25 14:26:01','企业资源计划',157,10),(3075,1,'34',5,3,'和征','2019-02-25 14:26:06','企业资源计划',157,10),(3076,1,'78',5,3,'和征','2019-02-25 14:26:10','企业资源计划',157,10),(3077,1,'34',6,3,'和征','2019-02-25 14:26:15','企业资源计划',157,10),(3078,1,'78',6,3,'和征','2019-02-25 14:26:18','企业资源计划',157,10),(3079,1,'34',7,3,'和征','2019-02-25 14:26:25','企业资源计划',157,10),(3080,1,'78',7,3,'和征','2019-02-25 14:26:28','企业资源计划',157,10),(3081,1,'911',2,1,'王渊','2019-02-25 15:00:42','信息管理系统',1,10),(3082,1,'12',2,4,'王渊','2019-02-25 15:00:54','信息管理系统',1,10),(3083,1,'911',3,1,'王渊','2019-02-25 15:01:10','信息管理系统',1,10),(3084,1,'12',3,4,'王渊','2019-02-25 15:01:13','信息管理系统',1,10),(3085,1,'911',4,1,'王渊','2019-02-25 15:01:19','信息管理系统',1,10),(3086,1,'12',4,4,'王渊','2019-02-25 15:01:22','信息管理系统',1,10),(3087,1,'911',5,1,'王渊','2019-02-25 15:01:28','信息管理系统',1,10),(3088,1,'12',5,4,'王渊','2019-02-25 15:01:31','信息管理系统',1,10),(3089,1,'911',6,1,'王渊','2019-02-25 15:01:36','信息管理系统',1,10),(3090,1,'12',6,4,'王渊','2019-02-25 15:01:40','信息管理系统',1,10),(3091,1,'911',7,1,'王渊','2019-02-25 15:01:45','信息管理系统',1,10),(3092,1,'12',7,4,'王渊','2019-02-25 15:01:48','信息管理系统',1,10),(3093,1,'911',8,1,'王渊','2019-02-25 15:01:54','信息管理系统',1,10),(3094,1,'12',8,4,'王渊','2019-02-25 15:01:57','信息管理系统',1,10),(3095,1,'911',9,1,'王渊','2019-02-25 15:02:02','信息管理系统',1,10),(3096,1,'12',9,4,'王渊','2019-02-25 15:02:05','信息管理系统',1,10),(3097,1,'12',1,4,'王渊','2019-02-25 15:11:08','信息管理系统',1,10),(3114,3,'12',2,2,'申玲','2019-03-01 14:39:28','会计电算化（A）',2,10),(3115,3,'34',2,2,'申玲','2019-03-01 14:39:51','会计电算化（A）',2,10),(3116,3,'56',2,2,'申玲','2019-03-01 14:40:01','会计电算化（A）',2,10),(3117,3,'12',2,3,'申玲','2019-03-01 14:40:20','会计电算化（A）',2,10),(3118,3,'34',2,3,'申玲','2019-03-01 14:40:22','会计电算化（A）',2,10),(3119,3,'56',2,3,'申玲','2019-03-01 14:40:40','会计电算化（A）',2,10),(3120,3,'78',2,3,'申玲','2019-03-01 14:41:35','会计电算化（A）',2,10),(3121,3,'12',3,2,'申玲','2019-03-01 14:41:55','会计电算化（A）',2,10),(3122,3,'34',3,2,'申玲','2019-03-01 14:41:58','会计电算化（A）',2,10),(3124,3,'56',3,2,'申玲','2019-03-01 14:42:08','会计电算化（A）',2,10),(3125,3,'12',3,3,'申玲','2019-03-01 14:42:56','会计电算化（A）',2,10),(3126,3,'34',3,3,'申玲','2019-03-01 14:42:59','会计电算化（A）',2,10),(3127,3,'56',3,3,'申玲','2019-03-01 14:43:01','会计电算化（A）',2,10),(3128,3,'78',3,3,'申玲','2019-03-01 14:43:06','会计电算化（A）',2,10),(3129,3,'12',4,2,'申玲','2019-03-01 14:43:24','会计电算化（A）',2,10),(3130,3,'56',4,2,'申玲','2019-03-01 14:43:27','会计电算化（A）',2,10),(3131,3,'12',4,3,'申玲','2019-03-01 14:43:33','会计电算化（A）',2,10),(3132,3,'34',4,3,'申玲','2019-03-01 14:43:36','会计电算化（A）',2,10),(3133,3,'56',4,3,'申玲','2019-03-01 14:43:39','会计电算化（A）',2,10),(3134,3,'78',4,3,'申玲','2019-03-01 14:43:43','会计电算化（A）',2,10),(3137,3,'12',5,3,'申玲','2019-03-01 14:44:20','会计电算化（A）',2,10),(3138,3,'56',5,3,'申玲','2019-03-01 14:44:23','会计电算化（A）',2,10),(3139,3,'34',5,3,'申玲','2019-03-01 14:44:28','会计电算化（A）',2,10),(3140,3,'78',5,3,'申玲','2019-03-01 14:44:34','会计电算化（A）',2,10),(3144,3,'12',6,3,'申玲','2019-03-01 14:45:14','会计电算化（A）',2,10),(3145,3,'34',6,3,'申玲','2019-03-01 14:45:18','会计电算化（A）',2,10),(3146,3,'56',6,3,'申玲','2019-03-01 14:45:21','会计电算化（A）',2,10),(3147,3,'78',6,3,'申玲','2019-03-01 14:45:26','会计电算化（A）',2,10),(3152,2,'56',2,3,'丁冬','2019-03-01 14:49:19','应用统计学',2,10),(3153,2,'78',2,3,'丁冬','2019-03-01 14:49:34','应用统计学',2,10),(3154,2,'56',3,3,'丁冬','2019-03-01 14:49:42','应用统计学',2,10),(3155,2,'78',3,3,'丁冬','2019-03-01 14:49:45','应用统计学',2,10),(3156,2,'56',4,3,'丁冬','2019-03-01 14:50:16','应用统计学',2,10),(3157,2,'78',4,3,'丁冬','2019-03-01 14:50:19','应用统计学',2,10),(3158,2,'56',5,3,'丁冬','2019-03-01 14:50:30','应用统计学',2,10),(3159,2,'78',5,3,'丁冬','2019-03-01 14:50:37','应用统计学',2,10),(3160,2,'56',6,3,'丁冬','2019-03-01 14:50:50','应用统计学',2,10),(3161,2,'78',6,3,'丁冬','2019-03-01 14:50:53','应用统计学',2,10),(3162,2,'56',7,3,'丁冬','2019-03-01 14:51:09','应用统计学',2,10),(3163,2,'78',7,3,'丁冬','2019-03-01 14:51:15','应用统计学',2,10),(3166,3,'34',4,2,'申玲','2019-03-06 09:21:42','会计电算化（A）',127,10),(3167,3,'56',8,1,'申玲','2019-03-06 09:23:23','会计电算化（A）',127,10),(3168,3,'78',8,1,'申玲','2019-03-06 09:23:26','会计电算化（A）',127,10),(3169,3,'12',8,4,'申玲','2019-03-06 09:23:34','会计电算化（A）',127,10),(3170,3,'34',8,4,'申玲','2019-03-06 09:23:39','会计电算化（A）',127,10),(3171,3,'56',9,1,'申玲','2019-03-06 09:24:13','会计电算化（A）',127,10),(3172,3,'78',9,1,'申玲','2019-03-06 09:24:16','会计电算化（A）',127,10),(3173,3,'12',9,4,'申玲','2019-03-06 09:24:21','会计电算化（A）',127,10),(3174,3,'34',9,4,'申玲','2019-03-06 09:24:25','会计电算化（A）',127,10),(3175,2,'34',4,3,'曾涛','2019-03-08 11:03:02','计量经济学',141,10),(3176,1,'56',4,3,'曾涛','2019-03-08 11:03:33','计量经济学',141,10),(3177,3,'78',4,1,'曾涛','2019-03-08 11:11:54','计量经济学',141,10),(3178,3,'78',4,1,'曾涛','2019-03-08 11:11:54','计量经济学',141,10),(3179,2,'12',7,3,'丁冬','2019-03-08 21:20:12','应用统计学',158,10),(3180,2,'34',7,3,'丁冬','2019-03-08 21:20:22','应用统计学',158,10),(3181,2,'34',7,2,'丁冬','2019-03-08 21:23:16','应用统计学',158,10),(3182,2,'56',7,2,'丁冬','2019-03-08 21:23:20','应用统计学',158,10),(3183,2,'78',4,1,'白晓波','2019-03-18 10:39:34','Java语言程序设计',1,10),(3184,2,'12',4,5,'白晓波','2019-03-18 10:47:34','企业级程序开发',157,10),(3185,2,'34',4,5,'白晓波','2019-03-18 10:47:46','企业级程序开发',157,10),(3186,1,'34',5,5,'杨晓燕','2019-03-25 10:55:18','电子商务',2,10),(3188,1,'56',6,3,'杨晓燕','2019-03-25 10:55:38','电子商务',2,10),(3189,1,'34',7,5,'杨晓燕','2019-03-25 10:55:52','电子商务',2,10),(3190,1,'56',7,3,'杨晓燕','2019-03-27 13:53:59','电子商务',109,10),(3191,3,'34',7,2,'周镭','2019-03-29 16:04:50','预测技术',133,10),(3196,2,'78',7,2,'张庆庆','2019-04-03 12:58:36','应用统计学',162,10),(3197,3,'34',7,3,'张庆庆','2019-04-03 13:00:39','应用统计学',162,10),(3198,3,'34',7,4,'张庆庆','2019-04-03 13:01:22','应用统计学',162,10),(3199,3,'56',7,1,'张庆庆','2019-04-03 14:54:48','应用统计学',162,10),(3200,3,'78',7,1,'张庆庆','2019-04-03 14:55:19','应用统计学',162,10),(3201,3,'12',10,4,'申玲','2019-04-03 15:51:22','会计电算化（A）',2,10),(3202,3,'34',10,4,'申玲','2019-04-03 15:51:30','会计电算化（A）',2,10),(3203,2,'56',8,1,'张庆庆','2019-04-09 09:21:56','应用统计学',162,10),(3204,2,'78',8,1,'张庆庆','2019-04-09 09:22:01','应用统计学',162,10),(3205,2,'56',8,2,'张庆庆','2019-04-09 09:23:48','应用统计学',162,10),(3206,2,'78',8,2,'张庆庆','2019-04-09 09:24:00','应用统计学',162,10),(3207,2,'34',8,4,'张庆庆','2019-04-09 09:25:22','应用统计学',162,10),(3208,2,'34',8,3,'张庆庆','2019-04-09 09:28:32','应用统计学',162,10),(3209,3,'12',8,2,'曾涛','2019-04-09 14:58:40','计量经济学',133,10),(3210,3,'34',8,2,'曾涛','2019-04-09 14:58:57','计量经济学',133,10),(3213,1,'78',8,1,'曾涛','2019-04-09 15:29:29','计量经济学',141,10),(3214,2,'12',8,3,'曾涛','2019-04-15 12:18:41','计量经济学',157,10),(3215,1,'56',7,1,'白晓波','2019-04-15 12:29:13','企业级程序开发',157,10),(3216,1,'78',7,1,'白晓波','2019-04-15 12:29:20','企业级程序开发',157,10),(3217,7,'78',8,1,'白晓波','2019-04-15 12:30:11','Java语言程序设计',157,10),(3218,2,'56',9,1,'张庆庆','2019-04-15 17:32:01','应用统计学',162,10),(3219,2,'78',9,1,'张庆庆','2019-04-15 17:32:06','应用统计学',162,10),(3220,2,'56',9,2,'张庆庆','2019-04-15 17:32:13','应用统计学',162,10),(3221,2,'78',9,2,'张庆庆','2019-04-15 17:32:16','应用统计学',162,10),(3222,2,'34',9,3,'张庆庆','2019-04-15 17:32:19','应用统计学',162,10),(3223,2,'34',9,4,'张庆庆','2019-04-15 17:32:23','应用统计学',162,10),(3224,2,'12',9,2,'曾涛','2019-04-16 08:12:14','计量经济学',141,10),(3225,2,'34',9,2,'曾涛','2019-04-16 08:12:27','计量经济学',141,10),(3226,2,'12',9,5,'曾涛','2019-04-16 08:12:36','计量经济学',141,10),(3227,2,'12',11,1,'曾涛','2019-04-16 08:12:47','计量经济学',141,10),(3228,2,'34',11,1,'曾涛','2019-04-16 08:12:55','计量经济学',141,10),(3229,2,'56',11,1,'曾涛','2019-04-16 08:13:09','计量经济学',141,10),(3230,2,'56',10,1,'张庆庆','2019-04-22 09:06:13','应用统计学',162,10),(3231,2,'78',10,1,'张庆庆','2019-04-22 09:06:13','应用统计学',162,10),(3235,2,'911',9,3,'许益锋','2019-04-24 10:17:10','学创杯练习',160,10),(3236,1,'78',9,1,'白晓波','2019-04-24 14:23:09','Java语言程序设计',157,10),(3237,3,'12',8,5,'白晓波','2019-04-24 14:24:02','企业级程序开发',157,10),(3238,3,'34',8,5,'白晓波','2019-04-24 14:24:08','企业级程序开发',157,10),(3240,2,'12',10,4,'张庆庆','2019-04-25 10:09:18','应用统计学',162,10),(3241,2,'12',10,2,'张庆庆','2019-04-25 11:21:38','应用统计学',162,10),(3242,2,'56',11,2,'张庆庆','2019-04-29 15:38:40','应用统计学',162,10),(3243,2,'78',11,2,'张庆庆','2019-04-29 15:39:09','应用统计学',162,10),(3244,2,'78',11,1,'许益锋','2019-05-06 09:44:42','竞赛练习',157,10),(3247,1,'12',12,5,'陈立军','2019-05-07 18:45:12','数据库原理',106,10),(3248,1,'34',12,5,'陈立军','2019-05-07 18:45:19','数据库原理',106,10),(3249,1,'12',13,2,'陈立军','2019-05-07 18:45:36','数据库原理',106,10),(3250,1,'34',13,2,'陈立军','2019-05-07 18:45:46','数据库原理',106,10),(3251,1,'12',13,5,'陈立军','2019-05-07 18:45:53','数据库原理',106,10),(3252,1,'34',13,5,'陈立军','2019-05-07 18:45:59','数据库原理',106,10),(3253,2,'56',12,3,'王纯子','2019-05-14 16:34:58','Java语言程序设计',157,10),(3254,2,'78',12,3,'王纯子','2019-05-14 16:35:08','Java语言程序设计',157,10),(3255,2,'78',12,4,'王纯子','2019-05-14 16:35:24','统计学',157,10),(3256,2,'78',13,2,'王纯子','2019-05-16 15:52:00','java',133,10),(3258,2,'56',13,2,'王纯子','2019-05-17 15:50:56','java',2,10),(3259,7,'34',14,1,'许益锋','2019-05-21 15:28:36','创业概论与实训',160,10),(3260,7,'12',14,4,'许益锋','2019-05-21 15:29:05','创业概论与实训',160,10),(3261,7,'12',14,3,'宋玉','2019-05-21 15:29:38','创业概论与实训',160,10),(3263,7,'34',14,2,'刘瑞霞','2019-05-21 15:31:22','创业概论与实训',160,10),(3265,7,'34',14,5,'刘瑞霞','2019-05-21 15:34:12','创业概论与实训',160,10),(3266,7,'56',14,5,'宋玉','2019-05-21 15:34:20','创业概论与实训',160,10),(3267,7,'34',15,1,'许益锋','2019-05-21 15:36:08','创业概论与实训',160,10),(3268,7,'12',15,4,'许益锋','2019-05-21 15:36:17','创业概论与实训',160,10),(3269,7,'34',15,2,'刘瑞霞','2019-05-21 15:36:30','创业概论与实训',160,10),(3270,7,'34',15,5,'刘瑞霞','2019-05-21 15:36:45','创业概论与实训',160,10),(3271,7,'12',15,3,'宋玉','2019-05-21 15:36:55','创业概论与实训',160,10),(3272,7,'56',15,5,'宋玉','2019-05-21 15:37:03','创业概论与实训',160,10),(3273,7,'12',16,3,'宋玉','2019-05-21 15:37:28','创业概论与实训',160,10),(3274,7,'56',16,5,'宋玉','2019-05-21 15:37:34','创业概论与实训',160,10),(3275,7,'12',17,3,'宋玉','2019-05-21 15:37:45','创业概论与实训',160,10),(3276,7,'56',17,5,'宋玉','2019-05-21 15:37:50','创业概论与实训',160,10),(3277,7,'12',18,3,'宋玉','2019-05-21 15:37:57','创业概论与实训',160,10),(3278,7,'56',18,5,'宋玉','2019-05-21 15:38:04','创业概论与实训',160,10),(3279,7,'12',19,3,'宋玉','2019-05-21 15:38:16','创业概论与实训',160,10),(3280,7,'56',19,5,'宋玉','2019-05-21 15:38:22','创业概论与实训',160,10),(3281,7,'34',19,5,'刘瑞霞','2019-05-21 15:38:43','创业概论与实训',160,10),(3282,7,'34',19,2,'刘瑞霞','2019-05-21 15:38:57','创业概论与实训',160,10),(3283,7,'34',18,2,'刘瑞霞','2019-05-21 15:39:05','创业概论与实训',160,10),(3284,7,'34',18,5,'刘瑞霞','2019-05-21 15:39:08','创业概论与实训',160,10),(3285,7,'34',17,2,'刘瑞霞','2019-05-21 15:39:14','创业概论与实训',160,10),(3286,7,'34',17,5,'刘瑞霞','2019-05-21 15:39:18','创业概论与实训',160,10),(3287,7,'34',16,2,'刘瑞霞','2019-05-21 15:39:27','创业概论与实训',160,10),(3288,7,'34',16,5,'刘瑞霞','2019-05-21 15:39:30','创业概论与实训',160,10),(3289,7,'34',16,1,'许益锋','2019-05-21 15:39:48','创业概论与实训',160,10),(3290,7,'12',16,4,'许益锋','2019-05-21 15:39:56','创业概论与实训',160,10),(3291,7,'34',17,1,'许益锋','2019-05-21 15:40:04','创业概论与实训',160,10),(3292,7,'12',17,4,'许益锋','2019-05-21 15:40:08','创业概论与实训',160,10),(3293,7,'34',18,1,'许益锋','2019-05-21 15:40:13','创业概论与实训',160,10),(3294,7,'12',18,4,'许益锋','2019-05-21 15:40:17','创业概论与实训',160,10),(3295,7,'34',19,1,'许益锋','2019-05-21 15:40:23','创业概论与实训',160,10),(3296,7,'12',19,4,'许益锋','2019-05-21 15:40:26','创业概论与实训',160,10),(3297,7,'34',13,4,'刘世铎','2019-05-23 16:41:34','商业银行经营管理',157,10),(3299,3,'34',14,3,'刘世铎','2019-05-23 16:42:00','商业银行经营管理',157,10),(3300,3,'34',14,5,'刘世铎','2019-05-23 17:59:43','商业银行经营管理',157,10),(3301,3,'56',14,4,'刘世铎','2019-05-23 18:00:54','商业银行经营管理',157,10),(3302,2,'12',15,1,'张丽丽','2019-05-27 09:58:03','会计模拟实验',133,10),(3303,2,'34',15,1,'张丽丽','2019-05-27 09:58:18','会计模拟实验',133,10),(3304,2,'56',15,1,'张丽丽','2019-05-27 09:58:29','会计模拟实验',133,10),(3305,2,'78',15,1,'张丽丽','2019-05-27 09:58:36','会计模拟实验',133,10),(3306,2,'12',15,2,'张丽丽','2019-05-27 09:58:42','会计模拟实验',133,10),(3307,2,'34',15,2,'张丽丽','2019-05-27 09:58:49','会计模拟实验',133,10),(3308,2,'56',15,2,'张丽丽','2019-05-27 09:58:57','会计模拟实验',133,10),(3309,2,'78',15,2,'张丽丽','2019-05-27 09:59:03','会计模拟实验',133,10),(3310,2,'12',15,3,'张丽丽','2019-05-27 09:59:09','会计模拟实验',133,10),(3311,2,'34',15,3,'张丽丽','2019-05-27 09:59:15','会计模拟实验',133,10),(3312,2,'56',15,3,'张丽丽','2019-05-27 09:59:23','会计模拟实验',133,10),(3313,2,'78',15,3,'张丽丽','2019-05-27 09:59:30','会计模拟实验',133,10),(3314,2,'12',15,4,'张丽丽','2019-05-27 09:59:40','会计模拟实验',133,10),(3315,2,'34',15,4,'张丽丽','2019-05-27 09:59:48','会计模拟实验',133,10),(3316,2,'56',15,4,'张丽丽','2019-05-27 09:59:55','会计模拟实验',133,10),(3317,2,'78',15,4,'张丽丽','2019-05-27 10:00:01','会计模拟实验',133,10),(3318,2,'12',15,5,'张丽丽','2019-05-27 10:00:08','会计模拟实验',133,10),(3319,2,'34',15,5,'张丽丽','2019-05-27 10:00:19','会计模拟实验',133,10),(3320,2,'56',15,5,'张丽丽','2019-05-27 10:00:31','会计模拟实验',133,10),(3321,2,'78',15,5,'张丽丽','2019-05-27 10:00:39','会计模拟实验',133,10),(3322,2,'12',16,1,'张丽丽','2019-05-27 10:00:51','会计模拟实验',133,10),(3323,2,'34',16,1,'张丽丽','2019-05-27 10:00:59','会计模拟实验',133,10),(3324,2,'56',16,1,'张丽丽','2019-05-27 10:01:06','会计模拟实验',133,10),(3325,2,'78',16,1,'张丽丽','2019-05-27 10:01:13','会计模拟实验',133,10),(3326,2,'12',16,2,'张丽丽','2019-05-27 10:01:19','会计模拟实验',133,10),(3327,2,'34',16,2,'张丽丽','2019-05-27 10:01:26','会计模拟实验',133,10),(3328,2,'56',16,2,'张丽丽','2019-05-27 10:01:33','会计模拟实验',133,10),(3329,2,'78',16,2,'张丽丽','2019-05-27 10:01:40','会计模拟实验',133,10),(3330,2,'12',16,3,'张丽丽','2019-05-27 10:01:45','会计模拟实验',133,10),(3331,2,'34',16,3,'张丽丽','2019-05-27 10:01:51','会计模拟实验',133,10),(3332,2,'56',16,3,'张丽丽','2019-05-27 10:01:58','会计模拟实验',133,10),(3333,2,'78',16,3,'张丽丽','2019-05-27 10:02:05','会计模拟实验',133,10),(3334,2,'12',16,4,'张丽丽','2019-05-27 10:02:11','会计模拟实验',133,10),(3335,2,'34',16,4,'张丽丽','2019-05-27 10:02:19','会计模拟实验',133,10),(3336,2,'56',16,4,'张丽丽','2019-05-27 10:02:25','会计模拟实验',133,10),(3337,2,'78',16,4,'张丽丽','2019-05-27 10:02:32','会计模拟实验',133,10),(3338,2,'12',16,5,'张丽丽','2019-05-27 10:02:39','会计模拟实验',133,10),(3339,2,'34',16,5,'张丽丽','2019-05-27 10:02:46','会计模拟实验',133,10),(3340,2,'56',16,5,'张丽丽','2019-05-27 10:02:52','会计模拟实验',133,10),(3341,2,'78',16,5,'张丽丽','2019-05-27 10:02:58','会计模拟实验',133,10),(3342,1,'78',15,1,'陈立军','2019-05-30 18:12:44','数据库原理',106,10),(3343,1,'56',15,1,'陈立军','2019-05-30 18:13:00','数据库原理',106,10),(3344,1,'56',15,2,'陈立军','2019-05-30 18:13:15','数据库原理',106,10),(3345,1,'78',15,2,'陈立军','2019-05-30 18:13:23','数据库原理',106,10),(3348,2,'56',19,1,'许益锋','2019-06-06 09:47:37','企业经营模拟',133,10),(3349,2,'78',19,1,'许益锋','2019-06-06 09:48:04','企业经营模拟',133,10),(3350,2,'12',19,2,'许益锋','2019-06-06 09:48:19','企业经营模拟',133,10),(3351,2,'34',19,2,'许益锋','2019-06-06 09:48:33','企业经营模拟',133,10),(3352,2,'56',19,3,'许益锋','2019-06-06 09:48:54','企业经营模拟',133,10),(3353,2,'78',19,3,'许益锋','2019-06-06 09:49:06','企业经营模拟',133,10),(3354,2,'34',19,4,'许益锋','2019-06-06 09:50:30','企业经营模拟、',133,10),(3357,3,'12',19,5,'许益锋','2019-06-06 09:51:18','企业经营模拟',133,10),(3358,2,'34',19,5,'许益锋','2019-06-06 09:51:30','企业经营模拟',133,10),(3359,2,'56',19,5,'许益锋','2019-06-06 09:51:41','企业经营模拟',133,10),(3360,2,'78',19,5,'许益锋','2019-06-06 09:51:48','企业经营模拟',133,10),(3362,2,'12',19,4,'雷霞','2019-06-06 09:54:57','企业经营模拟',133,10),(3363,2,'12',20,1,'许益锋','2019-06-06 09:56:50','企业经营模拟',133,10),(3364,2,'34',20,1,'许益锋','2019-06-06 09:56:57','企业经营模拟',133,10),(3365,2,'56',20,1,'许益锋','2019-06-06 09:57:04','企业经营模拟',133,10),(3366,2,'78',20,1,'许益锋','2019-06-06 09:57:11','企业经营模拟',133,10),(3367,2,'12',20,2,'许益锋','2019-06-06 09:57:44','企业经营模拟',133,10),(3368,2,'34',20,2,'许益锋','2019-06-06 09:57:55','企业经营模拟',133,10),(3369,1,'12',17,1,'和征','2019-06-17 09:09:52','ERP模拟实验',157,10),(3370,1,'34',17,1,'和征','2019-06-17 09:10:00','ERP模拟实验',157,10),(3371,1,'56',17,1,'和征','2019-06-17 09:10:08','ERP模拟实验',157,10),(3372,1,'78',17,1,'和征','2019-06-17 09:10:11','ERP模拟实验',157,10),(3373,1,'12',17,3,'和征','2019-06-17 09:10:34','ERP模拟实验',157,10),(3374,1,'34',17,3,'和征','2019-06-17 09:10:38','ERP模拟实验',157,10),(3375,1,'12',17,5,'和征','2019-06-17 09:10:50','ERP模拟实验',157,10),(3376,1,'78',17,5,'和征','2019-06-17 09:10:56','ERP模拟实验',157,10),(3377,1,'56',17,5,'和征','2019-06-17 09:10:58','ERP模拟实验',157,10),(3378,1,'34',17,5,'和征','2019-06-17 09:11:00','ERP模拟实验',157,10),(3379,1,'12',18,1,'和征','2019-06-17 09:11:14','ERP模拟实验',157,10),(3380,1,'34',18,1,'和征','2019-06-17 09:11:18','ERP模拟实验',157,10),(3381,1,'34',18,5,'和征','2019-06-17 09:11:44','ERP模拟实验',157,10),(3382,1,'12',18,5,'和征','2019-06-17 09:11:46','ERP模拟实验',157,10),(3383,1,'12',18,3,'和征','2019-06-17 09:11:47','ERP模拟实验',157,10),(3384,1,'34',18,3,'和征','2019-06-17 09:11:49','ERP模拟实验',157,10),(3385,1,'56',18,3,'和征','2019-06-17 09:11:50','ERP模拟实验',157,10),(3386,1,'78',18,3,'和征','2019-06-17 09:11:52','ERP模拟实验',157,10),(3387,1,'78',18,1,'和征','2019-06-17 09:12:08','ERP模拟实验',157,10),(3388,1,'56',18,1,'和征','2019-06-17 09:12:10','ERP模拟实验',157,10),(3389,3,'78',18,5,'和征','2019-06-19 08:52:20','ERP模拟实验',133,10),(3390,2,'56',18,5,'和征','2019-06-19 08:52:24','ERP模拟实验',133,10),(3391,1,'56',18,4,'苟欢迎','2019-06-21 16:05:57','公务员管理',141,10),(3392,1,'78',18,4,'苟欢迎','2019-06-21 16:06:09','公务员管理',141,10),(3393,1,'56',18,5,'苟欢迎','2019-06-21 16:06:20','公务员管理',141,10),(3394,1,'78',18,5,'苟欢迎','2019-06-21 16:06:25','公务员管理',141,10),(3395,1,'56',19,4,'苟欢迎','2019-06-27 14:48:07','公务员管理',141,10),(3396,1,'78',19,4,'苟欢迎','2019-06-27 14:48:26','公务员管理',141,10),(3397,2,'56',19,4,'韩萃鸥','2019-06-27 14:48:45','公务员管理',141,10),(3398,2,'78',19,4,'韩萃鸥','2019-06-27 14:48:59','公务员管理',141,10),(3399,1,'12',19,2,'王渊','2019-06-28 10:58:26','Delphi',2,10),(3400,1,'12',19,3,'王渊','2019-06-28 10:58:32','Delphi',2,10),(3401,1,'12',19,4,'王渊','2019-06-28 10:58:36','Delphi',2,10),(3402,1,'12',19,5,'王渊','2019-06-28 10:58:39','Delphi',2,10),(3403,1,'34',19,2,'王渊','2019-06-28 10:58:44','Delphi',2,10),(3404,1,'34',19,3,'王渊','2019-06-28 10:58:47','Delphi',2,10),(3405,1,'34',19,4,'王渊','2019-06-28 10:58:49','Delphi',2,10),(3406,1,'34',19,5,'王渊','2019-06-28 10:58:54','Delphi',2,10),(3407,1,'56',19,2,'王渊','2019-06-28 10:59:07','Delphi',2,10),(3408,1,'56',19,3,'王渊','2019-06-28 10:59:09','Delphi',2,10),(3409,1,'56',19,5,'王渊','2019-06-28 10:59:12','Delphi',2,10),(3410,1,'78',19,2,'王渊','2019-06-28 10:59:21','Delphi',2,10),(3411,1,'78',19,3,'王渊','2019-06-28 10:59:23','Delphi',2,10),(3412,1,'78',19,5,'王渊','2019-06-28 10:59:25','Delphi',2,10),(3413,1,'12',20,1,'王渊','2019-06-28 10:59:54','Delphi',2,10),(3414,1,'12',20,2,'王渊','2019-06-28 10:59:56','Delphi',2,10),(3415,1,'12',20,3,'王渊','2019-06-28 11:00:02','Delphi',2,10),(3416,1,'12',20,4,'王渊','2019-06-28 11:00:05','Delphi',2,10),(3417,1,'12',20,5,'王渊','2019-06-28 11:00:08','Delphi',2,10),(3418,1,'12',20,5,'王渊','2019-06-28 11:00:08','Delphi',2,10),(3419,1,'34',20,1,'王渊','2019-06-28 11:00:12','Delphi',2,10),(3420,1,'34',20,2,'王渊','2019-06-28 11:00:14','Delphi',2,10),(3421,1,'34',20,3,'王渊','2019-06-28 11:00:17','Delphi',2,10),(3422,1,'34',20,4,'王渊','2019-06-28 11:00:20','Delphi',2,10),(3423,1,'34',20,5,'王渊','2019-06-28 11:00:22','Delphi',2,10),(3424,1,'56',20,1,'王渊','2019-06-28 11:00:25','Delphi',2,10),(3425,1,'56',20,2,'王渊','2019-06-28 11:00:27','Delphi',2,10),(3426,1,'56',20,3,'王渊','2019-06-28 11:00:34','Delphi',2,10),(3427,1,'56',20,4,'王渊','2019-06-28 11:00:37','Delphi',2,10),(3428,1,'56',20,5,'王渊','2019-06-28 11:00:39','Delphi',2,10),(3429,1,'78',20,1,'王渊','2019-06-28 11:00:43','Delphi',2,10),(3430,1,'78',20,2,'王渊','2019-06-28 11:00:46','Delphi',2,10),(3431,1,'78',20,3,'王渊','2019-06-28 11:00:48','Delphi',2,10),(3432,1,'78',20,4,'王渊','2019-06-28 11:00:50','Delphi',2,10),(3433,1,'78',20,5,'王渊','2019-06-28 11:00:53','Delphi',2,10),(3434,7,'34',1,1,'郭晶','2019-08-24 10:59:14','创业概论与实训',160,11),(3435,7,'78',1,1,'刘瑞霞','2019-08-24 10:59:43','创业概论与实训',160,11),(3436,7,'56',1,1,'刘瑞霞','2019-08-24 10:59:46','创业概论与实训',160,11),(3439,7,'56',1,2,'郭晶','2019-08-24 11:01:06','创业概论与实训',160,11),(3440,7,'12',1,3,'刘瑞霞','2019-08-24 11:01:37','创业概论与实训',160,11),(3441,7,'34',1,3,'郭晶','2019-08-24 11:01:59','创业概论与实训',160,11),(3442,7,'56',1,3,'郭晶','2019-08-24 11:02:05','创业概论与实训',160,11),(3443,7,'56',1,4,'郭晶','2019-08-24 11:02:27','创业概论与实训',160,11),(3444,7,'34',1,5,'郭晶','2019-08-24 11:02:32','创业概论与实训',160,11),(3445,7,'34',2,1,'郭晶','2019-08-24 11:03:24','创业概论与实训',160,11),(3446,7,'56',2,1,'郭晶','2019-08-24 11:03:29','创业概论与实训',160,11),(3447,7,'78',2,1,'郭晶','2019-08-24 11:03:35','创业概论与实训',160,11),(3448,7,'56',2,2,'郭晶','2019-08-24 11:03:50','创业概论与实训',160,11),(3449,7,'34',2,2,'郭晶','2019-08-24 11:03:51','创业概论与实训',160,11),(3450,7,'12',2,3,'郭晶','2019-08-24 11:04:01','创业概论与实训',160,11),(3451,7,'34',2,3,'许益锋','2019-08-24 11:04:22','创业概论与实训',160,11),(3452,7,'56',2,3,'许益锋','2019-08-24 11:04:31','创业概论与实训',160,11),(3453,7,'56',2,4,'许益锋','2019-08-24 11:04:44','创业概论与实训',160,11),(3454,7,'34',2,5,'许益锋','2019-08-24 11:04:52','创业概论与实训',160,11),(3455,7,'34',3,1,'许益锋','2019-08-24 11:05:21','创业概论与实训',160,11),(3456,7,'56',3,1,'许益锋','2019-08-24 11:05:25','创业概论与实训',160,11),(3457,7,'78',3,1,'许益锋','2019-08-24 11:05:29','创业概论与实训',160,11),(3458,7,'34',3,2,'张余丹','2019-08-24 11:06:30','创业概论与实训',160,11),(3459,7,'56',3,2,'张余丹','2019-08-24 11:06:40','创业概论与实训',160,11),(3460,7,'12',3,3,'许益锋','2019-08-24 11:07:00','创业概论与实训',160,11),(3461,7,'34',3,3,'许益锋','2019-08-24 11:07:03','创业概论与实训',160,11),(3462,7,'56',3,3,'许益锋','2019-08-24 11:07:08','创业概论与实训',160,11),(3463,7,'56',3,4,'许益锋','2019-08-24 11:07:14','创业概论与实训',160,11),(3464,7,'34',3,5,'许益锋','2019-08-24 11:07:19','创业概论与实训',160,11),(3465,7,'34',4,1,'张余丹','2019-08-24 11:07:50','创业概论与实训',160,11),(3466,7,'56',4,1,'张余丹','2019-08-24 11:07:54','创业概论与实训',160,11),(3467,7,'78',4,1,'张余丹','2019-08-24 11:07:58','创业概论与实训',160,11),(3468,7,'34',4,2,'张余丹','2019-08-24 11:08:01','创业概论与实训',160,11),(3469,7,'56',4,2,'张余丹','2019-08-24 11:08:05','创业概论与实训',160,11),(3470,7,'12',4,3,'张余丹','2019-08-24 11:08:09','创业概论与实训',160,11),(3471,7,'34',4,3,'张余丹','2019-08-24 11:08:13','创业概论与实训',160,11),(3472,7,'56',4,3,'张余丹','2019-08-24 11:08:17','创业概论与实训',160,11),(3473,7,'56',4,4,'张余丹','2019-08-24 11:08:23','创业概论与实训',160,11),(3474,7,'34',4,5,'张余丹','2019-08-24 11:08:42','创业概论与实训',160,11),(3475,7,'34',5,1,'宋玉','2019-08-24 11:09:25','创业概论与实训',160,11),(3476,7,'56',5,1,'宋玉','2019-08-24 11:09:35','创业概论与实训',160,11),(3477,7,'78',5,1,'宋玉','2019-08-24 11:09:39','创业概论与实训',160,11),(3478,7,'34',5,2,'宋玉','2019-08-24 11:09:43','创业概论与实训',160,11),(3479,7,'56',5,2,'宋玉','2019-08-24 11:09:46','创业概论与实训',160,11),(3480,7,'12',5,3,'宋玉','2019-08-24 11:09:54','创业概论与实训',160,11),(3481,7,'34',5,3,'宋玉','2019-08-24 11:09:57','创业概论与实训',160,11),(3482,7,'56',5,3,'宋玉','2019-08-24 11:10:02','创业概论与实训',160,11),(3483,7,'56',5,4,'宋玉','2019-08-24 11:10:06','创业概论与实训',160,11),(3484,7,'34',5,5,'宋玉','2019-08-24 11:10:10','创业概论与实训',160,11),(3495,7,'78',1,2,'郭晶','2019-08-24 11:43:31','创业概论与实训',160,11),(3496,7,'78',2,2,'郭晶','2019-08-24 11:43:41','创业概论与实训',160,11),(3497,7,'78',3,2,'张余丹','2019-08-24 11:43:51','创业概论与实训',160,11),(3498,7,'78',4,2,'张余丹','2019-08-24 11:44:02','创业概论与实训',160,11),(3499,7,'78',5,2,'宋玉','2019-08-24 11:44:11','创业概论与实训',160,11),(3501,2,'12',1,1,'许益锋','2019-08-24 15:37:49','企业经营模拟',133,11),(3502,2,'34',1,1,'许益锋','2019-08-24 15:38:13','企业经营模拟',133,11),(3503,2,'34',1,2,'许益锋','2019-08-24 15:38:34','企业经营模拟',133,11),(3504,2,'12',1,2,'许益锋','2019-08-24 15:38:59','企业经营模拟',133,11),(3505,2,'56',1,3,'许益锋','2019-08-24 15:40:04','企业经营模拟',133,11),(3506,2,'78',1,3,'许益锋','2019-08-24 15:40:14','企业经营模拟',133,11),(3507,2,'12',1,4,'许益锋','2019-08-24 15:40:34','企业经营模拟',133,11),(3508,2,'34',1,4,'许益锋','2019-08-24 15:40:45','企业经营模拟',133,11),(3509,2,'56',1,5,'许益锋','2019-08-24 15:41:01','企业经营模拟',133,11),(3510,2,'78',1,5,'许益锋','2019-08-24 15:41:11','企业经营模拟',133,11),(3511,2,'56',2,1,'许益锋','2019-08-24 15:41:27','企业经营模拟',133,11),(3512,2,'78',2,1,'许益锋','2019-08-24 15:41:36','企业经营模拟',133,11),(3513,2,'56',2,2,'许益锋','2019-08-24 15:41:51','企业经营模拟',133,11),(3514,2,'78',2,2,'许益锋','2019-08-24 15:41:59','企业经营模拟',133,11),(3515,2,'12',2,2,'许益锋','2019-08-24 15:42:10','企业经营模拟',133,11),(3516,2,'34',2,2,'许益锋','2019-08-24 15:42:17','企业经营模拟',133,11),(3517,2,'12',2,4,'许益锋','2019-08-24 15:42:32','企业经营模拟',133,11),(3518,2,'34',2,4,'许益锋','2019-08-24 15:42:39','企业经营模拟',133,11),(3519,2,'56',2,5,'许益锋','2019-08-24 15:43:11','企业经营模拟',133,11),(3520,2,'78',2,5,'许益锋','2019-08-24 15:43:24','企业经营模拟',133,11),(3521,3,'12',17,2,'吴芳','2019-08-24 16:20:27','人力资源培训与开发',103,11),(3522,3,'12',18,2,'吴芳','2019-08-24 16:20:57','人力资源培训与开发',103,11),(3523,3,'34',19,2,'吴芳','2019-08-24 16:22:54','人力资源培训与开发',103,11),(3524,7,'34',1,2,'郭晶','2019-08-24 16:25:59','创业概论与实训',160,11),(3527,1,'34',4,2,'吴桂芹','2019-08-25 08:58:38','数据结构',108,11),(3528,1,'12',1,1,'吴桂芹','2019-08-25 08:59:06','VC',108,11),(3529,1,'34',1,1,'吴桂芹','2019-08-25 08:59:17','VC',108,11),(3530,1,'34',1,2,'吴桂芹','2019-08-25 08:59:33','VC',108,11),(3532,1,'34',1,4,'吴桂芹','2019-08-25 09:00:30','VC',108,11),(3533,1,'56',1,4,'吴桂芹','2019-08-25 09:01:06','VC',108,11),(3534,2,'78',1,4,'吴桂芹','2019-08-25 09:01:12','VC',108,11),(3535,1,'12',1,3,'吴桂芹','2019-08-25 09:01:41','VC',108,11),(3536,1,'12',2,1,'吴桂芹','2019-08-26 20:36:20','VC',108,11),(3537,1,'34',2,1,'吴桂芹','2019-08-26 20:36:30','VC',108,11),(3538,1,'12',2,3,'吴桂芹','2019-08-26 20:36:36','VC',108,11),(3539,1,'34',2,3,'吴桂芹','2019-08-26 20:36:41','VC',108,11),(3540,1,'12',2,5,'吴桂芹','2019-08-26 20:36:46','VC',108,11),(3541,1,'34',2,5,'吴桂芹','2019-08-26 20:36:50','VC',108,11),(3542,1,'34',2,2,'吴桂芹','2019-08-26 20:37:11','VC',108,11),(3543,1,'56',2,2,'吴桂芹','2019-08-26 20:46:47','VC',108,11),(3544,1,'78',2,2,'吴桂芹','2019-08-26 20:46:51','VC',108,11),(3548,1,'34',10,2,'吴桂芹','2019-08-26 20:48:33','数据结构',108,11),(3549,3,'12',19,2,'吴芳','2019-08-28 17:57:38','人力资源培训与开发',103,11),(3550,2,'12',3,1,'徐玲','2019-08-30 14:17:43','外贸模拟实验',133,11),(3551,2,'34',3,1,'徐玲','2019-08-30 14:18:09','外贸模拟实验',133,11),(3552,2,'12',3,2,'徐玲','2019-08-30 14:33:47','外贸模拟实验',133,11),(3553,2,'34',3,2,'徐玲','2019-08-30 14:33:54','外贸模拟实验',133,11),(3554,2,'12',3,3,'徐玲','2019-08-30 14:34:00','外贸模拟实验',133,11),(3555,2,'34',3,3,'徐玲','2019-08-30 14:34:09','外贸模拟实验',133,11),(3556,2,'12',3,4,'徐玲','2019-08-30 14:34:16','外贸模拟实验',133,11),(3557,2,'34',3,4,'徐玲','2019-08-30 14:34:25','外贸模拟实验',133,11),(3558,2,'12',3,5,'徐玲','2019-08-30 14:34:32','外贸模拟实验',133,11),(3559,2,'34',3,5,'徐玲','2019-08-30 14:34:39','外贸模拟实验',133,11),(3560,2,'12',4,1,'徐玲','2019-08-30 15:50:27','外贸模拟实验',133,11),(3561,2,'34',4,1,'徐玲','2019-08-30 15:50:36','外贸模拟实验',133,11),(3562,2,'12',4,2,'徐玲','2019-08-30 15:50:44','外贸模拟实验',133,11),(3563,2,'34',4,2,'徐玲','2019-08-30 15:50:52','外贸模拟实验',133,11),(3564,2,'12',4,3,'徐玲','2019-08-30 15:53:04','外贸模拟实验',133,11),(3565,2,'34',4,3,'徐玲','2019-08-30 15:53:10','外贸模拟实验',133,11),(3566,2,'12',4,4,'徐玲','2019-08-30 15:53:15','外贸模拟实验',133,11),(3567,2,'34',4,4,'徐玲','2019-08-30 15:53:22','外贸模拟实验',133,11),(3568,2,'12',4,5,'徐玲','2019-08-30 15:53:27','外贸模拟实验',133,11),(3569,2,'34',4,5,'徐玲','2019-08-30 15:53:34','外贸模拟实验',133,11),(3570,1,'34',2,4,'吴桂芹','2019-09-01 08:32:43','VC',108,11),(3571,2,'12',5,1,'徐玲','2019-09-02 09:19:08','外贸模拟实验',133,11),(3572,2,'34',5,1,'徐玲','2019-09-02 09:19:15','外贸模拟实验',133,11),(3573,2,'12',5,2,'徐玲','2019-09-02 09:19:21','外贸模拟实验',133,11),(3574,2,'34',5,2,'徐玲','2019-09-02 09:19:26','外贸模拟实验',133,11),(3575,2,'12',5,3,'徐玲','2019-09-02 09:19:32','外贸模拟实验',133,11),(3576,2,'34',5,3,'徐玲','2019-09-02 09:19:37','外贸模拟实验',133,11),(3577,2,'12',5,4,'徐玲','2019-09-02 09:19:46','外贸模拟实验',133,11),(3578,2,'34',5,4,'徐玲','2019-09-02 09:19:52','外贸模拟实验',133,11),(3579,2,'12',5,5,'徐玲','2019-09-02 09:20:37','外贸模拟实验',133,11),(3580,2,'34',5,5,'徐玲','2019-09-02 09:20:43','外贸模拟实验',133,11),(3581,2,'12',6,1,'徐玲','2019-09-02 09:21:24','外贸模拟实验',133,11),(3582,2,'34',6,1,'徐玲','2019-09-02 09:21:33','外贸模拟实验',133,11),(3583,2,'12',6,2,'徐玲','2019-09-02 09:21:39','外贸模拟实验',133,11),(3584,2,'34',6,2,'徐玲','2019-09-02 09:21:45','外贸模拟实验',133,11),(3585,2,'12',6,3,'徐玲','2019-09-02 09:21:51','外贸模拟实验',133,11),(3586,2,'34',6,3,'徐玲','2019-09-02 09:21:58','外贸模拟实验',133,11),(3587,2,'12',6,4,'徐玲','2019-09-02 09:22:03','外贸模拟实验',133,11),(3588,2,'34',6,4,'徐玲','2019-09-02 09:22:09','外贸模拟实验',133,11),(3589,2,'12',6,5,'徐玲','2019-09-02 09:22:15','外贸模拟实验',133,11),(3590,2,'34',6,5,'徐玲','2019-09-02 09:22:28','外贸模拟实验',133,11),(3591,2,'12',7,1,'徐玲','2019-09-02 09:22:39','外贸模拟实验',133,11),(3592,2,'34',7,1,'徐玲','2019-09-02 09:22:46','外贸模拟实验',133,11),(3593,2,'12',7,2,'徐玲','2019-09-02 09:22:53','外贸模拟实验',133,11),(3594,2,'34',7,2,'徐玲','2019-09-02 09:23:00','外贸模拟实验',133,11),(3595,2,'12',7,3,'徐玲','2019-09-02 09:23:05','外贸模拟实验',133,11),(3596,2,'34',7,3,'徐玲','2019-09-02 09:23:11','外贸模拟实验',133,11),(3597,2,'12',7,4,'徐玲','2019-09-02 09:23:24','外贸模拟实验',133,11),(3598,2,'34',7,4,'徐玲','2019-09-02 09:23:29','外贸模拟实验',133,11),(3599,2,'12',7,5,'徐玲','2019-09-02 09:23:34','外贸模拟实验',133,11),(3600,2,'34',7,5,'徐玲','2019-09-02 09:23:41','外贸模拟实验',133,11),(3601,2,'12',8,1,'徐玲','2019-09-02 09:23:53','外贸模拟实验',133,11),(3602,2,'34',8,1,'徐玲','2019-09-02 09:23:59','外贸模拟实验',133,11),(3603,2,'12',8,2,'徐玲','2019-09-02 09:24:05','外贸模拟实验',133,11),(3604,2,'34',8,2,'徐玲','2019-09-02 09:24:10','外贸模拟实验',133,11),(3605,2,'12',8,3,'徐玲','2019-09-02 09:24:16','外贸模拟实验',133,11),(3606,2,'34',8,3,'徐玲','2019-09-02 09:24:21','外贸模拟实验',133,11),(3607,2,'12',8,4,'徐玲','2019-09-02 09:24:26','外贸模拟实验',133,11),(3608,2,'34',8,4,'徐玲','2019-09-02 09:24:32','外贸模拟实验',133,11),(3609,2,'12',8,5,'徐玲','2019-09-02 09:24:37','外贸模拟实验',133,11),(3610,2,'34',8,5,'徐玲','2019-09-02 09:24:43','外贸模拟实验',133,11),(3611,3,'12',3,1,'姚景源','2019-09-03 11:30:28','证券投资学实验',157,11),(3612,3,'12',3,2,'姚景源','2019-09-03 11:31:02','证券投资学实验',157,11),(3613,3,'12',3,3,'姚景源','2019-09-03 11:31:11','证券投资学实验',157,11),(3614,3,'12',3,4,'姚景源','2019-09-03 11:31:17','证券投资学实验',157,11),(3615,3,'12',3,5,'姚景源','2019-09-03 11:31:24','证券投资学实验',157,11),(3616,3,'34',3,2,'姚景源','2019-09-03 11:32:00','证券投资学实验',157,11),(3617,3,'34',3,3,'姚景源','2019-09-03 11:32:08','证券投资学实验',157,11),(3618,3,'34',3,5,'姚景源','2019-09-03 11:32:16','证券投资学实验',157,11),(3619,3,'34',3,4,'姚景源','2019-09-03 11:32:22','证券投资学实验',157,11),(3620,3,'12',4,2,'姚景源','2019-09-03 11:32:39','证券投资学实验',157,11),(3621,3,'12',4,3,'姚景源','2019-09-03 11:32:45','证券投资学实验',157,11),(3622,3,'12',4,4,'姚景源','2019-09-03 11:32:51','证券投资学实验',157,11),(3623,3,'12',4,5,'姚景源','2019-09-03 11:32:57','证券投资学实验',157,11),(3624,3,'34',4,2,'姚景源','2019-09-03 11:33:08','证券投资学实验',157,11),(3625,3,'34',4,3,'姚景源','2019-09-03 11:33:14','证券投资学实验',157,11),(3626,3,'34',4,4,'姚景源','2019-09-03 11:33:19','证券投资学实验',157,11),(3627,3,'34',4,5,'姚景源','2019-09-03 11:33:26','证券投资学实验',157,11),(3628,3,'12',5,2,'姚景源','2019-09-03 11:33:48','证券投资学实验',157,11),(3629,3,'12',5,3,'姚景源','2019-09-03 11:33:54','证券投资学实验',157,11),(3630,3,'12',5,4,'姚景源','2019-09-03 11:34:00','证券投资学实验',157,11),(3631,3,'12',5,5,'姚景源','2019-09-03 11:34:09','证券投资学实验',157,11),(3632,3,'34',5,2,'姚景源','2019-09-03 11:34:36','证券投资学实验',157,11),(3633,3,'34',5,3,'姚景源','2019-09-03 11:34:44','证券投资学实验',157,11),(3634,3,'34',5,4,'姚景源','2019-09-03 11:34:52','证券投资学实验',157,11),(3635,3,'34',5,5,'姚景源','2019-09-03 11:34:59','证券投资学实验',157,11),(3636,3,'12',5,1,'姚景源','2019-09-03 11:35:12','证券投资学实验',157,11),(3637,3,'34',5,1,'姚景源','2019-09-03 11:35:17','证券投资学实验',157,11),(3638,3,'12',4,1,'姚景源','2019-09-03 11:35:39','证券投资学实验',157,11),(3639,3,'34',4,1,'姚景源','2019-09-03 11:35:45','证券投资学实验',157,11),(3640,3,'34',3,1,'姚景源','2019-09-03 11:35:58','证券投资学实验',157,11),(3680,1,'56',3,1,'杨晓燕','2019-09-04 11:32:45','SAP',141,11),(3681,1,'78',3,1,'杨晓燕','2019-09-04 11:33:01','SAP',141,11),(3682,1,'56',3,2,'杨晓燕','2019-09-04 11:33:28','SAP',141,11),(3683,1,'78',3,2,'杨晓燕','2019-09-04 11:33:33','SAP',141,11),(3684,1,'12',3,3,'杨晓燕','2019-09-04 11:33:39','SAP',141,11),(3685,1,'34',3,3,'杨晓燕','2019-09-04 11:33:44','SAP',141,11),(3686,1,'12',3,5,'杨晓燕','2019-09-04 11:33:56','SAP',141,11),(3687,1,'34',3,5,'杨晓燕','2019-09-04 11:34:01','SAP',141,11),(3688,1,'12',3,4,'杨晓燕','2019-09-04 11:34:07','SAP',141,11),(3689,1,'34',3,4,'杨晓燕','2019-09-04 11:34:11','SAP',141,11),(3690,1,'56',4,1,'杨晓燕','2019-09-04 11:34:28','SAP',141,11),(3691,1,'78',4,1,'杨晓燕','2019-09-04 11:34:32','SAP',141,11),(3692,1,'56',4,2,'杨晓燕','2019-09-04 11:34:39','SAP',141,11),(3693,1,'78',4,2,'杨晓燕','2019-09-04 11:34:42','SAP',141,11),(3694,1,'12',4,3,'杨晓燕','2019-09-04 11:34:49','SAP',141,11),(3695,1,'34',4,3,'杨晓燕','2019-09-04 11:34:55','SAP',141,11),(3696,1,'12',4,4,'杨晓燕','2019-09-04 11:35:02','SAP',141,11),(3697,1,'34',4,4,'杨晓燕','2019-09-04 11:35:07','SAP',141,11),(3698,1,'12',4,5,'杨晓燕','2019-09-04 11:35:11','SAP',141,11),(3699,1,'34',4,5,'杨晓燕','2019-09-04 11:35:16','SAP',141,11),(3702,1,'12',5,3,'白晓波','2019-09-04 13:24:37','Web应用开发实践',157,11),(3703,1,'12',5,4,'白晓波','2019-09-04 13:24:38','Web应用开发实践',157,11),(3704,1,'12',5,5,'白晓波','2019-09-04 13:24:39','Web应用开发实践',157,11),(3707,1,'34',5,3,'白晓波','2019-09-04 13:24:43','Web应用开发实践',157,11),(3708,1,'34',5,4,'白晓波','2019-09-04 13:24:44','Web应用开发实践',157,11),(3709,1,'34',5,5,'白晓波','2019-09-04 13:24:46','Web应用开发实践',157,11),(3710,1,'34',6,5,'白晓波','2019-09-04 13:25:07','Web应用开发实践',157,11),(3711,1,'34',6,4,'白晓波','2019-09-04 13:25:08','Web应用开发实践',157,11),(3712,1,'34',6,3,'白晓波','2019-09-04 13:25:09','Web应用开发实践',157,11),(3713,1,'34',6,2,'白晓波','2019-09-04 13:25:10','Web应用开发实践',157,11),(3714,1,'34',6,1,'白晓波','2019-09-04 13:25:12','Web应用开发实践',157,11),(3715,1,'12',6,1,'白晓波','2019-09-04 13:25:13','Web应用开发实践',157,11),(3716,1,'12',6,2,'白晓波','2019-09-04 13:25:14','Web应用开发实践',157,11),(3717,1,'12',6,3,'白晓波','2019-09-04 13:25:16','Web应用开发实践',157,11),(3718,1,'12',6,4,'白晓波','2019-09-04 13:25:17','Web应用开发实践',157,11),(3719,1,'12',6,5,'白晓波','2019-09-04 13:25:19','Web应用开发实践',157,11),(3720,2,'78',3,2,'吴桂芹','2019-09-06 10:27:54','数据结构',141,11),(3729,1,'56',5,4,'白晓波','2019-09-19 17:30:08','Web应用开发实践',157,11),(3730,1,'78',5,4,'白晓波','2019-09-19 17:30:12','Web应用开发实践',157,11),(3731,1,'56',6,2,'白晓波','2019-09-19 17:30:28','Web应用开发实践',157,11),(3732,1,'78',6,2,'白晓波','2019-09-19 17:30:31','Web应用开发实践',157,11),(3733,3,'34',6,1,'刘世铎','2019-09-20 09:53:38','商业银行经营与管理',153,11),(3735,3,'34',6,3,'刘世铎','2019-09-20 09:53:52','商业银行经营与管理',153,11),(3736,3,'12',6,1,'刘世铎','2019-09-20 09:53:56','商业银行经营与管理',153,11),(3737,3,'12',6,2,'刘世铎','2019-09-20 09:54:00','商业银行经营与管理',153,11),(3738,3,'12',6,3,'刘世铎','2019-09-20 09:54:04','商业银行经营与管理',153,11),(3739,3,'12',6,4,'刘世铎','2019-09-20 09:54:08','商业银行经营与管理',153,11),(3740,3,'12',6,5,'刘世铎','2019-09-20 09:54:12','商业银行经营与管理',153,11),(3741,3,'34',6,4,'刘世铎','2019-09-20 09:54:16','商业银行经营与管理',153,11),(3742,3,'34',6,5,'刘世铎','2019-09-20 09:54:19','商业银行经营与管理',153,11),(3766,1,'56',7,4,'张彤','2019-09-20 12:00:33','运筹学A(信管)',138,11),(3767,1,'78',8,4,'张彤','2019-09-20 12:12:37','运筹学A(工管)',138,11),(3768,7,'12',7,3,'王渊','2019-09-23 17:10:26','创业概论与实训',160,11),(3769,7,'34',7,3,'王渊','2019-09-23 17:10:39','创业概论与实训',160,11),(3770,7,'56',7,3,'王渊','2019-09-23 17:10:45','创业概论与实训',160,11),(3771,7,'78',7,3,'王渊','2019-09-23 17:10:50','创业概论与实训',160,11),(3772,7,'34',7,2,'张余丹','2019-09-23 17:11:08','创业概论与实训',160,11),(3773,7,'56',7,2,'郭晶','2019-09-23 17:11:21','创业概论与实训',160,11),(3774,7,'78',7,2,'郭晶','2019-09-23 17:11:28','创业概论与实训',160,11),(3775,7,'911',7,4,'许益锋','2019-09-23 17:11:48','创业管理公选课',160,11),(3776,7,'911',8,4,'许益锋','2019-09-23 17:12:09','创业管理公选课',160,11),(3777,7,'911',9,4,'宋玉','2019-09-23 17:12:36','创业管理公选课',160,11),(3778,7,'911',10,4,'王渊','2019-09-23 17:12:47','创业管理公选课',160,11),(3779,7,'911',11,4,'王渊','2019-09-23 17:12:58','创业管理公选课',160,11),(3780,7,'34',6,1,'宋玉','2019-09-23 17:18:42','创业概论与实训',160,11),(3781,7,'56',6,1,'宋玉','2019-09-23 17:18:52','创业概论与实训',160,11),(3782,7,'78',6,1,'宋玉','2019-09-23 17:18:56','创业概论与实训',160,11),(3783,7,'34',6,5,'张余丹','2019-09-23 17:19:25','创业概论与实训',160,11),(3784,1,'78',7,2,'吴桂芹','2019-09-26 22:22:03','数据结构',108,11),(3785,2,'56',7,3,'孙晓华','2019-09-27 15:02:22','人力资源管理',133,11),(3786,1,'78',7,3,'孙晓华','2019-09-27 15:02:46','人力资源管理',133,11),(3787,3,'56',7,1,'刘世铎','2019-09-30 10:45:14','商业银行经营与管理',157,11),(3788,3,'78',7,1,'刘世铎','2019-09-30 10:45:23','商业银行经营与管理',157,11),(3789,3,'56',7,2,'刘世铎','2019-09-30 10:45:29','商业银行经营与管理',157,11),(3790,3,'78',7,2,'刘世铎','2019-09-30 10:45:36','商业银行经营与管理',157,11),(3791,3,'78',7,2,'刘世铎','2019-09-30 10:45:36','商业银行经营与管理',157,11),(3792,3,'56',7,3,'刘世铎','2019-09-30 10:45:44','商业银行经营与管理',157,11),(3793,3,'78',7,3,'刘世铎','2019-09-30 10:45:49','商业银行经营与管理',157,11),(3794,3,'56',7,4,'刘世铎','2019-09-30 10:45:54','商业银行经营与管理',157,11),(3795,3,'78',7,4,'刘世铎','2019-09-30 10:46:02','商业银行经营与管理',157,11),(3796,3,'56',7,5,'刘世铎','2019-09-30 10:46:29','商业银行经营与管理',157,11),(3797,3,'56',7,5,'刘世铎','2019-09-30 10:46:31','商业银行经营与管理',157,11),(3798,3,'78',7,5,'刘世铎','2019-09-30 10:46:39','商业银行经营与管理',157,11),(3799,3,'78',7,5,'刘世铎','2019-09-30 10:46:41','商业银行经营与管理',157,11),(3800,3,'56',8,1,'刘世铎','2019-09-30 10:46:52','商业银行经营与管理',157,11),(3801,3,'56',8,1,'刘世铎','2019-09-30 10:46:54','商业银行经营与管理',157,11),(3802,3,'78',8,1,'刘世铎','2019-09-30 10:47:01','商业银行经营与管理',157,11),(3803,3,'78',8,1,'刘世铎','2019-09-30 10:47:01','商业银行经营与管理',157,11),(3804,3,'56',8,2,'刘世铎','2019-09-30 10:47:10','商业银行经营与管理',157,11),(3805,3,'56',8,2,'刘世铎','2019-09-30 10:47:12','商业银行经营与管理',157,11),(3806,3,'78',8,2,'刘世铎','2019-09-30 10:47:25','商业银行经营与管理',157,11),(3807,3,'56',8,3,'刘世铎','2019-09-30 10:47:29','商业银行经营与管理',157,11),(3808,3,'78',8,3,'刘世铎','2019-09-30 10:47:33','商业银行经营与管理',157,11),(3809,3,'78',8,3,'刘世铎','2019-09-30 10:47:35','商业银行经营与管理',157,11),(3810,3,'56',8,4,'刘世铎','2019-09-30 10:47:39','商业银行经营与管理',157,11),(3811,3,'78',8,4,'刘世铎','2019-09-30 10:47:47','商业银行经营与管理',157,11),(3812,3,'56',8,5,'刘世铎','2019-09-30 10:47:53','商业银行经营与管理',157,11),(3813,3,'78',8,5,'刘世铎','2019-09-30 10:47:59','商业银行经营与管理',157,11),(3837,2,'12',13,1,'许益锋','2019-10-16 08:35:19','企业经营模拟',2,11),(3838,2,'12',13,2,'许益锋','2019-10-16 08:35:21','企业经营模拟',2,11),(3840,2,'12',13,4,'许益锋','2019-10-16 08:35:28','企业经营模拟',2,11),(3842,2,'34',13,1,'许益锋','2019-10-16 08:35:33','企业经营模拟',2,11),(3843,2,'34',13,2,'许益锋','2019-10-16 08:35:35','企业经营模拟',2,11),(3845,2,'34',13,4,'许益锋','2019-10-16 08:35:42','企业经营模拟',2,11),(3847,1,'34',11,2,'吴桂芹','2019-10-23 18:56:08','数据结构',108,11),(3848,2,'56',12,1,'许益锋','2019-10-29 10:18:53','企业经营模拟',141,11),(3849,2,'78',12,1,'许益锋','2019-10-29 10:19:25','企业经营模拟',141,11),(3850,2,'56',12,2,'许益锋','2019-10-29 10:19:34','企业经营模拟',141,11),(3851,2,'78',12,2,'许益锋','2019-10-29 10:19:38','企业经营模拟',141,11),(3854,2,'56',12,4,'许益锋','2019-10-29 10:19:52','企业经营模拟',141,11),(3855,2,'78',12,4,'许益锋','2019-10-29 10:19:56','企业经营模拟',141,11),(3856,2,'56',12,5,'许益锋','2019-10-29 10:20:00','企业经营模拟',141,11),(3857,2,'78',12,5,'许益锋','2019-10-29 10:20:05','企业经营模拟',141,11),(3858,3,'78',11,4,'张彤','2019-10-30 21:20:38','运筹学A(工管)',138,11),(3859,3,'78',11,2,'张彤','2019-10-30 21:21:54','运筹学A(信管)',138,11),(3862,2,'12',12,3,'许益锋','2019-11-01 11:00:48','企业经营模拟',2,11),(3863,2,'34',12,3,'许益锋','2019-11-01 11:00:57','企业经营模拟',2,11),(3864,2,'56',13,3,'许益锋','2019-11-07 17:21:57','企业经营模拟',141,11),(3865,2,'78',13,3,'许益锋','2019-11-07 17:22:04','企业经营模拟',141,11),(3866,2,'56',13,5,'许益锋','2019-11-07 17:22:10','企业经营模拟',141,11),(3867,2,'78',13,5,'许益锋','2019-11-07 17:22:14','企业经营模拟',141,11),(3868,3,'12',13,1,'王小红','2019-11-13 09:21:05','会计模拟',157,11),(3869,3,'12',13,2,'王小红','2019-11-13 09:21:23','会计模拟',157,11),(3870,3,'12',13,3,'王小红','2019-11-13 09:21:25','会计模拟',157,11),(3871,3,'12',13,4,'王小红','2019-11-13 09:21:30','会计模拟',157,11),(3872,3,'12',13,5,'王小红','2019-11-13 09:21:32','会计模拟',157,11),(3873,3,'34',13,1,'王小红','2019-11-13 09:22:30','会计模拟',157,11),(3874,3,'34',13,2,'王小红','2019-11-13 09:22:33','会计模拟',157,11),(3875,3,'34',13,3,'王小红','2019-11-13 09:22:34','会计模拟',157,11),(3876,3,'34',13,4,'王小红','2019-11-13 09:22:36','会计模拟',157,11),(3877,3,'34',13,5,'王小红','2019-11-13 09:22:37','会计模拟',157,11),(3878,3,'78',14,5,'王小红','2019-11-13 09:23:22','会计模拟',157,11),(3879,3,'78',14,4,'王小红','2019-11-13 09:23:24','会计模拟',157,11),(3880,3,'78',14,3,'王小红','2019-11-13 09:23:25','会计模拟',157,11),(3881,3,'78',14,2,'王小红','2019-11-13 09:23:26','会计模拟',157,11),(3882,3,'78',14,1,'王小红','2019-11-13 09:23:27','会计模拟',157,11),(3883,3,'56',14,1,'王小红','2019-11-13 09:23:28','会计模拟',157,11),(3884,3,'34',14,1,'王小红','2019-11-13 09:23:29','会计模拟',157,11),(3885,3,'12',14,1,'王小红','2019-11-13 09:23:30','会计模拟',157,11),(3886,3,'12',14,2,'王小红','2019-11-13 09:23:32','会计模拟',157,11),(3887,3,'34',14,2,'王小红','2019-11-13 09:23:33','会计模拟',157,11),(3888,3,'56',14,2,'王小红','2019-11-13 09:23:34','会计模拟',157,11),(3889,3,'56',14,3,'王小红','2019-11-13 09:23:36','会计模拟',157,11),(3890,3,'34',14,3,'王小红','2019-11-13 09:23:38','会计模拟',157,11),(3891,3,'12',14,3,'王小红','2019-11-13 09:23:39','会计模拟',157,11),(3892,3,'12',14,4,'王小红','2019-11-13 09:23:41','会计模拟',157,11),(3893,3,'34',14,4,'王小红','2019-11-13 09:23:42','会计模拟',157,11),(3894,3,'56',14,4,'王小红','2019-11-13 09:23:44','会计模拟',157,11),(3895,3,'56',14,5,'王小红','2019-11-13 09:23:45','会计模拟',157,11),(3896,3,'34',14,5,'王小红','2019-11-13 09:23:47','会计模拟',157,11),(3897,3,'12',14,5,'王小红','2019-11-13 09:23:48','会计模拟',157,11),(3898,7,'78',13,5,'王小红','2019-11-13 09:24:25','会计模拟',157,11),(3899,7,'78',13,4,'王小红','2019-11-13 09:24:26','会计模拟',157,11),(3900,7,'78',13,3,'王小红','2019-11-13 09:24:28','会计模拟',157,11),(3901,7,'78',13,2,'王小红','2019-11-13 09:24:29','会计模拟',157,11),(3902,7,'78',13,1,'王小红','2019-11-13 09:24:30','会计模拟',157,11),(3903,7,'56',13,1,'王小红','2019-11-13 09:24:32','会计模拟',157,11),(3904,7,'56',13,2,'王小红','2019-11-13 09:24:34','会计模拟',157,11),(3905,7,'56',13,3,'王小红','2019-11-13 09:24:35','会计模拟',157,11),(3906,7,'56',13,4,'王小红','2019-11-13 09:24:36','会计模拟',157,11),(3907,7,'56',13,5,'王小红','2019-11-13 09:24:38','会计模拟',157,11),(3908,3,'78',13,2,'张彤','2019-11-15 11:00:11','运筹学A(信管)',138,11),(3909,3,'78',13,4,'张彤','2019-11-15 11:00:26','运筹学A(工管)',138,11),(3910,2,'56',14,4,'田谧','2019-11-19 16:02:21','审计',133,11),(3911,2,'78',14,4,'田谧','2019-11-19 16:02:43','审计',133,11),(3912,2,'78',14,2,'张彤','2019-11-22 10:59:51','运筹学A(信管)',138,11),(3914,2,'78',14,3,'张彤','2019-11-22 11:25:51','运筹学A(工管)',138,11),(3915,2,'34',14,4,'刘世铎','2019-11-23 11:55:05','商业银行经营与管理',153,11),(3916,7,'12',20,1,'贾艳玲','2019-11-27 09:53:46','绩效管理课程设计',157,11),(3917,7,'12',20,2,'贾艳玲','2019-11-27 09:55:20','绩效管理课程设计',157,11),(3918,7,'78',20,5,'贾艳玲','2019-11-27 09:55:45','绩效管理课程设计',157,11),(3919,7,'78',20,4,'贾艳玲','2019-11-27 09:55:46','绩效管理课程设计',157,11),(3920,7,'78',20,3,'贾艳玲','2019-11-27 09:55:47','绩效管理课程设计',157,11),(3921,7,'78',20,2,'贾艳玲','2019-11-27 09:55:49','绩效管理课程设计',157,11),(3922,7,'78',20,1,'贾艳玲','2019-11-27 09:55:50','绩效管理课程设计',157,11),(3923,7,'56',20,1,'贾艳玲','2019-11-27 09:55:52','绩效管理课程设计',157,11),(3924,7,'34',20,1,'贾艳玲','2019-11-27 09:56:07','绩效管理课程设计',157,11),(3925,7,'34',20,2,'贾艳玲','2019-11-27 09:56:09','绩效管理课程设计',157,11),(3926,7,'34',20,3,'贾艳玲','2019-11-27 09:56:10','绩效管理课程设计',157,11),(3927,7,'34',20,4,'贾艳玲','2019-11-27 09:56:11','绩效管理课程设计',157,11),(3928,7,'34',20,5,'贾艳玲','2019-11-27 09:56:11','绩效管理课程设计',157,11),(3929,7,'56',20,5,'贾艳玲','2019-11-27 09:56:12','绩效管理课程设计',157,11),(3930,7,'56',20,4,'贾艳玲','2019-11-27 09:56:14','绩效管理课程设计',157,11),(3931,7,'56',20,3,'贾艳玲','2019-11-27 09:56:15','绩效管理课程设计',157,11),(3932,7,'56',20,2,'贾艳玲','2019-11-27 09:56:16','绩效管理课程设计',157,11),(3933,7,'12',20,3,'贾艳玲','2019-11-27 09:56:17','绩效管理课程设计',157,11),(3934,7,'12',20,4,'贾艳玲','2019-11-27 09:56:18','绩效管理课程设计',157,11),(3935,7,'12',20,5,'贾艳玲','2019-11-27 09:56:20','绩效管理课程设计',157,11),(3936,3,'56',16,1,'刘瑞霞','2019-11-29 09:01:45','生产与运作管理',2,11),(3937,3,'78',16,1,'刘瑞霞','2019-11-29 09:01:53','生产与运作管理',2,11),(3938,3,'56',16,3,'刘瑞霞','2019-11-29 09:02:22','生产与运作管理',2,11),(3939,3,'78',16,3,'刘瑞霞','2019-11-29 09:02:26','生产与运作管理',2,11),(3940,3,'34',17,1,'刘瑞霞','2019-11-29 09:02:45','生产与运作管理',2,11),(3941,3,'56',17,1,'刘瑞霞','2019-11-29 09:02:50','生产与运作管理',2,11),(3944,3,'12',17,4,'刘瑞霞','2019-11-29 09:04:45','生产与运作管理',2,11),(3945,3,'34',17,4,'刘瑞霞','2019-11-29 09:04:53','生产与运作管理',2,11),(3947,2,'78',17,4,'高民芳','2019-12-03 10:33:16','财务管理（A）',126,11),(3948,2,'78',18,3,'高民芳','2019-12-03 10:34:16','中级财务管理',126,11),(3949,2,'78',18,4,'高民芳','2019-12-03 10:34:21','中级财务管理',126,11),(3950,3,'56',16,4,'张彤','2019-12-06 10:19:22','运筹学A(工管)',138,11),(3951,3,'78',16,4,'张彤','2019-12-06 10:21:38','运筹学A(信管)',138,11),(3952,1,'34',17,2,'张群林','2019-12-09 11:09:03','公共管理研究方法',91,11),(3953,1,'56',17,5,'张群林','2019-12-09 11:09:27','公共管理研究方法',91,11),(3954,2,'12',19,1,'许益锋','2019-12-10 10:51:43','企业经营模拟',141,11),(3955,2,'34',19,1,'许益锋','2019-12-10 10:51:51','企业经营模拟',141,11),(3956,2,'12',19,2,'许益锋','2019-12-10 10:51:59','企业经营模拟',141,11),(3957,2,'34',19,2,'许益锋','2019-12-10 10:52:04','企业经营模拟',141,11),(3958,2,'12',19,3,'许益锋','2019-12-10 10:52:09','企业经营模拟',141,11),(3959,2,'34',19,3,'许益锋','2019-12-10 10:52:13','企业经营模拟',141,11),(3960,2,'12',19,4,'许益锋','2019-12-10 10:52:20','企业经营模拟',141,11),(3961,2,'34',19,4,'许益锋','2019-12-10 10:52:25','企业经营模拟',141,11),(3962,2,'12',19,5,'许益锋','2019-12-10 10:52:28','企业经营模拟',141,11),(3963,2,'34',19,5,'许益锋','2019-12-10 10:52:33','企业经营模拟',141,11),(3964,2,'12',20,1,'许益锋','2019-12-10 10:52:45','企业经营模拟',141,11),(3965,2,'34',20,1,'许益锋','2019-12-10 10:52:49','企业经营模拟',141,11),(3966,2,'12',20,2,'许益锋','2019-12-10 10:52:53','企业经营模拟',141,11),(3967,2,'34',20,2,'许益锋','2019-12-10 10:52:56','企业经营模拟',141,11),(3968,2,'12',20,3,'许益锋','2019-12-10 10:53:00','企业经营模拟',141,11),(3969,2,'34',20,3,'许益锋','2019-12-10 10:53:04','企业经营模拟',141,11),(3970,2,'12',20,4,'许益锋','2019-12-10 10:53:07','企业经营模拟',141,11),(3971,2,'34',20,4,'许益锋','2019-12-10 10:53:11','企业经营模拟',141,11),(3972,2,'12',20,5,'许益锋','2019-12-10 10:53:15','企业经营模拟',141,11),(3973,2,'34',20,5,'许益锋','2019-12-10 10:53:19','企业经营模拟',141,11),(3974,1,'78',17,3,'李晓敏','2019-12-11 17:52:43','国家公务员管理',157,11),(3975,1,'56',17,3,'李晓敏','2019-12-11 17:52:49','国家公务员管理',157,11),(3976,1,'56',18,3,'李晓敏','2019-12-11 17:53:32','国家公务员管理',157,11),(3977,1,'78',18,3,'李晓敏','2019-12-11 17:53:36','国家公务员管理',157,11),(3978,3,'78',17,4,'薛顺利','2019-12-12 08:18:58','计算机网络',111,11),(3979,3,'78',18,4,'薛顺利','2019-12-18 10:44:48','计算机网络',111,11),(3980,2,'78',19,5,'乔蓓','2019-12-27 10:38:15','SPSS',157,11),(3982,3,'12',1,3,'薛顺利','2020-08-29 14:53:49','管理信息系统',157,12),(3983,2,'34',1,3,'薛顺利','2020-08-29 14:57:58','管理信息系统',157,12),(3984,2,'12',1,5,'薛顺利','2020-08-29 14:58:46','管理信息系统',157,12),(3985,2,'34',1,5,'薛顺利','2020-08-29 14:59:30','管理信息系统',157,12),(3986,2,'56',1,4,'薛顺利','2020-08-29 14:59:59','管理信息系统',157,12),(3987,2,'78',1,4,'薛顺利','2020-08-29 15:00:02','管理信息系统',157,12),(3988,2,'56',1,5,'薛顺利','2020-08-29 15:00:08','管理信息系统',157,12),(3989,2,'78',1,5,'薛顺利','2020-08-29 15:00:12','管理信息系统',157,12),(3990,3,'34',1,3,'申玲','2020-08-29 15:06:21','会计信息化A',141,12),(3991,3,'56',1,3,'申玲','2020-08-29 15:06:37','会计信息化A',141,12),(3992,3,'78',1,3,'申玲','2020-08-29 15:06:44','会计信息化A',141,12),(3993,3,'56',1,4,'申玲','2020-08-29 15:06:55','会计信息化A',141,12),(3994,3,'78',1,4,'申玲','2020-08-29 15:07:00','会计信息化A',141,12),(4001,3,'56',2,2,'刘瑞霞','2020-08-29 15:19:16','生产运作',2,12),(4002,3,'78',2,2,'刘瑞霞','2020-08-29 15:19:20','生产运作',2,12),(4003,3,'911',2,2,'刘瑞霞','2020-08-29 15:19:33','生产运作',2,12),(4011,3,'56',2,4,'申玲','2020-08-29 15:22:17','会计信息化A',141,12),(4012,3,'78',2,4,'申玲','2020-08-29 15:22:22','会计信息化A',141,12),(4016,3,'12',1,5,'申玲','2020-08-29 15:27:58','会计信息化A',141,12),(4017,3,'34',1,5,'申玲','2020-08-29 15:28:12','会计信息化A',141,12),(4018,3,'56',1,5,'申玲','2020-08-29 15:28:23','会计信息化A',141,12),(4019,3,'78',1,5,'申玲','2020-08-29 15:28:28','会计信息化A',141,12),(4028,2,'56',1,3,'许益锋','2020-08-29 15:31:11','企业经营模拟',2,12),(4029,2,'78',1,3,'许益锋','2020-08-29 15:31:14','企业经营模拟',2,12),(4030,2,'911',1,3,'许益锋','2020-08-29 15:31:17','企业经营模拟',2,12),(4031,2,'12',1,4,'许益锋','2020-08-29 15:31:23','企业经营模拟',2,12),(4032,2,'34',1,4,'许益锋','2020-08-29 15:31:28','企业经营模拟',2,12),(4033,2,'911',1,4,'许益锋','2020-08-29 15:31:34','企业经营模拟',2,12),(4035,2,'12',2,1,'许益锋','2020-08-29 15:32:02','企业经营模拟',2,12),(4036,2,'34',2,1,'许益锋','2020-08-29 15:32:05','企业经营模拟',2,12),(4037,2,'56',2,1,'许益锋','2020-08-29 15:32:07','企业经营模拟',2,12),(4038,2,'78',2,1,'许益锋','2020-08-29 15:32:19','企业经营模拟',2,12),(4039,2,'911',2,1,'许益锋','2020-08-29 15:32:24','企业经营模拟',2,12),(4040,2,'12',2,2,'许益锋','2020-08-29 15:32:33','企业经营模拟',2,12),(4041,2,'34',2,2,'许益锋','2020-08-29 15:32:37','企业经营模拟',2,12),(4042,2,'56',2,2,'许益锋','2020-08-29 15:32:45','企业经营模拟',2,12),(4043,2,'78',2,2,'许益锋','2020-08-29 15:32:54','企业经营模拟',2,12),(4044,2,'12',2,3,'许益锋','2020-08-29 15:33:03','企业经营模拟',2,12),(4045,2,'34',2,3,'许益锋','2020-08-29 15:33:06','企业经营模拟',2,12),(4046,2,'56',2,3,'许益锋','2020-08-29 15:33:09','企业经营模拟',2,12),(4047,2,'78',2,3,'许益锋','2020-08-29 15:33:11','企业经营模拟',2,12),(4048,2,'12',2,4,'许益锋','2020-08-29 15:33:26','企业经营模拟',2,12),(4049,2,'34',2,4,'许益锋','2020-08-29 15:33:29','企业经营模拟',2,12),(4050,2,'56',2,4,'许益锋','2020-08-29 15:33:31','企业经营模拟',2,12),(4051,2,'78',2,4,'许益锋','2020-08-29 15:33:33','企业经营模拟',2,12),(4052,2,'12',2,5,'许益锋','2020-08-29 15:33:36','企业经营模拟',2,12),(4053,2,'34',2,5,'许益锋','2020-08-29 15:33:38','企业经营模拟',2,12),(4054,2,'56',2,5,'许益锋','2020-08-29 15:33:40','企业经营模拟',2,12),(4055,2,'78',2,5,'许益锋','2020-08-29 15:33:43','企业经营模拟',2,12),(4058,2,'12',1,3,'许益锋','2020-08-29 15:44:06','企业经营模拟',2,12),(4059,2,'911',2,2,'许益锋','2020-08-29 15:44:13','企业经营模拟',2,12),(4060,2,'911',2,3,'许益锋','2020-08-29 15:44:16','企业经营模拟',2,12),(4061,2,'911',2,4,'许益锋','2020-08-29 15:44:18','企业经营模拟',2,12),(4062,2,'911',2,5,'许益锋','2020-08-29 15:44:23','企业经营模拟',2,12),(4071,1,'78',3,4,'王纯子','2020-08-29 15:55:08','应用统计学',1,12),(4072,1,'911',3,4,'王纯子','2020-08-29 15:55:16','应用统计学',1,12),(4073,1,'78',3,5,'张庆庆','2020-08-29 15:55:29','应用统计学',1,12),(4074,1,'911',3,5,'张庆庆','2020-08-29 15:55:38','应用统计学',1,12),(4075,3,'911',3,4,'张庆庆','2020-08-29 15:55:47','应用统计学',1,12),(4076,3,'78',3,4,'张庆庆','2020-08-29 15:55:50','应用统计学',1,12),(4077,3,'78',3,5,'王纯子','2020-08-29 15:55:56','应用统计学',1,12),(4078,3,'911',3,5,'王纯子','2020-08-29 15:55:59','应用统计学',1,12),(4079,1,'78',4,4,'王纯子','2020-08-29 15:56:32','应用统计学',1,12),(4080,1,'911',4,4,'王纯子','2020-08-29 15:56:35','应用统计学',1,12),(4081,1,'78',4,5,'王纯子','2020-08-29 15:56:39','应用统计学',1,12),(4082,1,'911',4,5,'王纯子','2020-08-29 15:56:41','应用统计学',1,12),(4083,3,'78',4,4,'张庆庆','2020-08-29 15:56:52','应用统计学',1,12),(4084,3,'78',4,5,'张庆庆','2020-08-29 15:57:15','应用统计学',1,12),(4085,3,'911',4,4,'张庆庆','2020-08-29 15:57:17','应用统计学',1,12),(4086,3,'911',4,5,'张庆庆','2020-08-29 15:57:20','应用统计学',1,12),(4087,2,'78',3,4,'白晓波','2020-08-29 16:09:17','应用统计学',1,12),(4088,2,'78',3,5,'白晓波','2020-08-29 16:09:20','应用统计学',1,12),(4089,2,'911',3,4,'白晓波','2020-08-29 16:09:23','应用统计学',1,12),(4090,2,'911',3,5,'白晓波','2020-08-29 16:09:27','应用统计学',1,12),(4091,2,'78',4,4,'白晓波','2020-08-29 16:09:33','应用统计学',1,12),(4092,2,'78',4,5,'白晓波','2020-08-29 16:09:38','应用统计学',1,12),(4093,2,'911',4,4,'白晓波','2020-08-29 16:09:42','应用统计学',1,12),(4094,2,'911',4,5,'白晓波','2020-08-29 16:09:45','应用统计学',1,12),(4098,1,'34',2,4,'陈立军','2020-08-29 16:31:41','数据库原理',1,12),(4104,1,'56',2,4,'陈立军','2020-08-29 16:44:36','数据库原理',1,12),(4105,1,'78',2,4,'陈立军','2020-08-29 16:44:39','数据库原理',1,12),(4108,2,'34',12,3,'陈阵','2020-08-29 17:23:25','人力资源管理沙盘模',164,12),(4111,2,'56',12,1,'陈阵','2020-08-29 17:23:55','人力资源管理沙盘模',164,12),(4112,2,'56',12,2,'陈阵','2020-08-29 17:23:57','人力资源管理沙盘模',164,12),(4113,2,'56',12,3,'陈阵','2020-08-29 17:23:58','人力资源管理沙盘模',164,12),(4114,2,'56',12,4,'陈阵','2020-08-29 17:23:58','人力资源管理沙盘模',164,12),(4115,2,'56',12,5,'陈阵','2020-08-29 17:23:59','人力资源管理沙盘模',164,12),(4121,1,'56',2,2,'李艳','2020-08-29 21:48:55','管理信息系统',1,12),(4122,1,'78',2,2,'李艳','2020-08-29 21:49:05','管理信息系统',1,12),(4123,1,'911',2,2,'李艳','2020-08-29 21:49:11','管理信息系统',1,12),(4124,1,'56',2,3,'李艳','2020-08-29 21:49:20','管理信息系统',1,12),(4125,1,'78',2,3,'李艳','2020-08-29 21:49:24','管理信息系统',1,12),(4126,1,'911',2,3,'李艳','2020-08-29 21:49:27','管理信息系统',1,12),(4127,1,'56',2,5,'李艳','2020-08-29 21:49:43','管理信息系统',1,12),(4133,3,'56',2,1,'刘瑞霞','2020-08-31 11:13:35','生产运作',2,12),(4134,3,'78',2,1,'刘瑞霞','2020-08-31 11:13:38','生产运作',2,12),(4135,3,'911',2,1,'刘瑞霞','2020-08-31 11:14:44','生产运作',2,12),(4136,3,'12',2,3,'申玲','2020-08-31 11:17:09','会计信息化A',2,12),(4137,3,'34',2,3,'申玲','2020-08-31 11:17:14','会计信息化A',2,12),(4138,3,'56',2,3,'申玲','2020-08-31 11:17:20','会计信息化A',2,12),(4139,3,'78',2,3,'申玲','2020-08-31 11:17:24','会计信息化A',2,12),(4140,3,'911',2,3,'申玲','2020-08-31 11:17:27','会计信息化A',2,12),(4141,7,'34',2,1,'刘瑞霞','2020-08-31 11:38:06','创业概论与实训',142,12),(4142,7,'56',2,1,'宋玉','2020-08-31 11:41:47','创业概论与实训',142,12),(4143,7,'34',2,2,'王渊','2020-08-31 11:42:03','创业概论与实训',142,12),(4144,7,'56',2,2,'郭晶','2020-08-31 11:43:10','创业概论与实训',142,12),(4145,7,'12',2,4,'刘瑞霞','2020-08-31 11:44:11','创业概论与实训',142,12),(4146,7,'56',2,4,'宋玉','2020-08-31 11:44:30','创业概论与实训',142,12),(4147,7,'78',2,4,'郭晶','2020-08-31 11:44:44','创业概论与实训',142,12),(4148,7,'12',2,5,'王渊','2020-08-31 11:45:06','创业概论与实训',142,12),(4149,7,'34',3,1,'刘瑞霞','2020-08-31 11:46:35','创业概论与实训',142,12),(4150,7,'56',3,1,'宋玉','2020-08-31 11:46:54','创业概论与实训',142,12),(4151,7,'34',3,2,'王渊','2020-08-31 11:47:13','创业概论与实训',142,12),(4152,7,'56',3,2,'许益锋','2020-08-31 11:47:29','创业概论与实训',142,12),(4153,7,'12',3,4,'刘瑞霞','2020-08-31 11:48:19','创业概论与实训',142,12),(4154,7,'56',3,4,'宋玉','2020-08-31 11:49:11','创业概论与实训',142,12),(4155,7,'78',3,4,'许益锋','2020-08-31 11:49:54','创业概论与实训',142,12),(4156,7,'12',3,5,'王渊','2020-08-31 11:50:12','创业概论与实训',142,12),(4161,7,'34',4,1,'刘瑞霞','2020-09-01 14:39:34','创业概论与实训',142,12),(4162,7,'56',4,1,'宋玉','2020-09-01 14:39:54','创业概论与实训',142,12),(4163,7,'34',4,2,'王渊','2020-09-01 14:40:10','创业概论与实训',142,12),(4164,7,'56',4,2,'许益锋','2020-09-01 14:40:28','创业概论与实训',142,12),(4165,7,'12',4,4,'刘瑞霞','2020-09-01 14:40:59','创业概论与实训',142,12),(4166,7,'56',4,4,'宋玉','2020-09-01 14:41:21','创业概论与实训',142,12),(4167,7,'78',4,4,'许益锋','2020-09-01 14:41:39','创业概论与实训',142,12),(4168,7,'12',4,5,'王渊','2020-09-01 14:42:08','创业概论与实训',142,12),(4169,7,'34',5,1,'刘瑞霞','2020-09-01 14:42:36','创业概论与实训',142,12),(4170,7,'56',5,1,'宋玉','2020-09-01 14:42:56','创业概论与实训',142,12),(4171,7,'34',5,2,'王渊','2020-09-01 14:43:08','创业概论与实训',142,12),(4172,7,'56',5,2,'许益锋','2020-09-01 14:43:19','创业概论与实训',142,12),(4173,7,'12',5,4,'刘瑞霞','2020-09-01 14:43:38','创业概论与实训',142,12),(4174,7,'56',5,4,'宋玉','2020-09-01 14:43:54','创业概论与实训',142,12),(4175,7,'78',5,4,'许益锋','2020-09-01 14:44:15','创业概论与实训',142,12),(4176,7,'12',5,5,'王渊','2020-09-01 14:44:35','创业概论与实训',142,12),(4177,7,'34',6,1,'刘瑞霞','2020-09-01 14:44:53','创业概论与实训',142,12),(4178,7,'56',6,1,'宋玉','2020-09-01 14:45:08','创业概论与实训',142,12),(4179,7,'34',6,2,'王渊','2020-09-01 14:45:31','创业概论与实训',142,12),(4180,7,'56',6,2,'许益锋','2020-09-01 14:45:44','创业概论与实训',142,12),(4181,7,'12',6,4,'刘瑞霞','2020-09-01 14:46:04','创业概论与实训',142,12),(4182,7,'56',6,4,'宋玉','2020-09-01 14:46:18','创业概论与实训',142,12),(4183,7,'78',6,4,'许益锋','2020-09-01 14:46:38','创业概论与实训',142,12),(4184,7,'12',6,5,'王渊','2020-09-01 14:46:56','创业概论与实训',142,12),(4195,2,'56',13,1,'陈阵','2020-09-01 17:40:00','人力资源管理沙盘模',164,12),(4196,2,'56',13,2,'陈阵','2020-09-01 17:40:03','人力资源管理沙盘模',164,12),(4197,2,'56',13,3,'陈阵','2020-09-01 17:40:06','人力资源管理沙盘模',164,12),(4198,2,'56',13,4,'陈阵','2020-09-01 17:40:09','人力资源管理沙盘模',164,12),(4199,2,'56',13,5,'陈阵','2020-09-01 17:40:11','人力资源管理沙盘模',164,12),(4209,2,'56',16,5,'陈阵','2020-09-01 17:41:03','人力资源管理沙盘模',164,12),(4210,1,'12',2,4,'陈立军','2020-09-03 11:02:12','数据库原理',106,12),(4211,1,'34',7,3,'雷卫','2020-09-03 14:19:24','跨境电子商务实训',165,12),(4212,1,'12',7,1,'雷卫','2020-09-03 14:19:30','跨境电子商务实训',165,12),(4213,1,'12',8,1,'雷卫','2020-09-03 14:20:02','跨境电子商务实训',165,12),(4214,1,'34',8,3,'雷卫','2020-09-03 14:20:19','跨境电子商务实训',165,12),(4222,1,'12',3,4,'陈立军','2020-09-03 17:51:03','数据库原理',106,12),(4223,1,'34',3,4,'陈立军','2020-09-03 17:51:15','数据库原理',106,12),(4224,3,'12',15,1,'姚景源','2020-09-04 13:40:46','金融模拟实验',157,12),(4225,3,'12',15,2,'姚景源','2020-09-04 13:41:21','金融模拟实验',157,12),(4226,3,'12',15,3,'姚景源','2020-09-04 13:41:23','金融模拟实验',157,12),(4227,3,'12',15,4,'姚景源','2020-09-04 13:41:27','金融模拟实验',157,12),(4228,3,'12',15,5,'姚景源','2020-09-04 13:41:30','金融模拟实验',157,12),(4235,3,'56',16,5,'刘世铎','2020-09-04 15:02:04','金融模拟实验',153,12),(4236,1,'78',3,2,'吴桂芹','2020-09-09 09:00:20','数据结构',108,12),(4238,1,'56',3,3,'陈立军','2020-09-11 09:24:03','数据库原理',106,12),(4239,1,'78',3,3,'陈立军','2020-09-11 09:24:11','数据库原理',106,12),(4240,1,'56',4,1,'陈立军','2020-09-11 09:24:53','数据库原理',106,12),(4241,1,'78',4,1,'陈立军','2020-09-11 09:24:59','数据库原理',106,12),(4242,7,'56',3,5,'薛顺利','2020-09-13 22:42:51','管理信息系统',157,12),(4243,2,'12',3,5,'薛顺利','2020-09-13 22:44:08','管理信息系统',157,12),(4244,3,'34',3,5,'薛顺利','2020-09-13 22:44:13','管理信息系统',157,12),(4245,2,'12',3,4,'薛顺利','2020-09-13 22:52:31','管理信息系统',157,12),(4246,2,'34',3,4,'薛顺利','2020-09-13 22:52:50','管理信息系统',157,12),(4247,1,'56',7,1,'杨晓燕','2020-09-21 21:42:42','SAP',109,12),(4248,1,'78',7,1,'杨晓燕','2020-09-21 21:42:46','SAP',109,12),(4249,1,'56',7,2,'杨晓燕','2020-09-21 21:42:51','SAP',109,12),(4250,1,'78',7,2,'杨晓燕','2020-09-21 21:42:55','SAP',109,12),(4251,1,'56',7,3,'杨晓燕','2020-09-21 21:43:01','SAP',109,12),(4252,1,'78',7,3,'杨晓燕','2020-09-21 21:43:05','SAP',109,12),(4253,1,'56',7,4,'杨晓燕','2020-09-21 21:43:09','SAP',109,12),(4254,1,'78',7,4,'杨晓燕','2020-09-21 21:43:13','SAP',109,12),(4255,1,'56',7,5,'杨晓燕','2020-09-21 21:43:41','SAP',109,12),(4256,1,'34',7,5,'杨晓燕','2020-09-21 21:43:49','SAP',109,12),(4257,1,'56',8,1,'杨晓燕','2020-09-21 21:44:04','SAP',109,12),(4258,1,'56',8,2,'杨晓燕','2020-09-21 21:44:12','SAP',109,12),(4259,1,'56',8,3,'杨晓燕','2020-09-21 21:44:18','SAP',109,12),(4260,1,'56',8,4,'杨晓燕','2020-09-21 21:44:23','SAP',109,12),(4261,1,'56',8,5,'杨晓燕','2020-09-21 21:44:28','SAP',109,12),(4262,1,'34',8,5,'杨晓燕','2020-09-21 21:44:33','SAP',109,12),(4263,1,'78',8,1,'杨晓燕','2020-09-21 21:44:37','SAP',109,12),(4264,1,'78',8,2,'杨晓燕','2020-09-21 21:44:41','SAP',109,12),(4265,1,'78',8,3,'杨晓燕','2020-09-21 21:44:45','SAP',109,12),(4266,1,'78',8,4,'杨晓燕','2020-09-21 21:44:49','SAP',109,12),(4267,1,'56',9,2,'杨晓燕','2020-09-21 21:45:16','SAP',109,12),(4268,1,'56',9,3,'杨晓燕','2020-09-21 21:45:21','SAP',109,12),(4269,1,'56',9,4,'杨晓燕','2020-09-21 21:45:27','SAP',109,12),(4270,1,'56',9,5,'杨晓燕','2020-09-21 21:45:33','SAP',109,12),(4272,1,'78',9,1,'杨晓燕','2020-09-21 21:46:37','SAP',109,12),(4273,1,'78',9,2,'杨晓燕','2020-09-21 21:46:41','SAP',109,12),(4274,1,'78',9,3,'杨晓燕','2020-09-21 21:46:45','SAP',109,12),(4275,1,'78',9,4,'杨晓燕','2020-09-21 21:46:48','SAP',109,12),(4276,1,'12',15,1,'杨晓燕','2020-09-21 21:47:34','SAP',109,12),(4277,1,'34',15,1,'杨晓燕','2020-09-21 21:47:39','SAP',109,12),(4278,1,'12',15,2,'杨晓燕','2020-09-21 21:47:43','SAP',109,12),(4279,1,'34',15,2,'杨晓燕','2020-09-21 21:47:47','SAP',109,12),(4280,1,'12',15,3,'杨晓燕','2020-09-21 21:47:51','SAP',109,12),(4281,1,'34',15,3,'杨晓燕','2020-09-21 21:47:55','SAP',109,12),(4282,1,'12',15,4,'杨晓燕','2020-09-21 21:48:03','SAP',109,12),(4283,1,'34',15,4,'杨晓燕','2020-09-21 21:48:08','SAP',109,12),(4284,1,'12',15,5,'杨晓燕','2020-09-21 21:48:14','SAP',109,12),(4285,1,'34',15,5,'杨晓燕','2020-09-21 21:48:18','SAP',109,12),(4286,1,'56',15,3,'杨晓燕','2020-09-21 21:48:36','SAP',109,12),(4287,1,'78',15,3,'杨晓燕','2020-09-21 21:48:40','SAP',109,12),(4288,1,'12',16,1,'杨晓燕','2020-09-21 21:48:50','SAP',109,12),(4289,1,'34',16,1,'杨晓燕','2020-09-21 21:49:00','SAP',109,12),(4291,1,'34',16,2,'杨晓燕','2020-09-21 21:49:09','SAP',109,12),(4292,1,'12',16,3,'杨晓燕','2020-09-21 21:49:13','SAP',109,12),(4293,1,'34',16,3,'杨晓燕','2020-09-21 21:49:16','SAP',109,12),(4294,1,'12',16,4,'杨晓燕','2020-09-21 21:49:22','SAP',109,12),(4295,1,'34',16,4,'杨晓燕','2020-09-21 21:49:26','SAP',109,12),(4296,1,'12',16,5,'杨晓燕','2020-09-21 21:49:31','SAP',109,12),(4297,1,'34',16,5,'杨晓燕','2020-09-21 21:49:34','SAP',109,12),(4302,1,'12',17,2,'杨晓燕','2020-09-21 21:50:09','SAP',109,12),(4303,1,'34',17,2,'杨晓燕','2020-09-21 21:50:12','SAP',109,12),(4304,1,'12',17,3,'杨晓燕','2020-09-21 21:50:18','SAP',109,12),(4305,1,'34',17,3,'杨晓燕','2020-09-21 21:50:21','SAP',109,12),(4306,1,'56',17,2,'杨晓燕','2020-09-21 21:50:38','SAP',109,12),(4307,1,'78',17,2,'杨晓燕','2020-09-21 21:50:42','SAP',109,12),(4310,1,'12',16,2,'杨晓燕','2020-09-21 21:52:47','SAP',109,12),(4311,2,'12',14,1,'许益锋','2020-09-24 14:18:19','企业经营模拟',141,12),(4312,2,'12',14,2,'许益锋','2020-09-24 14:18:28','企业经营模拟',141,12),(4313,2,'12',14,3,'许益锋','2020-09-24 14:18:33','企业经营模拟',141,12),(4314,2,'12',14,4,'许益锋','2020-09-24 14:18:38','企业经营模拟',141,12),(4315,2,'12',14,5,'许益锋','2020-09-24 14:18:43','企业经营模拟',141,12),(4316,2,'12',15,1,'许益锋','2020-09-24 14:19:00','企业经营模拟',141,12),(4317,2,'12',15,2,'许益锋','2020-09-24 14:19:10','企业经营模拟',141,12),(4318,2,'12',15,3,'许益锋','2020-09-24 14:19:17','企业经营模拟',141,12),(4319,2,'12',15,4,'许益锋','2020-09-24 14:19:22','企业经营模拟',141,12),(4320,2,'12',15,5,'许益锋','2020-09-24 14:19:27','企业经营模拟',141,12),(4321,2,'911',16,1,'许益锋','2020-09-24 14:19:45','企业经营模拟',141,12),(4322,2,'78',16,2,'许益锋','2020-09-24 14:19:56','企业经营模拟',141,12),(4324,2,'56',17,1,'许益锋','2020-09-24 14:21:09','企业经营模拟',141,12),(4325,2,'78',17,1,'许益锋','2020-09-24 14:21:14','企业经营模拟',141,12),(4326,2,'56',17,2,'许益锋','2020-09-24 14:21:19','企业经营模拟',141,12),(4327,2,'78',17,2,'许益锋','2020-09-24 14:21:24','企业经营模拟',141,12),(4328,2,'56',17,3,'许益锋','2020-09-24 14:21:28','企业经营模拟',141,12),(4329,2,'78',17,3,'许益锋','2020-09-24 14:21:34','企业经营模拟',141,12),(4333,2,'78',16,3,'许益锋','2020-09-24 14:25:03','企业经营模拟',141,12),(4334,2,'911',16,4,'许益锋','2020-09-24 14:25:11','企业经营模拟',141,12),(4336,3,'56',13,2,'刘瑞霞','2020-09-24 14:27:54','生产与运作管理',141,12),(4337,3,'78',13,2,'刘瑞霞','2020-09-24 14:28:00','生产与运作管理',141,12),(4338,3,'56',13,4,'刘瑞霞','2020-09-24 14:28:13','生产与运作管理',141,12),(4339,3,'78',13,4,'刘瑞霞','2020-09-24 14:28:22','生产与运作管理',141,12),(4340,3,'911',13,4,'刘瑞霞','2020-09-24 14:28:32','生产与运作管理',141,12),(4341,3,'911',13,2,'刘瑞霞','2020-09-24 14:28:44','生产与运作管理',141,12),(4342,3,'56',16,2,'许益锋','2020-09-24 14:34:17','企业经营模拟',141,12),(4343,3,'56',16,3,'许益锋','2020-09-24 14:34:24','企业经营模拟',141,12),(4346,3,'12',16,1,'白晓波','2020-09-24 14:44:18','Web应用开发实践',1,12),(4347,3,'34',16,5,'白晓波','2020-09-24 14:44:33','Web应用开发实践',1,12),(4348,3,'34',16,4,'白晓波','2020-09-24 14:44:34','Web应用开发实践',1,12),(4349,3,'34',16,3,'白晓波','2020-09-24 14:44:36','Web应用开发实践',1,12),(4350,3,'34',16,2,'白晓波','2020-09-24 14:44:37','Web应用开发实践',1,12),(4351,3,'34',16,1,'白晓波','2020-09-24 14:44:39','Web应用开发实践',1,12),(4352,3,'12',16,2,'白晓波','2020-09-24 14:44:40','Web应用开发实践',1,12),(4353,3,'12',16,3,'白晓波','2020-09-24 14:44:42','Web应用开发实践',1,12),(4354,3,'12',16,4,'白晓波','2020-09-24 14:44:43','Web应用开发实践',1,12),(4355,3,'12',16,5,'白晓波','2020-09-24 14:44:44','Web应用开发实践',1,12),(4356,3,'34',17,5,'白晓波','2020-09-24 14:45:04','Web应用开发实践',1,12),(4357,3,'34',17,4,'白晓波','2020-09-24 14:45:06','Web应用开发实践',1,12),(4358,3,'34',17,3,'白晓波','2020-09-24 14:45:07','Web应用开发实践',1,12),(4359,3,'34',17,2,'白晓波','2020-09-24 14:45:08','Web应用开发实践',1,12),(4360,3,'34',17,1,'白晓波','2020-09-24 14:45:09','Web应用开发实践',1,12),(4361,3,'12',17,1,'白晓波','2020-09-24 14:45:11','Web应用开发实践',1,12),(4362,3,'12',17,2,'白晓波','2020-09-24 14:45:12','Web应用开发实践',1,12),(4363,3,'12',17,3,'白晓波','2020-09-24 14:45:15','Web应用开发实践',1,12),(4364,3,'12',17,4,'白晓波','2020-09-24 14:45:17','Web应用开发实践',1,12),(4365,3,'12',17,5,'白晓波','2020-09-24 14:45:18','Web应用开发实践',1,12),(4368,3,'56',12,4,'吴芳','2020-09-24 14:46:53','人力资源培训与开发',141,12),(4369,3,'78',12,4,'吴芳','2020-09-24 14:47:03','人力资源培训与开发',141,12),(4370,3,'56',11,4,'吴芳','2020-09-24 14:49:17','人力资源培训与开发',141,12),(4371,3,'78',11,4,'吴芳','2020-09-24 14:49:32','人力资源培训与开发',141,12),(4372,2,'911',16,3,'许益锋','2020-09-24 15:53:50','企业经营模拟',141,12),(4373,1,'78',5,2,'吴桂芹','2020-09-25 10:01:52','数据结构',141,12),(4374,2,'12',8,1,'田宋','2020-10-05 10:00:47','电子政务',166,12),(4375,2,'34',8,1,'田宋','2020-10-05 10:01:03','电子政务',166,12),(4376,2,'12',9,1,'田宋','2020-10-05 10:02:04','电子政务',166,12),(4377,2,'34',9,1,'田宋','2020-10-05 10:02:17','电子政务',166,12),(4378,2,'12',10,1,'田宋','2020-10-05 10:02:31','电子政务',166,12),(4379,2,'34',10,1,'田宋','2020-10-05 10:02:47','电子政务',166,12),(4380,2,'12',11,1,'田宋','2020-10-05 10:03:13','电子政务',166,12),(4381,2,'34',11,1,'田宋','2020-10-05 10:03:40','电子政务',166,12),(4382,3,'56',8,1,'徐玲','2020-10-09 11:39:38','比赛',157,12),(4383,3,'56',8,5,'徐玲','2020-10-09 11:39:43','比赛',157,12),(4384,3,'56',8,4,'徐玲','2020-10-09 11:39:44','比赛',157,12),(4385,3,'56',8,3,'徐玲','2020-10-09 11:39:45','比赛',157,12),(4386,3,'56',8,2,'徐玲','2020-10-09 11:39:47','比赛',157,12),(4387,2,'78',8,2,'吴桂芹','2020-10-14 10:04:49','数据结构',108,12),(4391,3,'34',9,1,'雷卫','2020-10-22 14:16:20','跨境电子商务实训',141,12),(4392,3,'34',9,3,'雷卫','2020-10-22 14:16:28','跨境电子商务实训',141,12),(4393,1,'911',9,1,'杨晓燕','2020-10-22 14:16:48','SAP',141,12),(4394,1,'78',9,5,'杨晓燕','2020-10-22 14:17:35','SAP',141,12),(4397,1,'56',10,3,'杨晓燕','2020-10-22 14:32:59','SAP',141,12),(4398,1,'78',10,3,'杨晓燕','2020-10-22 14:33:03','SAP',141,12),(4399,1,'56',10,4,'杨晓燕','2020-10-22 14:33:08','SAP',141,12),(4400,1,'78',10,4,'杨晓燕','2020-10-22 14:33:12','SAP',141,12),(4401,1,'56',10,5,'杨晓燕','2020-10-22 14:33:16','SAP',141,12),(4402,1,'78',10,5,'杨晓燕','2020-10-22 14:33:20','SAP',141,12),(4403,7,'911',9,4,'张余丹','2020-10-22 17:11:38','创业管理',160,12),(4407,7,'911',13,4,'宋玉','2020-10-22 17:13:13','创业管理',160,12),(4408,2,'78',9,2,'吴桂芹','2020-10-22 23:36:45','数据结构',108,12),(4409,2,'78',10,2,'吴桂芹','2020-10-22 23:37:01','数据结构',108,12),(4411,3,'34',11,1,'雷卫','2020-10-26 14:24:10','跨境电子商务实训',141,12),(4412,3,'34',10,3,'雷卫','2020-10-26 14:27:13','跨境电子商务实训',141,12),(4413,3,'34',11,3,'雷卫','2020-10-26 14:27:26','跨境电子商务实训',141,12),(4414,3,'56',9,5,'孙晓华','2020-10-26 19:28:54','素质测评',157,12),(4415,2,'78',9,5,'孙晓华','2020-10-26 19:29:16','素质测评',157,12),(4416,3,'56',10,1,'雷卫','2020-10-28 12:06:19','跨境电子商务实训',141,12),(4418,7,'911',10,4,'张余丹','2020-10-29 12:02:13','创业管理',160,12),(4419,7,'911',11,4,'郭晶','2020-10-29 12:02:28','创业管理',160,12),(4420,7,'911',12,4,'许益锋','2020-10-29 12:02:41','创业管理',160,12),(4421,2,'78',10,3,'郑岩岩','2020-10-31 20:39:35','运筹学',167,12),(4422,2,'12',10,3,'郑岩岩','2020-10-31 20:46:24','运筹学',167,12),(4423,2,'12',12,3,'郑岩岩','2020-10-31 20:56:07','运筹学',167,12),(4424,2,'78',12,3,'郑岩岩','2020-10-31 20:56:27','运筹学',167,12),(4425,2,'12',13,3,'郑岩岩','2020-10-31 20:57:34','运筹学',167,12),(4426,2,'78',13,3,'郑岩岩','2020-10-31 20:57:49','运筹学',167,12),(4427,2,'78',14,3,'郑岩岩','2020-10-31 20:58:18','运筹学',167,12),(4429,2,'78',15,3,'郑岩岩','2020-10-31 20:59:19','运筹学',167,12),(4432,2,'78',12,1,'陈阵','2020-11-02 14:22:13','人力资源管理沙盘模拟',164,12),(4433,2,'78',12,2,'陈阵','2020-11-02 14:22:37','人力资源管理沙盘模拟',164,12),(4434,2,'78',12,4,'陈阵','2020-11-02 14:22:46','人力资源管理沙盘模拟',164,12),(4435,2,'78',12,5,'陈阵','2020-11-02 14:24:31','人力资源管理沙盘模拟',164,12),(4436,2,'78',12,5,'陈阵','2020-11-02 14:24:34','人力资源管理沙盘模拟',164,12),(4437,2,'78',13,1,'陈阵','2020-11-02 14:26:11','人力资源管理沙盘模拟',164,12),(4438,2,'78',13,2,'陈阵','2020-11-02 14:26:20','人力资源管理沙盘模拟',164,12),(4439,2,'78',13,4,'陈阵','2020-11-02 14:26:27','人力资源管理沙盘模拟',164,12),(4440,2,'78',13,5,'陈阵','2020-11-02 14:26:38','人力资源管理沙盘模拟',164,12),(4442,2,'34',11,4,'田宋','2020-11-04 18:11:13','电子政务',166,12),(4443,2,'56',11,4,'田宋','2020-11-04 18:13:12','电子政务',166,12),(4444,2,'34',11,5,'田宋','2020-11-04 18:17:00','电子政务',166,12),(4445,2,'78',11,5,'田宋','2020-11-04 18:17:34','电子政务',166,12),(4446,2,'78',14,1,'郑岩岩','2020-11-05 09:50:02','运筹学',167,12),(4447,2,'78',15,1,'郑岩岩','2020-11-05 09:51:24','运筹学',167,12),(4449,2,'12',11,5,'吴桂芹','2020-11-05 11:24:36','数据结构',108,12),(4450,2,'34',14,1,'许益锋','2020-11-09 11:17:27','企业经营模拟',2,12),(4451,2,'34',14,2,'许益锋','2020-11-09 11:17:29','企业经营模拟',2,12),(4452,2,'34',14,3,'许益锋','2020-11-09 11:17:32','企业经营模拟',2,12),(4453,2,'34',14,4,'许益锋','2020-11-09 11:17:34','企业经营模拟',2,12),(4454,2,'34',14,5,'许益锋','2020-11-09 11:17:37','企业经营模拟',2,12),(4460,3,'34',15,1,'许益锋','2020-11-09 15:03:11','企业经营模拟',2,12),(4461,3,'34',15,2,'许益锋','2020-11-09 15:03:15','企业经营模拟',2,12),(4462,3,'34',15,3,'许益锋','2020-11-09 15:03:18','企业经营模拟',2,12),(4463,3,'34',15,4,'许益锋','2020-11-09 15:03:20','企业经营模拟',2,12),(4464,7,'34',15,1,'姚景源','2020-11-09 15:03:26','金融模拟实验',2,12),(4465,7,'34',15,2,'姚景源','2020-11-09 15:03:29','金融模拟实验',2,12),(4466,7,'34',15,3,'姚景源','2020-11-09 15:03:32','金融模拟实验',2,12),(4467,7,'34',15,4,'姚景源','2020-11-09 15:03:35','金融模拟实验',2,12),(4468,3,'34',15,5,'许益锋','2020-11-09 15:04:25','企业经营模拟',2,12),(4469,7,'34',15,5,'姚景源','2020-11-09 15:04:36','金融模拟实验',2,12),(4485,3,'34',13,5,'张群林','2020-11-19 11:03:02','社会调查实践',91,12),(4486,3,'56',13,5,'张群林','2020-11-19 11:03:14','社会调查实践',91,12),(4489,3,'56',14,1,'田谧','2020-11-20 15:21:23','审计理论与实务',141,12),(4490,3,'78',14,1,'田谧','2020-11-20 15:21:28','审计理论与实务',141,12),(4491,3,'78',15,1,'陈阵','2020-11-20 16:10:47','人力资源管理沙盘模',164,12),(4492,3,'78',15,2,'陈阵','2020-11-20 16:11:33','人力资源管理沙盘模',164,12),(4493,3,'78',15,3,'陈阵','2020-11-20 16:11:37','人力资源管理沙盘模',164,12),(4494,3,'78',15,4,'陈阵','2020-11-20 16:11:40','人力资源管理沙盘模',164,12),(4495,3,'78',15,5,'陈阵','2020-11-20 16:11:42','人力资源管理沙盘模',164,12),(4496,3,'56',15,1,'陈阵','2020-11-20 17:08:09','人力资源管理沙盘模',164,12),(4497,3,'56',15,2,'陈阵','2020-11-20 17:08:11','人力资源管理沙盘模',164,12),(4498,3,'56',15,3,'陈阵','2020-11-20 17:08:14','人力资源管理沙盘模',164,12),(4499,3,'56',15,4,'陈阵','2020-11-20 17:08:16','人力资源管理沙盘模',164,12),(4500,3,'56',15,5,'陈阵','2020-11-20 17:08:18','人力资源管理沙盘模',164,12),(4503,3,'78',16,1,'陈阵','2020-11-20 17:09:21','人力资源管理沙盘模',164,12),(4505,3,'78',16,5,'陈阵','2020-11-20 17:09:27','人力资源管理沙盘模',164,12),(4506,3,'56',16,1,'陈阵','2020-11-20 17:10:22','人力资源管理沙盘模',164,12),(4508,3,'12',14,4,'李晓敏','2020-11-25 14:52:09','国家公务员管理',157,12),(4509,3,'34',14,4,'李晓敏','2020-11-25 14:52:29','国家公务员管理',157,12),(4510,2,'56',15,1,'李晓敏','2020-11-25 14:52:55','国家公务员管理',157,12),(4511,2,'56',16,1,'李晓敏','2020-11-25 14:53:22','国家公务员管理',157,12),(4512,1,'56',16,1,'梁凡','2020-12-01 10:10:04','市场调查与预测B',170,12),(4513,2,'12',16,4,'梁凡','2020-12-01 10:11:02','市场调查与预测B',170,12),(4514,2,'12',16,5,'徐玲','2020-12-02 10:13:06','外贸模拟实验',113,12),(4515,2,'34',16,5,'徐玲','2020-12-02 10:17:15','外贸模拟实验',113,12),(4516,2,'56',15,5,'徐玲','2020-12-02 10:17:59','外贸模拟实验',113,12),(4517,2,'12',16,1,'徐玲','2020-12-02 10:18:17','外贸模拟实验',113,12),(4518,2,'12',16,2,'徐玲','2020-12-02 10:18:37','外贸模拟实验',113,12),(4519,2,'12',16,3,'徐玲','2020-12-02 10:18:42','外贸模拟实验',113,12),(4520,2,'34',16,1,'徐玲','2020-12-02 10:18:49','外贸模拟实验',113,12),(4521,2,'34',16,2,'徐玲','2020-12-02 10:18:53','外贸模拟实验',113,12),(4522,2,'34',16,3,'徐玲','2020-12-02 10:18:58','外贸模拟实验',113,12),(4523,2,'34',16,4,'徐玲','2020-12-02 10:19:02','外贸模拟实验',113,12),(4524,2,'34',15,5,'徐玲','2020-12-02 10:20:03','外贸模拟实验',113,12),(4525,2,'34',15,4,'徐玲','2020-12-02 10:20:09','外贸模拟实验',113,12),(4526,2,'56',15,4,'徐玲','2020-12-02 10:20:24','外贸模拟实验',113,12),(4527,2,'56',16,4,'徐玲','2020-12-02 10:34:24','外贸模拟实验',113,12),(4529,2,'78',16,5,'刘世铎','2020-12-02 11:48:40','金融模拟实验',157,12),(4530,2,'78',16,4,'刘世铎','2020-12-02 11:48:55','金融模拟实验',157,12),(4531,2,'78',16,1,'刘世铎','2020-12-02 11:49:37','金融模拟实验',157,12),(4532,1,'78',16,2,'陈阵','2020-12-02 12:21:11','人力资源管理沙盘模',164,12),(4533,1,'56',16,2,'陈阵','2020-12-02 12:21:31','人力资源管理沙盘模',164,12),(4534,1,'56',16,3,'陈阵','2020-12-02 12:21:48','人力资源管理沙盘模',164,12),(4535,1,'78',16,3,'陈阵','2020-12-02 12:22:01','人力资源管理沙盘模',164,12),(4536,1,'78',16,4,'陈阵','2020-12-02 12:22:19','人力资源管理沙盘模',164,12),(4537,1,'56',16,4,'陈阵','2020-12-02 12:22:33','人力资源管理沙盘模',164,12),(4538,3,'56',16,4,'刘世铎','2020-12-02 12:29:15','金融模拟实验',157,12),(4539,2,'56',16,3,'刘世铎','2020-12-02 12:29:52','金融模拟实验',157,12),(4540,3,'78',16,3,'刘世铎','2020-12-02 12:29:57','金融模拟实验',157,12),(4541,2,'56',16,2,'刘世铎','2020-12-02 12:30:04','金融模拟实验',157,12),(4542,3,'78',16,2,'刘世铎','2020-12-02 12:30:08','金融模拟实验',157,12),(4543,3,'911',16,1,'刘世铎','2020-12-02 15:16:51','金融模拟实验',141,12),(4544,7,'78',15,5,'吴桂芹','2020-12-03 10:39:13','SAP',142,12),(4545,7,'56',15,5,'吴桂芹','2020-12-03 10:39:53','SAP',142,12),(4546,7,'56',16,1,'吴桂芹','2020-12-03 10:42:05','SAP',142,12),(4547,7,'78',16,1,'吴桂芹','2020-12-03 10:42:57','SAP',142,12),(4548,7,'56',16,2,'吴桂芹','2020-12-03 10:43:01','SAP',142,12),(4549,7,'78',16,2,'吴桂芹','2020-12-03 10:43:04','SAP',142,12),(4550,7,'56',16,3,'吴桂芹','2020-12-03 10:43:24','SAP',142,12),(4551,7,'78',16,3,'吴桂芹','2020-12-03 10:43:28','SAP',142,12),(4552,7,'56',16,4,'吴桂芹','2020-12-03 10:43:32','SAP',142,12),(4553,7,'78',16,4,'吴桂芹','2020-12-03 10:43:35','SAP',142,12),(4554,7,'56',16,5,'吴桂芹','2020-12-03 10:43:39','SAP',142,12),(4555,7,'78',16,5,'吴桂芹','2020-12-03 10:43:44','SAP',142,12),(4556,2,'911',17,2,'许益锋','2020-12-03 10:51:36','企业经营模拟',141,12),(4557,1,'78',15,5,'张群林','2020-12-03 16:58:42','公共管理研究方法',91,12),(4558,7,'12',17,1,'吴桂芹','2020-12-07 15:27:39','SAP',141,12),(4559,7,'34',17,1,'吴桂芹','2020-12-07 15:27:48','SAP',141,12),(4560,7,'56',17,1,'吴桂芹','2020-12-07 15:27:53','SAP',141,12),(4561,7,'78',17,1,'吴桂芹','2020-12-07 15:27:57','SAP',141,12),(4562,7,'12',17,2,'吴桂芹','2020-12-07 15:28:01','SAP',141,12),(4563,7,'34',17,2,'吴桂芹','2020-12-07 15:28:05','SAP',141,12),(4564,7,'56',17,2,'吴桂芹','2020-12-07 15:28:09','SAP',141,12),(4565,7,'78',17,2,'吴桂芹','2020-12-07 15:28:14','SAP',141,12),(4566,7,'12',17,3,'吴桂芹','2020-12-07 15:28:18','SAP',141,12),(4567,7,'34',17,3,'吴桂芹','2020-12-07 15:28:23','SAP',141,12),(4568,7,'56',17,3,'吴桂芹','2020-12-07 15:28:27','SAP',141,12),(4569,7,'78',17,3,'吴桂芹','2020-12-07 15:28:31','SAP',141,12),(4570,1,'56',17,3,'杨晓燕','2020-12-07 15:30:08','SAP',141,12),(4571,1,'78',17,3,'杨晓燕','2020-12-07 15:30:12','SAP',141,12),(4572,2,'12',17,4,'许益锋','2020-12-09 11:33:21','企业经营模拟',141,12),(4573,2,'34',17,4,'许益锋','2020-12-09 11:33:28','企业经营模拟',141,12),(4574,1,'56',17,1,'杨晓燕','2020-12-11 09:48:30','SAP',141,12),(4575,1,'78',17,1,'杨晓燕','2020-12-11 09:48:34','SAP',141,12),(4576,1,'78',1,1,'王渊','2021-02-23 09:50:06','管理与社会经济系统仿真',157,13),(4577,1,'56',1,1,'王渊','2021-02-23 09:50:10','管理与社会经济系统仿真',157,13),(4578,1,'56',2,1,'王渊','2021-02-23 09:51:14','管理与社会经济系统仿真',157,13),(4579,1,'78',2,1,'王渊','2021-02-23 09:51:21','管理与社会经济系统仿真',157,13),(4580,1,'78',3,1,'王渊','2021-02-23 09:51:43','管理与社会经济系统仿真',157,13),(4581,1,'56',3,1,'王渊','2021-02-23 09:51:48','管理与社会经济系统仿真',157,13),(4582,1,'78',4,1,'王渊','2021-02-23 09:52:04','管理与社会经济系统仿真',157,13),(4583,1,'56',4,1,'王渊','2021-02-23 09:52:10','管理与社会经济系统仿真',157,13),(4584,1,'78',5,1,'王渊','2021-02-23 09:52:25','管理与社会经济系统仿真',157,13),(4585,1,'56',5,1,'王渊','2021-02-23 09:52:28','管理与社会经济系统仿真',157,13),(4586,1,'56',6,1,'王渊','2021-02-23 09:52:40','管理与社会经济系统仿真',157,13),(4587,1,'78',6,1,'王渊','2021-02-23 09:52:46','管理与社会经济系统仿真',157,13),(4588,1,'78',7,1,'王渊','2021-02-23 09:52:57','管理与社会经济系统仿真',157,13),(4589,1,'56',7,1,'王渊','2021-02-23 09:53:00','管理与社会经济系统仿真',157,13),(4590,1,'56',8,1,'王渊','2021-02-23 09:53:09','管理与社会经济系统仿真',157,13),(4591,1,'78',8,1,'王渊','2021-02-23 09:53:14','管理与社会经济系统仿真',157,13),(4592,1,'56',9,1,'王渊','2021-02-23 09:53:24','管理与社会经济系统仿真',157,13),(4593,1,'78',9,1,'王渊','2021-02-23 09:53:28','管理与社会经济系统仿真',157,13),(4597,3,'56',1,3,'申玲','2021-02-23 10:02:05','会计信息化',127,13),(4598,3,'56',1,5,'申玲','2021-02-23 10:02:20','会计信息化',127,13),(4600,3,'56',2,3,'申玲','2021-02-23 10:02:55','会计信息化',127,13),(4601,3,'78',2,3,'申玲','2021-02-23 10:02:59','会计信息化',127,13),(4602,3,'12',2,5,'申玲','2021-02-23 10:03:13','会计信息化',127,13),(4603,3,'56',2,5,'申玲','2021-02-23 10:03:20','会计信息化',127,13),(4604,3,'78',2,5,'申玲','2021-02-23 10:03:24','会计信息化',127,13),(4610,3,'56',4,3,'申玲','2021-02-23 10:04:28','会计信息化',127,13),(4611,3,'78',4,3,'申玲','2021-02-23 10:04:33','会计信息化',127,13),(4612,3,'12',4,5,'申玲','2021-02-23 10:04:38','会计信息化',127,13),(4613,3,'56',4,5,'申玲','2021-02-23 10:04:41','会计信息化',127,13),(4614,3,'78',4,5,'申玲','2021-02-23 10:04:47','会计信息化',127,13),(4615,3,'12',5,5,'申玲','2021-02-23 10:06:08','会计信息化',127,13),(4616,3,'56',5,5,'申玲','2021-02-23 10:06:13','会计信息化',127,13),(4617,3,'78',5,5,'申玲','2021-02-23 10:06:20','会计信息化',127,13),(4618,3,'12',6,5,'申玲','2021-02-23 10:06:31','会计信息化',127,13),(4619,3,'56',6,5,'申玲','2021-02-23 10:06:35','会计信息化',127,13),(4620,3,'78',6,5,'申玲','2021-02-23 10:06:38','会计信息化',127,13),(4621,3,'12',7,1,'申玲','2021-02-23 10:09:40','会计信息化',127,13),(4622,3,'34',7,1,'申玲','2021-02-23 10:09:46','会计信息化',127,13),(4623,3,'56',7,4,'申玲','2021-02-23 10:09:51','会计信息化',127,13),(4624,3,'78',7,4,'申玲','2021-02-23 10:09:55','会计信息化',127,13),(4625,3,'12',7,5,'申玲','2021-02-23 10:10:39','会计信息化',127,13),(4626,3,'56',7,5,'申玲','2021-02-23 10:10:42','会计信息化',127,13),(4627,3,'78',7,5,'申玲','2021-02-23 10:10:49','会计信息化',127,13),(4628,3,'12',8,1,'申玲','2021-02-23 10:11:08','会计信息化',127,13),(4629,3,'34',8,1,'申玲','2021-02-23 10:11:12','会计信息化',127,13),(4630,3,'56',8,4,'申玲','2021-02-23 10:11:19','会计信息化',127,13),(4631,3,'78',8,4,'申玲','2021-02-23 10:11:23','会计信息化',127,13),(4632,3,'12',8,5,'申玲','2021-02-23 10:11:30','会计信息化',127,13),(4633,3,'56',8,5,'申玲','2021-02-23 10:11:33','会计信息化',127,13),(4634,3,'78',8,5,'申玲','2021-02-23 10:11:38','会计信息化',127,13),(4635,3,'12',9,1,'申玲','2021-02-23 10:11:48','会计信息化',127,13),(4636,3,'34',9,1,'申玲','2021-02-23 10:11:53','会计信息化',127,13),(4637,3,'56',9,4,'申玲','2021-02-23 10:11:58','会计信息化',127,13),(4638,3,'78',9,4,'申玲','2021-02-23 10:12:04','会计信息化',127,13),(4639,3,'12',9,5,'申玲','2021-02-23 10:12:09','会计信息化',127,13),(4640,3,'56',9,5,'申玲','2021-02-23 10:12:12','会计信息化',127,13),(4641,3,'78',9,5,'申玲','2021-02-23 10:12:16','会计信息化',127,13),(4644,3,'34',2,4,'申玲','2021-02-23 10:20:26','会计信息化',127,13),(4646,3,'34',4,4,'申玲','2021-02-23 10:20:39','会计信息化',127,13),(4647,3,'34',5,4,'申玲','2021-02-23 10:20:49','会计信息化',127,13),(4648,3,'34',6,4,'申玲','2021-02-23 10:21:01','会计信息化',127,13),(4649,3,'34',7,4,'申玲','2021-02-23 10:21:09','会计信息化',127,13),(4650,3,'34',8,4,'申玲','2021-02-23 10:21:33','会计信息化',127,13),(4651,3,'34',9,4,'申玲','2021-02-23 10:21:42','会计信息化',127,13),(4652,3,'78',1,3,'申玲','2021-02-23 10:25:15','会计信息化',127,13),(4662,3,'34',2,3,'王小红','2021-02-23 10:40:08','社会实践（集中）',130,13),(4663,2,'34',2,4,'王小红','2021-02-23 10:40:18','社会实践（集中）',130,13),(4664,3,'56',2,2,'王小红','2021-02-23 10:40:31','社会实践（集中）',130,13),(4667,3,'56',2,4,'王小红','2021-02-23 10:41:09','社会实践（集中）',130,13),(4668,3,'78',2,4,'王小红','2021-02-23 10:41:18','社会实践（集中）',130,13),(4669,3,'78',2,2,'王小红','2021-02-23 10:41:28','社会实践（集中）',130,13),(4670,3,'12',2,1,'王小红','2021-02-23 10:42:03','社会实践（集中）',130,13),(4671,2,'78',2,3,'王小红','2021-02-23 10:42:16','社会实践（集中）',130,13),(4672,2,'12',2,5,'王小红','2021-02-23 10:42:38','社会实践（集中）',130,13),(4674,2,'56',2,5,'王小红','2021-02-23 10:42:51','社会实践（集中）',130,13),(4675,2,'78',2,5,'王小红','2021-02-23 10:42:56','社会实践（集中）',130,13),(4682,3,'56',4,2,'王小红','2021-02-23 10:43:46','社会实践（集中）',130,13),(4684,3,'12',4,3,'王小红','2021-02-23 10:43:54','社会实践（集中）',130,13),(4685,3,'34',4,3,'王小红','2021-02-23 10:43:56','社会实践（集中）',130,13),(4689,2,'34',4,4,'王小红','2021-02-23 10:44:16','社会实践（集中）',130,13),(4690,3,'56',4,4,'王小红','2021-02-23 10:44:20','社会实践（集中）',130,13),(4692,2,'12',4,5,'王小红','2021-02-23 10:44:30','社会实践（集中）',130,13),(4697,3,'34',3,1,'王小红','2021-02-23 10:45:35','社会实践（集中）',130,13),(4700,3,'12',3,2,'王小红','2021-02-23 10:46:15','社会实践（集中）',130,13),(4701,3,'34',3,2,'王小红','2021-02-23 10:46:22','社会实践（集中）',130,13),(4702,3,'56',3,2,'王小红','2021-02-23 10:47:31','社会实践（集中）',130,13),(4703,3,'78',3,2,'王小红','2021-02-23 10:47:39','社会实践（集中）',130,13),(4705,3,'34',3,3,'王小红','2021-02-23 10:49:41','社会实践（集中）',130,13),(4708,2,'34',3,4,'王小红','2021-02-23 10:50:19','社会实践（集中）',130,13),(4709,2,'12',3,1,'孟亚丽','2021-02-23 10:50:35','社会实践（集中）',130,13),(4710,2,'78',3,4,'王小红','2021-02-23 10:51:02','社会实践（集中）',130,13),(4713,2,'78',3,5,'王小红','2021-02-23 10:51:30','社会实践（集中）',130,13),(4736,2,'78',3,3,'王小红','2021-02-23 10:58:08','社会实践（集中）',130,13),(4738,2,'12',3,2,'孟亚丽','2021-02-23 11:04:17','社会实践（集中）',130,13),(4739,2,'34',3,1,'孟亚丽','2021-02-23 11:04:22','社会实践（集中）',130,13),(4740,2,'34',3,2,'孟亚丽','2021-02-23 11:04:25','社会实践（集中）',130,13),(4741,2,'56',3,1,'孟亚丽','2021-02-23 11:04:29','社会实践（集中）',130,13),(4742,2,'56',3,2,'孟亚丽','2021-02-23 11:04:34','社会实践（集中）',130,13),(4743,2,'78',3,1,'孟亚丽','2021-02-23 11:04:40','社会实践（集中）',130,13),(4744,2,'78',3,2,'孟亚丽','2021-02-23 11:04:44','社会实践（集中）',130,13),(4745,2,'12',3,3,'孟亚丽','2021-02-23 11:04:52','社会实践（集中）',130,13),(4746,2,'34',3,3,'孟亚丽','2021-02-23 11:04:57','社会实践（集中）',130,13),(4747,2,'12',3,4,'孟亚丽','2021-02-23 11:05:04','社会实践（集中）',130,13),(4748,2,'56',3,4,'孟亚丽','2021-02-23 11:05:10','社会实践（集中）',130,13),(4749,3,'78',3,4,'孟亚丽','2021-02-23 11:05:15','社会实践（集中）',130,13),(4750,2,'34',3,5,'孟亚丽','2021-02-23 11:05:19','社会实践（集中）',130,13),(4751,3,'34',2,1,'王小红','2021-02-23 11:12:13','社会实践（集中）',130,13),(4752,3,'56',2,1,'王小红','2021-02-23 11:12:17','社会实践（集中）',130,13),(4754,3,'78',2,1,'王小红','2021-02-23 11:12:21','社会实践（集中）',130,13),(4755,3,'12',2,2,'王小红','2021-02-23 11:12:24','社会实践（集中）',130,13),(4756,3,'34',5,1,'申玲','2021-02-23 11:12:25','会计信息化',127,13),(4757,3,'34',2,2,'王小红','2021-02-23 11:12:27','社会实践（集中）',130,13),(4759,3,'12',2,3,'王小红','2021-02-23 11:12:33','社会实践（集中）',130,13),(4760,3,'78',5,4,'申玲','2021-02-23 11:12:35','会计信息化',127,13),(4761,3,'12',2,4,'王小红','2021-02-23 11:12:36','社会实践（集中）',130,13),(4762,2,'56',2,3,'王小红','2021-02-23 11:13:00','社会实践（集中）',130,13),(4763,3,'12',3,1,'王小红','2021-02-23 11:13:52','社会实践（集中）',130,13),(4764,3,'12',3,3,'王小红','2021-02-23 11:13:55','社会实践（集中）',130,13),(4765,3,'12',3,4,'王小红','2021-02-23 11:13:58','社会实践（集中）',130,13),(4766,3,'56',3,3,'王小红','2021-02-23 11:14:04','社会实践（集中）',130,13),(4767,3,'56',3,4,'王小红','2021-02-23 11:14:07','社会实践（集中）',130,13),(4768,3,'78',3,3,'孟亚丽','2021-02-23 11:14:22','社会实践（集中）',130,13),(4769,3,'78',3,1,'王小红','2021-02-23 11:14:28','社会实践（集中）',130,13),(4770,3,'56',3,1,'王小红','2021-02-23 11:14:32','社会实践（集中）',130,13),(4771,2,'56',3,3,'孟亚丽','2021-02-23 11:14:58','社会实践（集中）',130,13),(4772,3,'34',3,4,'孟亚丽','2021-02-23 11:15:17','社会实践（集中）',130,13),(4773,3,'12',3,5,'王小红','2021-02-23 11:15:21','社会实践（集中）',130,13),(4774,3,'34',3,5,'王小红','2021-02-23 11:15:24','社会实践（集中）',130,13),(4775,3,'56',3,5,'王小红','2021-02-23 11:15:28','社会实践（集中）',130,13),(4776,2,'12',3,5,'孟亚丽','2021-02-23 11:15:35','社会实践（集中）',130,13),(4777,2,'56',3,5,'孟亚丽','2021-02-23 11:15:38','社会实践（集中）',130,13),(4778,3,'78',3,5,'孟亚丽','2021-02-23 11:15:41','社会实践（集中）',130,13),(4779,3,'12',4,1,'王小红','2021-02-23 11:15:56','社会实践（集中）',130,13),(4780,3,'34',4,1,'王小红','2021-02-23 11:16:00','社会实践（集中）',130,13),(4781,3,'56',4,1,'王小红','2021-02-23 11:16:04','社会实践（集中）',130,13),(4782,3,'78',4,1,'王小红','2021-02-23 11:16:09','社会实践（集中）',130,13),(4783,3,'12',4,2,'王小红','2021-02-23 11:16:12','社会实践（集中）',130,13),(4784,3,'34',4,2,'王小红','2021-02-23 11:16:15','社会实践（集中）',130,13),(4785,3,'78',4,2,'王小红','2021-02-23 11:16:20','社会实践（集中）',130,13),(4786,2,'56',4,3,'王小红','2021-02-23 11:16:25','社会实践（集中）',130,13),(4787,2,'78',4,3,'王小红','2021-02-23 11:16:27','社会实践（集中）',130,13),(4789,3,'78',4,4,'王小红','2021-02-23 11:16:38','社会实践（集中）',130,13),(4791,2,'56',4,5,'王小红','2021-02-23 11:16:49','社会实践（集中）',130,13),(4792,2,'78',4,5,'王小红','2021-02-23 11:16:54','社会实践（集中）',130,13),(4794,3,'34',6,1,'申玲','2021-02-23 11:40:36','会计信息化',127,13),(4811,2,'56',9,5,'许益锋','2021-02-24 11:04:48','创业模拟',157,13),(4812,2,'56',9,4,'许益锋','2021-02-24 11:04:53','创业模拟',157,13),(4813,2,'56',9,3,'许益锋','2021-02-24 11:04:56','创业模拟',157,13),(4814,2,'56',9,2,'许益锋','2021-02-24 11:04:58','创业模拟',157,13),(4815,2,'78',9,1,'许益锋','2021-02-24 11:05:01','创业模拟',157,13),(4816,2,'56',9,1,'许益锋','2021-02-24 11:05:04','创业模拟',157,13),(4818,2,'56',10,2,'许益锋','2021-02-24 11:07:19','创业模拟',157,13),(4819,2,'78',10,2,'许益锋','2021-02-24 11:07:22','创业模拟',157,13),(4820,2,'56',10,1,'许益锋','2021-02-24 11:07:24','创业模拟',157,13),(4821,2,'78',10,1,'许益锋','2021-02-24 11:07:27','创业模拟',157,13),(4824,2,'56',10,3,'许益锋','2021-02-24 11:07:33','创业模拟',157,13),(4825,2,'78',10,3,'许益锋','2021-02-24 11:07:36','创业模拟',157,13),(4828,2,'56',10,4,'许益锋','2021-02-24 11:07:42','创业模拟',157,13),(4829,2,'78',10,4,'许益锋','2021-02-24 11:07:44','创业模拟',157,13),(4832,2,'56',10,5,'许益锋','2021-02-24 11:07:53','创业模拟',157,13),(4833,2,'78',10,5,'许益锋','2021-02-24 11:07:56','创业模拟',157,13),(4834,2,'78',9,2,'许益锋','2021-02-24 11:08:12','创业模拟',157,13),(4835,2,'78',9,3,'许益锋','2021-02-24 11:08:17','创业模拟',157,13),(4836,2,'78',9,4,'许益锋','2021-02-24 11:08:23','创业模拟',157,13),(4837,2,'78',9,5,'许益锋','2021-02-24 11:08:27','创业模拟',157,13),(4840,2,'12',12,4,'许益锋','2021-02-24 11:10:15','创业模拟',157,13),(4841,2,'34',12,4,'许益锋','2021-02-24 11:10:19','创业模拟',157,13),(4848,2,'12',12,3,'许益锋','2021-02-24 11:10:38','创业模拟',157,13),(4849,2,'34',12,3,'许益锋','2021-02-24 11:10:40','创业模拟',157,13),(4856,2,'12',12,1,'许益锋','2021-02-24 11:11:04','创业模拟',157,13),(4857,2,'34',12,1,'许益锋','2021-02-24 11:11:06','创业模拟',157,13),(4860,2,'12',13,1,'许益锋','2021-02-24 11:11:26','创业模拟',157,13),(4862,2,'12',13,3,'许益锋','2021-02-24 11:11:33','创业模拟',157,13),(4863,2,'12',13,4,'许益锋','2021-02-24 11:11:36','创业模拟',157,13),(4865,2,'34',13,1,'许益锋','2021-02-24 11:11:44','创业模拟',157,13),(4867,2,'34',13,3,'许益锋','2021-02-24 11:11:49','创业模拟',157,13),(4868,2,'34',13,4,'许益锋','2021-02-24 11:11:52','创业模拟',157,13),(4882,1,'78',4,3,'陈立军','2021-02-26 09:16:50','数据库原理',106,13),(4883,2,'78',2,4,'吴桂芹','2021-02-26 10:08:25','c  程序设计语言',108,13),(4885,1,'56',4,3,'陈立军','2021-02-26 10:19:20','数据库原理',106,13),(4887,2,'78',4,4,'吴桂芹','2021-02-26 10:20:58','C程序设计语言',108,13),(4888,1,'78',5,3,'陈立军','2021-02-26 10:21:03','数据库原理',106,13),(4890,1,'78',3,4,'丁冬','2021-02-26 18:58:33','应用统计学',158,13),(4891,1,'78',3,2,'丁冬','2021-02-26 19:05:01','应用统计学',158,13),(4894,2,'78',6,2,'丁冬','2021-02-26 19:13:52','应用统计学',158,13),(4898,2,'34',7,5,'丁冬','2021-02-26 19:18:37','应用统计学',158,13),(4899,2,'56',7,5,'丁冬','2021-02-26 19:18:45','应用统计学',158,13),(4900,2,'56',7,3,'丁冬','2021-02-26 19:21:52','应用统计学',158,13),(4901,2,'78',7,3,'丁冬','2021-02-26 19:22:01','应用统计学',158,13),(4902,2,'34',8,5,'丁冬','2021-02-26 19:22:33','应用统计学',158,13),(4903,2,'56',8,5,'丁冬','2021-02-26 19:22:42','应用统计学',158,13),(4906,3,'78',1,5,'申玲','2021-02-28 13:08:57','会计信息化',127,13),(4907,3,'34',9,2,'许益锋','2021-03-01 09:25:53','创业模拟',141,13),(4908,3,'12',9,2,'许益锋','2021-03-01 09:27:54','创业模拟',141,13),(4930,2,'34',2,5,'王小红','2021-03-07 19:17:30','社会实践（集中）',130,13),(4931,2,'12',4,4,'王小红','2021-03-07 19:21:05','社会实践（集中）',130,13),(4932,2,'34',4,5,'王小红','2021-03-07 19:21:53','社会实践（集中）',130,13),(4934,2,'78',6,4,'丁冬','2021-03-10 10:45:13','应用统计学',158,13),(4936,2,'78',7,4,'丁冬','2021-03-10 10:46:24','应用统计学',158,13),(4937,1,'78',3,3,'吴桂芹','2021-03-11 21:44:13','c  程序设计',108,13),(4938,1,'78',6,3,'陈立军','2021-03-15 09:31:31','数据库原理',106,13),(4939,1,'78',4,2,'丁冬','2021-03-16 17:50:11','应用统计学',2,13),(4940,1,'78',5,2,'丁冬','2021-03-16 19:36:13','应用统计学',2,13),(4941,1,'78',5,4,'丁冬','2021-03-16 19:36:17','应用统计学',2,13),(4942,1,'34',4,5,'曾涛','2021-03-22 09:58:05','计量经济学',142,13),(4943,1,'56',4,5,'曾涛','2021-03-22 09:58:23','计量经济学',142,13),(4944,3,'12',11,4,'刘瑞霞','2021-03-22 11:39:02','生产与运作管理',2,13),(4945,3,'34',11,4,'刘瑞霞','2021-03-22 11:39:09','生产与运作管理',2,13),(4946,3,'56',11,4,'刘瑞霞','2021-03-22 11:39:14','生产与运作管理',2,13),(4947,3,'78',11,4,'刘瑞霞','2021-03-22 11:39:17','生产与运作管理',2,13),(4948,3,'911',11,4,'刘瑞霞','2021-03-22 11:39:20','生产与运作管理',2,13),(4949,3,'12',12,4,'刘瑞霞','2021-03-22 11:39:32','生产与运作管理',2,13),(4950,3,'56',12,4,'刘瑞霞','2021-03-22 11:39:52','生产与运作管理',2,13),(4951,3,'78',12,4,'刘瑞霞','2021-03-22 11:39:55','生产与运作管理',2,13),(4952,3,'911',12,4,'刘瑞霞','2021-03-22 11:39:59','生产与运作管理',2,13),(4953,3,'56',13,4,'刘瑞霞','2021-03-22 11:40:43','生产与运作管理',2,13),(4954,3,'12',13,4,'刘瑞霞','2021-03-22 11:40:55','生产与运作管理',2,13),(4955,3,'78',13,4,'刘瑞霞','2021-03-22 11:41:00','生产与运作管理',2,13),(4956,3,'911',13,4,'刘瑞霞','2021-03-22 11:41:03','生产与运作管理',2,13),(4961,1,'56',5,3,'吴桂芹','2021-03-24 11:12:32','C语言程序设计',108,13),(4962,1,'56',6,3,'吴桂芹','2021-03-24 11:13:03','C 程序设计语言',108,13),(4963,1,'56',7,2,'吴桂芹','2021-03-24 11:13:23','C 程序设计语言',108,13),(4964,1,'56',8,2,'吴桂芹','2021-03-24 11:14:06','C 程序设计语言',108,13),(4965,1,'34',9,2,'吴桂芹','2021-03-24 11:14:31','C 程序设计语言',108,13),(4966,3,'56',5,3,'申玲','2021-03-24 12:57:03','会计信息化',141,13),(4967,3,'78',5,3,'申玲','2021-03-24 12:57:09','会计信息化',141,13),(4968,2,'78',6,3,'薛顺利','2021-03-26 05:50:11','管理信息系统',111,13),(4969,2,'78',5,3,'薛顺利','2021-03-26 05:52:48','管理信息系统',111,13),(4970,2,'78',5,4,'薛顺利','2021-03-26 05:55:36','管理信息系统',111,13),(4971,3,'78',6,4,'薛顺利','2021-03-26 05:56:06','管理信息系统',111,13),(4972,3,'78',5,2,'薛顺利','2021-03-26 06:04:05','管理信息系统',111,13),(4973,3,'78',6,2,'薛顺利','2021-03-26 06:04:29','管理信息系统',111,13),(4976,2,'78',5,5,'薛顺利','2021-03-26 06:17:23','管理信息系统',111,13),(4977,2,'56',5,5,'薛顺利','2021-03-26 06:17:32','管理信息系统',111,13),(4978,2,'56',6,5,'薛顺利','2021-03-26 06:18:01','管理信息系统',111,13),(4979,2,'78',6,5,'薛顺利','2021-03-26 06:18:11','管理信息系统',111,13),(4981,1,'56',8,3,'丁冬','2021-03-26 09:54:39','应用统计学',2,13),(4982,1,'78',8,3,'丁冬','2021-03-26 09:54:45','应用统计学',2,13),(4983,2,'911',6,3,'许益锋','2021-03-29 09:47:52','创业综合模拟',142,13),(4984,1,'34',6,5,'曾涛','2021-03-31 16:56:39','计量经济学',142,13),(4985,1,'56',6,5,'曾涛','2021-03-31 16:57:16','计量经济学',142,13),(4986,2,'56',7,2,'丁冬','2021-04-01 16:47:10','应用统计学',2,13),(4987,1,'34',7,2,'丁冬','2021-04-01 16:47:17','应用统计学',2,13),(4988,1,'34',8,2,'丁冬','2021-04-01 16:47:33','应用统计学',2,13),(4989,2,'56',8,2,'丁冬','2021-04-01 16:47:37','应用统计学',2,13),(4990,1,'56',14,1,'杨晓燕','2021-04-07 09:07:47','SAP',109,13),(4991,1,'56',14,2,'杨晓燕','2021-04-07 09:07:58','SAP',109,13),(4992,1,'12',14,3,'杨晓燕','2021-04-07 09:08:14','SAP',109,13),(4993,1,'56',14,3,'杨晓燕','2021-04-07 09:08:19','SAP',109,13),(4994,1,'56',14,4,'杨晓燕','2021-04-07 09:09:09','SAP',109,13),(4995,1,'12',14,5,'杨晓燕','2021-04-07 09:09:25','SAP',109,13),(4996,1,'56',15,1,'杨晓燕','2021-04-07 09:13:52','SAP',109,13),(4997,1,'56',15,2,'杨晓燕','2021-04-07 09:13:58','SAP',109,13),(5000,1,'12',15,3,'杨晓燕','2021-04-07 09:14:45','SAP',109,13),(5001,1,'56',15,3,'杨晓燕','2021-04-07 09:14:50','SAP',109,13),(5004,1,'56',16,2,'杨晓燕','2021-04-07 09:15:31','SAP',109,13),(5005,1,'78',16,2,'杨晓燕','2021-04-07 09:15:36','SAP',109,13),(5006,1,'12',16,3,'杨晓燕','2021-04-07 09:15:54','SAP',109,13),(5007,1,'56',16,3,'杨晓燕','2021-04-07 09:15:59','SAP',109,13),(5008,1,'34',16,3,'杨晓燕','2021-04-07 09:16:11','SAP',109,13),(5009,1,'78',16,3,'杨晓燕','2021-04-07 09:16:16','SAP',109,13),(5010,1,'34',15,3,'杨晓燕','2021-04-07 09:16:29','SAP',109,13),(5013,1,'78',15,3,'杨晓燕','2021-04-07 09:16:51','SAP',109,13),(5014,1,'78',15,2,'杨晓燕','2021-04-07 09:17:01','SAP',109,13),(5015,1,'78',15,1,'杨晓燕','2021-04-07 09:17:05','SAP',109,13),(5016,1,'78',14,1,'杨晓燕','2021-04-07 09:17:22','SAP',109,13),(5017,1,'78',14,2,'杨晓燕','2021-04-07 09:17:26','SAP',109,13),(5018,1,'78',14,3,'杨晓燕','2021-04-07 09:17:30','SAP',109,13),(5019,1,'34',14,3,'杨晓燕','2021-04-07 09:17:36','SAP',109,13),(5020,1,'78',14,4,'杨晓燕','2021-04-07 09:17:40','SAP',109,13),(5021,1,'34',14,5,'杨晓燕','2021-04-07 09:17:46','SAP',109,13),(5022,2,'78',7,5,'张庆庆','2021-04-08 06:23:52','应用统计学',157,13),(5023,1,'56',7,5,'张庆庆','2021-04-08 09:55:28','应用统计学',157,13),(5026,2,'34',8,1,'王纯子','2021-04-08 10:39:12','应用统计学',112,13),(5027,2,'34',8,3,'王纯子','2021-04-08 10:40:06','应用统计学',112,13),(5030,3,'78',8,1,'王纯子','2021-04-08 10:41:42','应用统计学',112,13),(5031,3,'56',8,1,'王纯子','2021-04-08 10:41:45','应用统计学',112,13),(5032,2,'12',8,3,'王纯子','2021-04-08 10:43:21','应用统计学',112,13),(5033,2,'78',8,3,'王纯子','2021-04-08 10:43:41','应用统计学',112,13),(5034,1,'56',8,5,'王纯子','2021-04-08 10:47:48','应用统计学',112,13),(5035,3,'56',8,2,'薛顺利','2021-04-10 23:46:31','管理信息系统',111,13),(5036,3,'78',8,2,'薛顺利','2021-04-10 23:47:00','管理信息系统',111,13),(5037,1,'34',8,5,'王纯子','2021-04-13 10:02:32','应用统计学',2,13),(5038,2,'12',8,4,'张庆庆','2021-04-13 18:47:43','应用统计学',157,13),(5039,2,'78',8,4,'张庆庆','2021-04-13 18:47:47','应用统计学',157,13),(5042,2,'56',8,3,'张庆庆','2021-04-13 19:08:42','应用统计学',157,13),(5043,2,'12',9,1,'张庆庆','2021-04-13 19:09:27','应用统计学',157,13),(5044,1,'56',9,3,'张庆庆','2021-04-13 22:03:24','应用统计学',157,13),(5045,1,'78',9,3,'张庆庆','2021-04-13 22:03:29','应用统计学',157,13),(5048,2,'78',8,5,'薛顺利','2021-04-14 22:49:59','管理信息系统',111,13),(5049,2,'34',9,1,'王纯子','2021-04-15 11:14:18','应用统计学',112,13),(5052,1,'78',8,5,'王纯子','2021-04-15 11:55:18','应用统计学',112,13),(5053,1,'34',9,5,'曾涛','2021-04-22 08:24:54','计量经济学',142,13),(5054,7,'12',11,1,'马贵梅','2021-04-23 14:19:57','薪酬管理课程设计',2,13),(5055,7,'34',11,1,'马贵梅','2021-04-23 14:20:16','薪酬管理课程设计',2,13),(5056,7,'56',11,1,'马贵梅','2021-04-23 14:20:19','薪酬管理课程设计',2,13),(5057,7,'78',11,1,'马贵梅','2021-04-23 14:20:23','薪酬管理课程设计',2,13),(5058,7,'12',11,2,'马贵梅','2021-04-23 14:20:26','薪酬管理课程设计',2,13),(5059,7,'12',11,3,'马贵梅','2021-04-23 14:20:29','薪酬管理课程设计',2,13),(5060,7,'34',11,2,'马贵梅','2021-04-23 14:20:32','薪酬管理课程设计',2,13),(5061,7,'34',11,3,'马贵梅','2021-04-23 14:20:35','薪酬管理课程设计',2,13),(5062,7,'56',11,2,'马贵梅','2021-04-23 14:20:40','薪酬管理课程设计',2,13),(5063,7,'56',11,3,'马贵梅','2021-04-23 14:20:44','薪酬管理课程设计',2,13),(5064,7,'78',11,2,'马贵梅','2021-04-23 14:20:47','薪酬管理课程设计',2,13),(5065,7,'78',11,3,'马贵梅','2021-04-23 14:20:51','薪酬管理课程设计',2,13),(5066,7,'12',11,4,'马贵梅','2021-04-23 14:20:54','薪酬管理课程设计',2,13),(5067,7,'34',11,4,'马贵梅','2021-04-23 14:20:57','薪酬管理课程设计',2,13),(5068,7,'56',11,4,'马贵梅','2021-04-23 14:21:00','薪酬管理课程设计',2,13),(5069,7,'78',11,4,'马贵梅','2021-04-23 14:21:03','薪酬管理课程设计',2,13),(5070,7,'12',11,5,'马贵梅','2021-04-23 14:21:07','薪酬管理课程设计',2,13),(5071,7,'34',11,5,'马贵梅','2021-04-23 14:21:14','薪酬管理课程设计',2,13),(5072,7,'56',11,5,'马贵梅','2021-04-23 14:21:18','薪酬管理课程设计',2,13),(5073,7,'78',11,5,'马贵梅','2021-04-23 14:21:22','薪酬管理课程设计',2,13),(5074,2,'12',11,1,'许益锋','2021-04-25 15:43:10','创业模拟',141,13),(5075,2,'34',11,1,'许益锋','2021-04-25 15:43:17','创业模拟',141,13),(5076,2,'12',11,3,'许益锋','2021-04-25 15:43:31','创业模拟',141,13),(5077,2,'34',11,3,'许益锋','2021-04-25 15:43:36','创业模拟',141,13),(5078,2,'56',11,3,'许益锋','2021-04-25 15:43:41','创业模拟',141,13),(5079,2,'78',11,3,'许益锋','2021-04-25 15:43:53','创业模拟',141,13),(5080,2,'34',11,4,'许益锋','2021-04-25 15:44:03','创业模拟',141,13),(5081,2,'56',11,4,'许益锋','2021-04-25 15:44:07','创业模拟',141,13),(5082,2,'78',11,4,'许益锋','2021-04-25 15:44:12','创业模拟',141,13),(5083,2,'12',11,5,'许益锋','2021-04-25 15:44:19','创业模拟',141,13),(5084,2,'56',11,5,'许益锋','2021-04-25 15:44:24','创业模拟',141,13),(5085,2,'78',11,5,'许益锋','2021-04-25 15:44:29','创业模拟',141,13),(5086,1,'12',11,1,'李艳','2021-04-29 09:27:29','管理信息系统',157,13),(5087,1,'34',11,1,'李艳','2021-04-29 09:27:33','管理信息系统',157,13),(5088,1,'78',11,1,'李艳','2021-04-29 09:27:47','管理信息系统',157,13),(5089,1,'12',11,4,'李艳','2021-04-29 09:28:22','管理信息系统',157,13),(5090,1,'34',11,4,'李艳','2021-04-29 09:28:26','管理信息系统',157,13),(5091,1,'78',11,4,'李艳','2021-04-29 09:28:30','管理信息系统',157,13),(5092,1,'12',11,5,'曾涛','2021-04-29 10:33:27','计量经济学',2,13),(5093,1,'34',11,5,'曾涛','2021-04-29 10:33:36','计量经济学',2,13),(5095,1,'78',12,2,'陈立军','2021-05-07 17:22:08','数据库原理',106,13),(5096,1,'56',12,2,'陈立军','2021-05-07 17:26:48','数据库原理',106,13),(5098,2,'12',11,2,'许益锋','2021-05-08 10:09:36','创业模拟',141,13),(5099,2,'34',11,2,'许益锋','2021-05-08 10:09:41','创业模拟',141,13),(5105,1,'56',12,1,'王渊','2021-05-10 15:52:19','管理与社会经济系统仿真',141,13),(5106,1,'78',12,1,'王渊','2021-05-10 15:52:24','管理与社会经济系统仿真',141,13),(5107,1,'56',13,1,'王渊','2021-05-10 15:52:33','管理与社会经济系统仿真',141,13),(5108,1,'78',13,1,'王渊','2021-05-10 15:52:38','管理与社会经济系统仿真',141,13),(5109,2,'56',12,2,'许益锋','2021-05-10 16:36:37','创业模拟',94,13),(5110,2,'78',12,2,'许益锋','2021-05-10 16:37:10','创业模拟',94,13),(5111,2,'56',12,5,'许益锋','2021-05-10 16:37:38','创业模拟',94,13),(5112,2,'78',12,5,'许益锋','2021-05-10 16:37:47','创业模拟',94,13),(5113,2,'56',13,2,'许益锋','2021-05-10 16:39:37','创业模拟',94,13),(5115,2,'56',13,5,'许益锋','2021-05-10 16:39:49','创业模拟',94,13),(5116,2,'78',13,5,'许益锋','2021-05-10 16:39:54','创业模拟',94,13),(5117,2,'12',13,2,'许益锋','2021-05-13 10:14:03','创业模拟',94,13),(5118,2,'12',19,1,'许益锋','2021-05-13 10:14:50','创业模拟',94,13),(5119,2,'34',19,1,'许益锋','2021-05-13 10:14:56','创业模拟',94,13),(5120,2,'12',19,2,'许益锋','2021-05-13 10:15:05','创业模拟',94,13),(5121,1,'78',13,3,'陈立军','2021-05-16 12:12:42','数据库原理',106,13),(5122,1,'56',16,4,'杨晓燕','2021-05-23 22:36:15','SAP',109,13),(5123,1,'78',16,4,'杨晓燕','2021-05-23 22:36:20','SAP',109,13),(5126,7,'12',15,2,'宋玉','2021-06-01 14:07:47','创业概论与实训',142,13),(5127,7,'34',15,2,'王渊','2021-06-01 14:08:00','创业概论与实训',142,13),(5128,7,'56',15,2,'许益锋','2021-06-01 14:08:18','创业概论与实训',142,13),(5129,7,'12',15,4,'王渊','2021-06-01 14:08:33','创业概论与实训',142,13),(5130,7,'34',15,4,'宋玉','2021-06-01 14:09:52','创业概论与实训',142,13),(5131,7,'56',15,4,'许益锋','2021-06-01 14:10:07','创业概论与实训',142,13),(5132,7,'12',16,2,'宋玉','2021-06-01 14:10:26','创业概论与实训',142,13),(5133,7,'34',16,2,'王渊','2021-06-01 14:10:39','创业概论与实训',142,13),(5134,7,'56',16,2,'许益锋','2021-06-01 14:10:55','创业概论与实训',142,13),(5135,7,'12',16,4,'王渊','2021-06-01 14:11:08','创业概论与实训',142,13),(5136,7,'34',16,4,'宋玉','2021-06-01 14:11:19','创业概论与实训',142,13),(5137,7,'56',16,4,'许益锋','2021-06-01 14:11:33','创业概论与实训',142,13),(5138,7,'12',17,2,'宋玉','2021-06-01 14:11:50','创业概论与实训',142,13),(5139,7,'34',17,2,'王渊','2021-06-01 14:12:01','创业概论与实训',142,13),(5140,7,'56',17,2,'许益锋','2021-06-01 14:12:16','创业概论与实训',142,13),(5141,7,'12',17,4,'王渊','2021-06-01 14:12:40','创业概论与实训',142,13),(5142,7,'34',17,4,'宋玉','2021-06-01 14:12:51','创业概论与实训',142,13),(5143,7,'56',17,4,'许益锋','2021-06-01 14:13:04','创业概论与实训',142,13),(5144,7,'12',18,2,'宋玉','2021-06-01 14:13:20','创业概论与实训',142,13),(5145,7,'34',18,2,'王渊','2021-06-01 14:13:33','创业概论与实训',142,13),(5146,7,'56',18,2,'许益锋','2021-06-01 14:13:45','创业概论与实训',142,13),(5147,7,'12',18,4,'王渊','2021-06-01 14:13:57','创业概论与实训',142,13),(5148,7,'34',18,4,'宋玉','2021-06-01 14:14:10','创业概论与实训',142,13),(5149,7,'56',18,4,'许益锋','2021-06-01 14:14:24','创业概论与实训',142,13),(5150,7,'12',19,2,'宋玉','2021-06-01 14:14:45','创业概论与实训',142,13),(5151,7,'34',19,2,'王渊','2021-06-01 14:14:56','创业概论与实训',142,13),(5152,7,'56',19,2,'许益锋','2021-06-01 14:15:07','创业概论与实训',142,13),(5153,7,'12',19,4,'王渊','2021-06-01 14:15:19','创业概论与实训',142,13),(5154,7,'34',19,4,'宋玉','2021-06-01 14:15:34','创业概论与实训',142,13),(5155,7,'56',19,4,'许益锋','2021-06-01 14:15:48','创业概论与实训',142,13),(5156,2,'34',15,3,'周镭','2021-06-03 16:10:45','网络营销',141,13),(5157,1,'56',17,2,'杨晓燕','2021-06-04 10:15:50','SAP',109,13),(5158,1,'78',17,2,'杨晓燕','2021-06-04 10:15:59','SAP',109,13),(5161,2,'12',16,3,'周镭','2021-06-09 10:14:52','网络营销',142,13),(5162,2,'12',17,3,'周镭','2021-06-09 10:15:14','网络营销',142,13),(5163,2,'12',18,3,'周镭','2021-06-09 10:15:30','网络营销',142,13),(5164,3,'56',18,1,'郑岩岩','2021-06-20 17:47:29','商务数据分析（会计）',167,13),(5165,3,'78',18,1,'郑岩岩','2021-06-20 17:47:39','商务数据分析（国贸）',167,13),(5166,3,'34',18,2,'郑岩岩','2021-06-20 17:47:55','商务数据分析（会计）',167,13),(5173,3,'56',18,4,'王宁','2021-06-23 10:15:10','工作分析与岗位评价',142,13),(5174,3,'78',18,4,'王宁','2021-06-23 10:15:35','工作分析与岗位评价',142,13),(5175,1,'12',18,1,'王渊','2021-06-24 09:49:06','delphi',2,13),(5176,1,'12',18,2,'王渊','2021-06-24 09:59:26','delphi',2,13),(5177,1,'12',18,3,'王渊','2021-06-24 09:59:29','delphi',2,13),(5178,1,'12',18,4,'王渊','2021-06-24 09:59:31','delphi',2,13),(5179,1,'12',18,5,'王渊','2021-06-24 09:59:34','delphi',2,13),(5180,2,'34',19,2,'郑岩岩','2021-06-28 15:40:56','商务数据分析（会计）',167,13),(5181,2,'78',19,2,'郑岩岩','2021-06-28 15:42:22','商务数据分析（国贸）',167,13),(5185,2,'56',19,3,'郑岩岩','2021-07-05 08:43:30','商务数据分析',1,13),(5186,2,'78',19,3,'郑岩岩','2021-07-05 08:43:32','商务数据分析',1,13),(5187,2,'12',1,1,'许益锋','2021-08-26 10:46:11','创业模拟',142,14),(5188,2,'34',1,1,'许益锋','2021-08-26 10:46:21','创业模拟',142,14),(5189,2,'12',1,2,'许益锋','2021-08-26 10:46:28','创业模拟',142,14),(5190,2,'34',1,2,'许益锋','2021-08-26 10:46:34','创业模拟',142,14),(5191,2,'12',1,3,'许益锋','2021-08-26 10:47:32','创业模拟',142,14),(5192,2,'34',1,3,'许益锋','2021-08-26 10:48:12','创业模拟',142,14),(5193,2,'12',1,4,'许益锋','2021-08-26 10:48:19','创业模拟',142,14),(5194,2,'34',1,4,'许益锋','2021-08-26 10:48:26','创业模拟',142,14),(5195,2,'12',1,5,'许益锋','2021-08-26 10:49:24','创业模拟',142,14),(5196,2,'34',1,5,'许益锋','2021-08-26 10:49:32','创业模拟',142,14),(5197,2,'34',2,2,'许益锋','2021-08-26 10:51:16','创业模拟',142,14),(5198,2,'56',2,2,'许益锋','2021-08-26 10:51:24','创业模拟',142,14),(5199,2,'78',2,2,'许益锋','2021-08-26 10:51:41','创业模拟',142,14),(5200,2,'12',2,3,'许益锋','2021-08-26 10:51:50','创业模拟',142,14),(5201,2,'34',2,3,'许益锋','2021-08-26 10:51:54','创业模拟',142,14),(5202,2,'12',2,4,'许益锋','2021-08-26 10:52:00','创业模拟',142,14),(5203,2,'34',2,4,'许益锋','2021-08-26 10:52:06','创业模拟',142,14),(5204,2,'12',2,5,'许益锋','2021-08-26 10:52:13','创业模拟',142,14),(5205,2,'34',2,5,'许益锋','2021-08-26 10:52:18','创业模拟',142,14),(5206,2,'12',2,2,'许益锋','2021-08-26 10:54:49','创业模拟',142,14),(5208,1,'12',1,1,'吴桂芹','2021-08-26 11:11:55','vc',108,14),(5209,1,'34',1,1,'吴桂芹','2021-08-26 11:12:03','vc',108,14),(5239,1,'56',3,4,'吴桂芹','2021-08-26 14:49:12','数据结构',108,14),(5241,1,'56',4,4,'吴桂芹','2021-08-26 14:53:19','数据结构',108,14),(5242,1,'56',7,4,'吴桂芹','2021-08-26 14:53:40','数据结构',108,14),(5245,3,'34',13,3,'吴桂芹','2021-08-26 15:02:07','python',108,14),(5247,3,'12',13,3,'吴桂芹','2021-08-26 15:10:15','python',108,14),(5248,3,'12',14,3,'吴桂芹','2021-08-26 15:12:01','python',108,14),(5249,3,'34',14,3,'吴桂芹','2021-08-26 15:12:10','python',108,14),(5252,3,'56',16,4,'吴桂芹','2021-08-26 15:16:22','python',108,14),(5253,3,'78',16,4,'吴桂芹','2021-08-26 15:16:27','python',108,14),(5254,3,'56',17,4,'吴桂芹','2021-08-26 15:16:45','python',108,14),(5256,3,'56',18,4,'吴桂芹','2021-08-26 15:17:09','python',108,14),(5257,3,'78',18,4,'吴桂芹','2021-08-26 15:26:36','python',108,14),(5258,3,'56',19,4,'吴桂芹','2021-08-26 15:27:02','python',108,14),(5259,3,'78',19,4,'吴桂芹','2021-08-26 15:27:11','python',108,14),(5262,1,'12',1,3,'吴桂芹','2021-08-27 12:28:43','vc',108,14),(5264,1,'12',1,5,'吴桂芹','2021-08-27 12:28:53','vc',108,14),(5265,1,'34',1,5,'吴桂芹','2021-08-27 12:28:57','vc',108,14),(5266,1,'34',1,3,'吴桂芹','2021-08-27 12:32:05','vc',108,14),(5267,1,'56',1,2,'吴桂芹','2021-08-27 12:32:11','vc',108,14),(5268,1,'78',1,2,'吴桂芹','2021-08-27 12:32:15','vc',108,14),(5269,1,'56',1,4,'吴桂芹','2021-08-27 12:32:22','vc',108,14),(5270,1,'78',1,4,'吴桂芹','2021-08-27 12:32:27','vc',108,14),(5271,1,'12',2,1,'吴桂芹','2021-08-27 12:33:09','vc',108,14),(5272,1,'34',2,1,'吴桂芹','2021-08-27 12:33:13','vc',108,14),(5273,1,'56',2,2,'吴桂芹','2021-08-27 12:33:45','vc',108,14),(5274,1,'78',2,2,'吴桂芹','2021-08-27 12:33:51','vc',108,14),(5275,1,'56',2,4,'吴桂芹','2021-08-27 12:33:54','vc',108,14),(5276,1,'78',2,4,'吴桂芹','2021-08-27 12:33:58','vc',108,14),(5277,1,'12',2,5,'吴桂芹','2021-08-27 12:34:41','vc',108,14),(5278,1,'34',2,5,'吴桂芹','2021-08-27 12:34:49','vc',108,14),(5281,1,'12',3,5,'吴桂芹','2021-08-27 12:35:37','vc',108,14),(5282,1,'34',3,5,'吴桂芹','2021-08-27 12:35:43','vc',108,14),(5283,1,'56',3,5,'吴桂芹','2021-08-27 12:35:47','vc',108,14),(5285,1,'56',3,2,'吴桂芹','2021-08-27 12:36:04','vc',108,14),(5286,1,'78',3,2,'吴桂芹','2021-08-27 12:36:08','vc',108,14),(5287,1,'12',3,1,'吴桂芹','2021-08-27 12:36:21','vc',108,14),(5288,1,'34',3,1,'吴桂芹','2021-08-27 12:36:24','vc',108,14),(5291,7,'34',1,1,'许益锋','2021-08-30 09:12:01','创业概论与实训',142,14),(5292,7,'34',1,2,'宋玉','2021-08-30 09:12:20','创业概论与实训',142,14),(5293,7,'12',1,3,'刘瑞霞','2021-08-30 09:12:56','创业概论与实训',142,14),(5294,7,'34',1,4,'宋玉','2021-08-30 09:14:01','创业概论与实训',142,14),(5295,7,'56',1,4,'许益锋','2021-08-30 09:14:18','创业概论与实训',142,14),(5296,7,'34',1,5,'刘瑞霞','2021-08-30 09:14:33','创业概论与实训',142,14),(5297,7,'34',2,1,'许益锋','2021-08-30 09:16:15','创业概论与实训',142,14),(5298,7,'34',2,2,'宋玉','2021-08-30 09:16:31','创业概论与实训',142,14),(5299,7,'12',2,3,'刘瑞霞','2021-08-30 09:17:12','创业概论与实训',142,14),(5300,7,'34',2,4,'宋玉','2021-08-30 09:17:54','创业概论与实训',142,14),(5301,7,'56',2,4,'许益锋','2021-08-30 09:18:46','创业概论与实训',142,14),(5302,7,'34',2,5,'刘瑞霞','2021-08-30 09:19:20','创业概论与实训',142,14),(5303,7,'34',3,1,'许益锋','2021-08-30 09:20:20','创业概论与实训',142,14),(5304,7,'34',3,2,'宋玉','2021-08-30 09:20:40','创业概论与实训',142,14),(5305,7,'12',3,3,'刘瑞霞','2021-08-30 09:20:55','创业概论与实训',142,14),(5306,7,'34',3,4,'宋玉','2021-08-30 09:21:20','创业概论与实训',142,14),(5307,7,'56',3,4,'许益锋','2021-08-30 09:21:37','创业概论与实训',142,14),(5308,7,'34',3,5,'刘瑞霞','2021-08-30 09:21:58','创业概论与实训',142,14),(5309,7,'34',4,1,'许益锋','2021-08-30 09:22:41','创业概论与实训',142,14),(5310,7,'34',4,2,'宋玉','2021-08-30 09:22:59','创业概论与实训',142,14),(5311,7,'12',4,3,'刘瑞霞','2021-08-30 09:23:17','创业概论与实训',142,14),(5312,7,'34',4,4,'宋玉','2021-08-30 09:23:32','创业概论与实训',142,14),(5313,7,'56',4,4,'许益锋','2021-08-30 09:23:51','创业概论与实训',142,14),(5314,7,'34',4,5,'刘瑞霞','2021-08-30 09:24:06','创业概论与实训',142,14),(5315,7,'34',5,1,'许益锋','2021-08-30 09:24:30','创业概论与实训',142,14),(5316,7,'34',5,2,'宋玉','2021-08-30 09:24:42','创业概论与实训',142,14),(5317,7,'12',5,3,'刘瑞霞','2021-08-30 09:24:56','创业概论与实训',142,14),(5318,7,'34',5,4,'宋玉','2021-08-30 09:25:13','创业概论与实训',142,14),(5319,7,'12',5,5,'刘瑞霞','2021-08-30 09:25:37','创业概论与实训',142,14),(5320,7,'34',6,1,'许益锋','2021-08-30 09:25:54','创业概论与实训',142,14),(5321,7,'34',6,2,'宋玉','2021-08-30 09:26:05','创业概论与实训',142,14),(5322,7,'12',6,3,'刘瑞霞','2021-08-30 09:26:23','创业概论与实训',142,14),(5323,7,'34',6,4,'宋玉','2021-08-30 09:26:34','创业概论与实训',142,14),(5324,7,'56',6,4,'许益锋','2021-08-30 09:26:51','创业概论与实训',142,14),(5325,7,'12',6,5,'刘瑞霞','2021-08-30 09:27:03','创业概论与实训',142,14),(5326,2,'56',14,1,'许益锋','2021-08-30 10:18:38','创业模拟实验',142,14),(5327,2,'78',14,1,'许益锋','2021-08-30 10:18:49','创业模拟实验',142,14),(5328,2,'56',14,2,'许益锋','2021-08-30 10:19:16','创业模拟实验',142,14),(5329,2,'78',14,2,'许益锋','2021-08-30 10:19:21','创业模拟实验',142,14),(5330,2,'56',14,3,'许益锋','2021-08-30 10:19:27','创业模拟实验',142,14),(5331,2,'78',14,3,'许益锋','2021-08-30 10:19:31','创业模拟实验',142,14),(5332,2,'56',14,4,'许益锋','2021-08-30 10:19:36','创业模拟实验',142,14),(5333,2,'78',14,4,'许益锋','2021-08-30 10:19:40','创业模拟实验',142,14),(5334,2,'56',14,5,'许益锋','2021-08-30 10:19:46','创业模拟实验',142,14),(5335,2,'78',14,5,'许益锋','2021-08-30 10:19:51','创业模拟实验',142,14),(5336,2,'56',15,1,'许益锋','2021-08-30 10:20:01','创业模拟实验',142,14),(5337,2,'78',15,1,'许益锋','2021-08-30 10:20:07','创业模拟实验',142,14),(5338,2,'56',15,2,'许益锋','2021-08-30 10:20:12','创业模拟实验',142,14),(5339,2,'78',15,2,'许益锋','2021-08-30 10:20:17','创业模拟实验',142,14),(5340,2,'56',15,3,'许益锋','2021-08-30 10:20:21','创业模拟实验',142,14),(5341,2,'78',15,3,'许益锋','2021-08-30 10:20:27','创业模拟实验',142,14),(5342,2,'56',15,4,'许益锋','2021-08-30 10:20:32','创业模拟实验',142,14),(5343,2,'78',15,4,'许益锋','2021-08-30 10:20:36','创业模拟实验',142,14),(5344,2,'56',15,5,'许益锋','2021-08-30 10:20:46','创业模拟实验',142,14),(5345,2,'78',15,5,'许益锋','2021-08-30 10:20:51','创业模拟实验',142,14),(5346,2,'12',16,1,'许益锋','2021-08-30 10:21:12','创业模拟实验',142,14),(5347,2,'34',16,1,'许益锋','2021-08-30 10:21:17','创业模拟实验',142,14),(5348,2,'56',16,2,'许益锋','2021-08-30 10:21:29','创业模拟实验',142,14),(5349,2,'78',16,2,'许益锋','2021-08-30 10:21:36','创业模拟实验',142,14),(5350,2,'56',16,3,'许益锋','2021-08-30 10:21:44','创业模拟实验',142,14),(5351,2,'78',16,3,'许益锋','2021-08-30 10:21:49','创业模拟实验',142,14),(5352,2,'56',16,4,'许益锋','2021-08-30 10:21:57','创业模拟实验',142,14),(5353,2,'78',16,4,'许益锋','2021-08-30 10:22:02','创业模拟实验',142,14),(5354,2,'56',16,5,'许益锋','2021-08-30 10:22:12','创业模拟实验',142,14),(5355,2,'78',16,5,'许益锋','2021-08-30 10:22:17','创业模拟实验',142,14),(5356,2,'12',17,1,'许益锋','2021-08-30 10:22:31','创业模拟实验',142,14),(5357,2,'34',17,1,'许益锋','2021-08-30 10:22:37','创业模拟实验',142,14),(5358,2,'56',17,2,'许益锋','2021-08-30 10:22:48','创业模拟实验',142,14),(5359,2,'78',17,2,'许益锋','2021-08-30 10:22:58','创业模拟实验',142,14),(5360,2,'56',17,3,'许益锋','2021-08-30 10:23:04','创业模拟实验',142,14),(5361,2,'78',17,3,'许益锋','2021-08-30 10:23:09','创业模拟实验',142,14),(5362,2,'56',17,4,'许益锋','2021-08-30 10:23:13','创业模拟实验',142,14),(5363,2,'78',17,4,'许益锋','2021-08-30 10:23:19','创业模拟实验',142,14),(5364,2,'56',17,5,'许益锋','2021-08-30 10:23:26','创业模拟实验',142,14),(5365,2,'78',17,5,'许益锋','2021-08-30 10:23:32','创业模拟实验',142,14),(5366,1,'34',3,4,'吴桂芹','2021-08-30 22:28:23','vc',108,14),(5367,1,'12',2,3,'吴桂芹','2021-08-30 22:29:00','vc',108,14),(5368,1,'34',2,3,'吴桂芹','2021-08-30 22:29:05','vc',108,14),(5386,3,'34',3,5,'陈阵','2021-08-31 11:01:32','人力资源沙盘模拟',2,14),(5389,3,'12',4,1,'陈阵','2021-08-31 11:07:51','人力资源沙盘模拟',2,14),(5391,3,'34',4,1,'陈阵','2021-08-31 11:07:57','人力资源沙盘模拟',2,14),(5393,3,'12',4,2,'陈阵','2021-08-31 11:08:02','人力资源沙盘模拟',2,14),(5394,3,'34',4,2,'陈阵','2021-08-31 11:08:06','人力资源沙盘模拟',2,14),(5397,3,'12',4,3,'陈阵','2021-08-31 11:08:14','人力资源沙盘模拟',2,14),(5398,3,'34',4,3,'陈阵','2021-08-31 11:08:17','人力资源沙盘模拟',2,14),(5401,3,'12',4,4,'陈阵','2021-08-31 11:08:35','人力资源沙盘模拟',2,14),(5402,3,'34',4,4,'陈阵','2021-08-31 11:08:38','人力资源沙盘模拟',2,14),(5405,3,'12',4,5,'陈阵','2021-08-31 11:08:46','人力资源沙盘模拟',2,14),(5406,3,'34',4,5,'陈阵','2021-08-31 11:08:49','人力资源沙盘模拟',2,14),(5459,1,'12',3,3,'吴桂芹','2021-09-04 14:49:56','vc',108,14),(5460,1,'34',3,3,'吴桂芹','2021-09-04 14:50:07','vc',108,14),(5463,1,'78',3,4,'吴桂芹','2021-09-06 18:56:35','数据结构',108,14),(5464,1,'56',5,4,'吴桂芹','2021-09-06 18:57:17','数据结构',108,14),(5465,1,'56',8,4,'吴桂芹','2021-09-06 18:57:39','数据结构',108,14),(5468,1,'56',10,1,'陈阵','2021-09-14 08:37:57','人力资源沙盘模拟',164,14),(5469,1,'78',10,1,'陈阵','2021-09-14 08:38:10','人力资源沙盘模拟',164,14),(5472,1,'56',10,2,'陈阵','2021-09-14 08:39:04','人力资源沙盘模拟',164,14),(5473,1,'78',10,2,'陈阵','2021-09-14 08:39:12','人力资源沙盘模拟',164,14),(5476,1,'56',10,3,'陈阵','2021-09-14 08:39:35','人力资源沙盘模拟',164,14),(5477,1,'78',10,3,'陈阵','2021-09-14 08:39:43','人力资源沙盘模拟',164,14),(5480,3,'56',10,4,'陈阵','2021-09-14 08:40:33','人力资源沙盘模拟',164,14),(5481,3,'78',10,4,'陈阵','2021-09-14 08:40:46','人力资源沙盘模拟',164,14),(5484,1,'56',10,5,'陈阵','2021-09-14 08:41:12','人力资源沙盘模拟',164,14),(5485,1,'78',10,5,'陈阵','2021-09-14 08:41:25','人力资源沙盘模拟',164,14),(5486,1,'12',11,1,'陈阵','2021-09-14 08:41:53','人力资源沙盘模拟',164,14),(5487,1,'34',11,1,'陈阵','2021-09-14 08:42:06','人力资源沙盘模拟',164,14),(5490,1,'12',11,2,'陈阵','2021-09-14 08:42:29','人力资源沙盘模拟',164,14),(5491,1,'34',11,2,'陈阵','2021-09-14 08:42:32','人力资源沙盘模拟',164,14),(5494,1,'12',11,3,'陈阵','2021-09-14 08:43:00','人力资源沙盘模拟',164,14),(5495,1,'34',11,3,'陈阵','2021-09-14 08:43:03','人力资源沙盘模拟',164,14),(5498,1,'12',11,4,'陈阵','2021-09-14 08:43:32','人力资源沙盘模拟',164,14),(5499,1,'34',11,4,'陈阵','2021-09-14 08:43:35','人力资源沙盘模拟',164,14),(5502,1,'12',11,5,'陈阵','2021-09-14 08:44:20','人力资源沙盘模拟',164,14),(5503,1,'34',11,5,'陈阵','2021-09-14 08:44:23','人力资源沙盘模拟',164,14),(5506,3,'56',5,3,'陈阵','2021-09-24 12:06:06','人机沙盘模拟',2,14),(5507,3,'78',5,3,'陈阵','2021-09-24 12:06:52','人力沙盘模拟',2,14),(5508,1,'56',6,4,'吴桂芹','2021-09-25 19:15:44','数据结构',108,14),(5509,1,'34',8,4,'雷卫','2021-09-28 14:29:38','跨境电商实训',165,14),(5510,1,'34',8,2,'雷卫','2021-09-28 14:29:42','跨境电商实训',165,14),(5511,1,'34',7,2,'雷卫','2021-09-28 14:30:03','跨境电商实训',165,14),(5512,1,'34',7,4,'雷卫','2021-09-28 14:30:12','跨境电商实训',165,14),(5513,1,'34',9,2,'雷卫','2021-09-28 14:30:25','跨境电商实训',165,14),(5514,1,'34',9,4,'雷卫','2021-09-28 14:30:45','跨境电商实训',165,14),(5515,1,'34',10,2,'雷卫','2021-09-28 14:30:58','跨境电商实训',165,14),(5516,1,'34',10,4,'雷卫','2021-09-28 14:31:08','跨境电商实训',165,14),(5539,1,'12',8,5,'杨晓燕','2021-10-09 09:49:23','财务共享',142,14),(5540,1,'34',8,5,'杨晓燕','2021-10-09 09:49:37','财务共享',142,14),(5541,1,'56',8,5,'杨晓燕','2021-10-09 09:49:45','财务共享',142,14),(5542,1,'78',8,5,'杨晓燕','2021-10-09 09:49:56','财务共享',142,14),(5543,1,'12',10,5,'杨晓燕','2021-10-09 09:55:44','财务共享',142,14),(5544,1,'34',10,5,'杨晓燕','2021-10-09 09:55:52','财务共享',142,14),(5545,3,'56',10,5,'杨晓燕','2021-10-09 09:56:09','财务共享',142,14),(5546,3,'78',10,5,'杨晓燕','2021-10-09 09:56:19','财务共享',142,14),(5550,3,'56',15,3,'刘瑞霞','2021-10-11 14:58:34','生产运作',2,14),(5551,3,'78',15,3,'刘瑞霞','2021-10-11 14:58:39','生产运作',2,14),(5552,3,'911',15,3,'刘瑞霞','2021-10-11 14:58:42','生产运作',2,14),(5553,3,'56',15,2,'刘瑞霞','2021-10-11 14:59:14','生产运作',2,14),(5554,3,'78',15,2,'刘瑞霞','2021-10-11 14:59:23','生产运作',2,14),(5555,3,'911',15,2,'刘瑞霞','2021-10-11 14:59:26','生产运作',2,14),(5556,3,'12',15,1,'吴桂芹','2021-10-11 15:06:38','python',2,14),(5558,3,'12',15,4,'刘瑞霞','2021-10-11 15:08:46','生产运作',2,14),(5559,3,'34',15,4,'刘瑞霞','2021-10-11 15:08:51','生产运作',2,14),(5561,3,'78',15,4,'刘瑞霞','2021-10-11 15:09:00','生产运作',2,14),(5562,3,'56',16,3,'刘瑞霞','2021-10-11 15:11:27','生产运作',2,14),(5563,3,'78',16,3,'刘瑞霞','2021-10-11 15:11:31','生产运作',2,14),(5564,3,'911',16,3,'刘瑞霞','2021-10-11 15:11:35','生产运作',2,14),(5565,3,'56',15,4,'刘瑞霞','2021-10-11 15:16:29','生产运作',2,14),(5566,3,'56',8,2,'张庆庆','2021-10-12 15:11:00','商务数据分析',2,14),(5568,2,'56',9,1,'田宋','2021-10-14 14:01:30','电子政务',166,14),(5569,2,'78',9,1,'田宋','2021-10-14 14:01:46','电子政务',166,14),(5570,2,'56',9,3,'田宋','2021-10-14 14:02:43','电子政务',166,14),(5571,2,'78',9,3,'田宋','2021-10-14 14:02:56','电子政务',166,14),(5572,2,'56',10,3,'田宋','2021-10-14 14:03:47','电子政务',166,14),(5573,2,'78',10,3,'田宋','2021-10-14 14:03:57','电子政务',166,14),(5577,1,'56',11,4,'吴桂芹','2021-10-24 10:11:01','数据结构',108,14),(5578,1,'78',11,4,'吴桂芹','2021-10-24 10:14:44','数据结构',108,14),(5580,3,'78',15,1,'吴桂芹','2021-10-24 10:16:18','python',108,14),(5581,3,'78',10,2,'孙晓华','2021-10-24 11:15:00','人员素质测评',87,14),(5582,2,'56',13,3,'田宋','2021-10-26 12:26:42','电子政务',166,14),(5583,2,'78',13,3,'田宋','2021-10-26 12:27:13','电子政务',166,14),(5584,3,'78',11,2,'张庆庆','2021-10-29 16:33:10','商务数据分析',162,14),(5585,3,'56',11,2,'张庆庆','2021-10-29 16:33:15','商务数据分析',162,14),(5586,3,'78',11,5,'张庆庆','2021-10-29 16:36:05','商务数据分析',162,14),(5597,3,'34',11,2,'雷卫','2021-11-04 12:12:02','跨境电商实训',2,14),(5598,3,'34',11,4,'雷卫','2021-11-04 12:12:08','跨境电商实训',2,14),(5599,2,'56',11,5,'孙晓华','2021-11-04 15:08:53','人员素质测评',87,14),(5600,2,'78',11,5,'孙晓华','2021-11-04 15:09:10','人员素质测评',87,14),(5601,1,'12',14,5,'杨晓燕','2021-11-08 09:56:03','SAP',142,14),(5602,1,'34',14,5,'杨晓燕','2021-11-08 09:56:38','SAP',142,14),(5603,1,'56',14,5,'杨晓燕','2021-11-08 09:56:47','SAP',142,14),(5604,1,'78',14,5,'杨晓燕','2021-11-08 09:56:59','SAP',142,14),(5636,7,'56',12,3,'王译','2021-11-10 16:13:58','MPACC',2,14),(5638,7,'56',13,3,'王译','2021-11-10 16:17:33','MPACC',2,14),(5639,2,'78',13,1,'田谧','2021-11-11 15:33:49','审计理论与实务',132,14),(5640,2,'78',13,4,'田谧','2021-11-11 15:34:18','审计理论与实务',132,14),(5642,2,'78',13,2,'郑岩岩','2021-11-14 11:18:51','运筹学_信管',167,14),(5643,2,'56',13,2,'郑岩岩','2021-11-14 11:19:13','运筹学_信管',167,14),(5644,2,'56',13,5,'郑岩岩','2021-11-14 11:19:31','运筹学_工管',167,14),(5645,2,'78',13,5,'郑岩岩','2021-11-14 11:19:46','运筹学_工管',167,14),(5646,2,'56',18,4,'李晓敏','2021-11-23 11:08:00','公务员管理',161,14),(5647,2,'78',18,4,'李晓敏','2021-11-23 11:08:19','公务员管理',161,14),(5648,2,'56',17,1,'李晓敏','2021-11-23 11:13:23','公务员管理',161,14),(5649,2,'78',17,1,'李晓敏','2021-11-23 11:13:45','公务员管理',161,14),(5650,2,'34',18,1,'郑岩岩','2021-11-23 17:13:43','运筹学_信管',167,14),(5651,2,'56',18,1,'郑岩岩','2021-11-23 17:14:48','运筹学_工管',167,14),(5652,2,'78',18,1,'郑岩岩','2021-11-23 17:15:04','运筹学_工管',167,14),(5653,2,'12',18,1,'郑岩岩','2021-11-23 17:15:35','运筹学_信管',167,14),(5654,2,'12',16,2,'徐玲','2021-11-24 10:17:22','外贸',113,14),(5655,2,'34',16,2,'徐玲','2021-11-24 10:17:28','外贸',113,14),(5656,2,'12',16,3,'徐玲','2021-11-24 10:17:33','外贸',113,14),(5657,2,'34',16,3,'徐玲','2021-11-24 10:17:39','外贸',113,14),(5658,2,'12',16,4,'徐玲','2021-11-24 10:17:43','外贸',113,14),(5659,2,'34',16,4,'徐玲','2021-11-24 10:17:48','外贸',113,14),(5660,2,'12',16,5,'徐玲','2021-11-24 10:17:53','外贸',113,14),(5661,2,'34',16,5,'徐玲','2021-11-24 10:17:57','外贸',113,14),(5662,2,'12',15,2,'徐玲','2021-11-24 10:18:13','外贸',113,14),(5663,2,'34',15,2,'徐玲','2021-11-24 10:18:42','外贸',113,14),(5664,2,'12',15,3,'徐玲','2021-11-24 10:18:47','外贸',113,14),(5665,2,'34',15,3,'徐玲','2021-11-24 10:18:51','外贸',113,14),(5666,2,'12',15,5,'徐玲','2021-11-24 10:18:56','外贸',113,14),(5667,2,'34',15,5,'徐玲','2021-11-24 10:19:01','外贸',113,14),(5668,2,'56',16,1,'徐玲','2021-11-24 10:32:17','外贸',113,14),(5669,2,'78',16,1,'徐玲','2021-11-24 10:32:29','外贸',113,14),(5677,2,'56',18,2,'高民芳','2021-11-24 17:48:46','财务管理（A）',126,14),(5678,2,'56',18,3,'高民芳','2021-11-24 17:48:50','财务管理（A）',126,14),(5679,2,'78',18,2,'高民芳','2021-11-24 17:48:54','财务管理（A）',126,14),(5680,2,'78',18,3,'高民芳','2021-11-24 17:48:59','财务管理（A）',126,14),(5685,2,'12',15,1,'徐玲','2021-11-25 09:25:38','外贸',2,14),(5690,2,'34',15,1,'徐玲','2021-11-25 09:31:51','外贸',2,14),(5691,2,'12',15,4,'徐玲','2021-11-25 09:32:02','外贸',2,14),(5692,2,'34',15,4,'徐玲','2021-11-25 09:32:05','外贸',2,14),(5693,2,'12',18,2,'张丽丽','2021-11-27 11:41:46','会计模拟实验-会计学',131,14),(5694,2,'34',18,2,'张丽丽','2021-11-27 11:42:07','会计模拟实验-会计学',131,14),(5695,2,'12',18,3,'张丽丽','2021-11-27 11:42:30','会计模拟实验-会计学',131,14),(5696,2,'34',18,3,'张丽丽','2021-11-27 11:42:44','会计模拟实验-会计学',131,14),(5697,2,'12',18,4,'张丽丽','2021-11-27 11:43:11','会计模拟实验-会计学',131,14),(5698,2,'34',18,4,'张丽丽','2021-11-27 11:43:30','会计模拟实验-会计学',131,14),(5703,2,'12',17,5,'张丽丽','2021-11-27 11:50:50','会计模拟实验',131,14),(5704,2,'34',17,5,'张丽丽','2021-11-27 11:51:07','会计模拟实验',131,14),(5705,2,'12',18,5,'张丽丽','2021-11-27 11:52:04','会计模拟实验',131,14),(5706,2,'34',18,5,'张丽丽','2021-11-27 11:52:15','会计模拟实验',131,14),(5710,3,'12',18,2,'田谧','2021-11-28 08:41:08','会计模拟实验',132,14),(5711,3,'34',18,2,'田谧','2021-11-28 08:41:29','会计模拟实验',132,14),(5712,3,'12',18,3,'田谧','2021-11-28 08:41:43','会计模拟实验',132,14),(5713,3,'34',18,3,'田谧','2021-11-28 08:41:56','会计模拟实验',132,14),(5714,3,'12',18,4,'田谧','2021-11-28 08:42:16','会计模拟实验',132,14),(5715,3,'34',18,4,'田谧','2021-11-28 08:42:28','会计模拟实验',132,14),(5716,3,'12',18,5,'田谧','2021-11-28 08:42:41','会计模拟实验',132,14),(5717,3,'34',18,5,'田谧','2021-11-28 08:42:52','会计模拟实验',132,14),(5718,3,'12',17,5,'田谧','2021-11-28 08:44:25','会计模拟实验',132,14),(5719,3,'34',17,5,'田谧','2021-11-28 08:44:35','会计模拟实验',132,14),(5723,9,'34',14,2,'李艳','2021-12-01 15:03:28','研究生辅导',116,14),(5725,8,'56',14,4,'李艳','2021-12-01 15:06:58','研究生辅导',116,14),(5726,8,'12',14,1,'李艳','2021-12-01 15:09:04','研究生辅导',116,14),(5736,3,'12',17,3,'杨晓燕','2021-12-03 15:39:47','SAP',2,14),(5737,3,'34',17,3,'杨晓燕','2021-12-03 15:39:50','SAP',2,14),(5740,3,'12',17,4,'杨晓燕','2021-12-03 15:40:01','SAP',2,14),(5741,3,'34',17,4,'杨晓燕','2021-12-03 15:40:04','SAP',2,14),(5742,3,'12',16,1,'杨晓燕','2021-12-03 15:40:45','SAP',2,14),(5743,3,'34',16,1,'杨晓燕','2021-12-03 15:40:48','SAP',2,14),(5744,3,'12',16,5,'杨晓燕','2021-12-03 15:41:32','SAP',2,14),(5745,3,'34',16,5,'杨晓燕','2021-12-03 15:41:36','SAP',2,14),(5746,3,'56',16,5,'杨晓燕','2021-12-03 15:42:02','SAP',2,14),(5747,3,'78',16,5,'杨晓燕','2021-12-03 15:42:07','SAP',2,14),(5748,1,'56',16,1,'刘世铎','2021-12-03 15:56:27','商业银行综合柜台业务',2,14),(5749,1,'78',16,1,'刘世铎','2021-12-03 15:56:39','商业银行综合柜台业务',2,14),(5750,1,'12',16,2,'刘世铎','2021-12-03 15:56:47','商业银行综合柜台业务',2,14),(5751,1,'34',16,2,'刘世铎','2021-12-03 15:56:50','商业银行综合柜台业务',2,14),(5752,1,'56',16,2,'刘世铎','2021-12-03 15:56:54','商业银行综合柜台业务',2,14),(5753,1,'78',16,2,'刘世铎','2021-12-03 15:56:57','商业银行综合柜台业务',2,14),(5754,1,'12',16,3,'刘世铎','2021-12-03 15:57:04','商业银行综合柜台业务',2,14),(5755,1,'34',16,3,'刘世铎','2021-12-03 15:57:07','商业银行综合柜台业务',2,14),(5756,1,'12',16,4,'刘世铎','2021-12-03 15:57:10','商业银行综合柜台业务',2,14),(5757,1,'34',16,4,'刘世铎','2021-12-03 15:57:13','商业银行综合柜台业务',2,14),(5758,3,'56',16,1,'杨晓燕','2021-12-03 15:57:28','SAP',2,14),(5759,3,'78',16,1,'杨晓燕','2021-12-03 15:57:30','SAP',2,14),(5760,3,'12',16,2,'杨晓燕','2021-12-03 15:57:33','SAP',2,14),(5761,3,'34',16,2,'杨晓燕','2021-12-03 15:57:40','SAP',2,14),(5762,3,'56',16,2,'杨晓燕','2021-12-03 15:57:43','SAP',2,14),(5763,3,'78',16,2,'杨晓燕','2021-12-03 15:57:46','SAP',2,14),(5764,3,'12',16,3,'杨晓燕','2021-12-03 15:57:49','SAP',2,14),(5765,3,'34',16,3,'杨晓燕','2021-12-03 15:57:52','SAP',2,14),(5766,3,'12',16,4,'杨晓燕','2021-12-03 15:58:02','SAP',2,14),(5767,3,'34',16,4,'杨晓燕','2021-12-03 15:58:04','SAP',2,14),(5768,1,'34',15,1,'姚景源','2021-12-03 16:00:20','证券投资',2,14),(5769,1,'56',15,1,'姚景源','2021-12-03 16:00:26','证券投资',2,14),(5770,1,'12',15,2,'姚景源','2021-12-03 16:00:31','证券投资',2,14),(5771,1,'34',15,2,'姚景源','2021-12-03 16:00:34','证券投资',2,14),(5772,1,'12',15,3,'姚景源','2021-12-03 16:00:39','证券投资',2,14),(5773,1,'34',15,3,'姚景源','2021-12-03 16:00:43','证券投资',2,14),(5774,1,'12',15,4,'姚景源','2021-12-03 16:00:46','证券投资',2,14),(5775,1,'34',15,4,'姚景源','2021-12-03 16:00:49','证券投资',2,14),(5776,1,'12',15,5,'姚景源','2021-12-03 16:00:51','证券投资',2,14),(5777,1,'34',15,5,'姚景源','2021-12-03 16:00:54','证券投资',2,14),(5779,3,'12',15,2,'杨晓燕','2021-12-03 16:02:27','SAP',2,14),(5780,3,'34',15,2,'杨晓燕','2021-12-03 16:02:29','SAP',2,14),(5781,3,'12',15,3,'杨晓燕','2021-12-03 16:02:38','SAP',2,14),(5782,3,'34',15,3,'杨晓燕','2021-12-03 16:02:42','SAP',2,14),(5783,3,'12',15,5,'杨晓燕','2021-12-03 16:03:16','SAP',2,14),(5784,3,'34',15,5,'杨晓燕','2021-12-03 16:03:19','SAP',2,14),(5785,3,'56',15,5,'杨晓燕','2021-12-03 16:03:26','SAP',2,14),(5786,3,'78',15,5,'杨晓燕','2021-12-03 16:03:29','SAP',2,14),(5788,8,'34',15,3,'李艳','2021-12-06 15:08:35','研究生辅导',116,14),(5791,8,'56',15,2,'李艳','2021-12-06 20:54:20','研究生辅导',116,14),(5794,8,'34',15,2,'李艳','2021-12-08 15:19:45','研究生辅导',116,14),(5798,9,'910',15,1,'李艳','2021-12-08 17:09:12','研究生辅导',116,14),(5799,9,'56',15,1,'李艳','2021-12-08 17:09:14','研究生辅导',116,14),(5810,8,'56',15,3,'guest','2021-12-08 22:31:29','研究生辅导',157,14),(5811,8,'78',15,3,'guest','2021-12-08 22:31:32','研究生辅导',157,14),(5812,8,'910',15,4,'guest','2021-12-08 22:31:58','研究生辅导',157,14),(5813,8,'78',15,5,'guest','2021-12-08 22:32:01','研究生辅导',157,14),(5815,8,'12',16,1,'李艳','2021-12-13 20:27:35','研究生辅导',116,14),(5816,1,'78',16,4,'刘世铎','2021-12-14 09:49:18','商业银行综合柜台业务',2,14),(5817,1,'12',16,5,'刘世铎','2021-12-14 09:49:22','商业银行综合柜台业务',2,14),(5820,3,'56',18,1,'刘瑞霞','2021-12-14 10:31:32','生产运作',2,14),(5821,3,'78',18,1,'刘瑞霞','2021-12-14 10:31:35','生产运作',2,14),(5822,3,'911',18,1,'刘瑞霞','2021-12-14 10:31:37','生产运作',2,14),(5824,1,'56',17,1,'杨晓燕','2021-12-16 10:30:52','SAP',2,14),(5825,1,'78',17,1,'杨晓燕','2021-12-16 10:30:55','SAP',2,14),(5826,1,'911',17,1,'杨晓燕','2021-12-16 10:30:58','SAP',2,14),(5827,3,'56',17,1,'刘瑞霞','2021-12-16 10:31:16','生产运作',2,14),(5828,3,'78',17,1,'刘瑞霞','2021-12-16 10:31:22','生产运作',2,14),(5829,3,'911',17,1,'刘瑞霞','2021-12-16 10:31:26','生产运作',2,14),(5830,3,'56',17,3,'吴桂芹','2021-12-16 17:22:44','phthon',142,14),(5832,2,'78',18,5,'郑岩岩','2021-12-21 14:48:56','运筹学_信管',167,14),(5833,2,'56',18,5,'郑岩岩','2021-12-21 14:50:10','运筹学_信管',167,14),(5834,1,'78',5,1,'丁冬','2022-03-28 09:47:18','应用统计',141,15),(5835,1,'56',5,1,'丁冬','2022-03-28 09:47:38','应用统计',141,15),(5836,3,'56',5,1,'申玲','2022-03-28 09:48:26','会计电算化',141,15),(5837,3,'78',5,1,'申玲','2022-03-28 09:48:39','会计电算化',141,15),(5838,3,'78',5,2,'申玲','2022-03-28 09:49:01','会计电算化',141,15),(5839,3,'56',5,3,'申玲','2022-03-28 09:49:16','会计电算化',141,15),(5840,3,'78',5,3,'申玲','2022-03-28 09:49:21','会计电算化',141,15),(5841,3,'34',5,4,'申玲','2022-03-28 09:49:30','会计电算化',141,15),(5842,3,'56',5,4,'申玲','2022-03-28 09:49:38','会计电算化',141,15),(5843,3,'78',5,4,'申玲','2022-03-28 09:49:42','会计电算化',141,15),(5844,3,'12',5,5,'申玲','2022-03-28 09:49:59','会计电算化',141,15),(5845,3,'34',5,5,'申玲','2022-03-28 09:50:07','会计电算化',141,15),(5846,1,'34',5,5,'丁冬','2022-03-28 09:50:44','应用统计',141,15),(5848,1,'56',5,3,'吴桂芹','2022-03-28 09:51:31','C',141,15),(5849,3,'56',6,1,'申玲','2022-03-28 09:52:28','会计电算化',2,15),(5850,3,'78',6,1,'申玲','2022-03-28 09:52:32','会计电算化',2,15),(5851,3,'78',6,2,'申玲','2022-03-28 09:52:40','会计电算化',2,15),(5852,3,'56',6,3,'申玲','2022-03-28 09:52:44','会计电算化',2,15),(5853,3,'78',6,3,'申玲','2022-03-28 09:52:47','会计电算化',2,15),(5854,3,'34',6,4,'申玲','2022-03-28 09:52:55','会计电算化',2,15),(5855,3,'56',6,4,'申玲','2022-03-28 09:52:58','会计电算化',2,15),(5856,3,'78',6,4,'申玲','2022-03-28 09:53:00','会计电算化',2,15),(5857,3,'12',6,5,'申玲','2022-03-28 09:53:07','会计电算化',2,15),(5858,3,'34',6,5,'申玲','2022-03-28 09:53:11','会计电算化',2,15),(5859,3,'56',7,1,'申玲','2022-03-28 09:53:32','会计电算化',2,15),(5861,3,'78',7,1,'申玲','2022-03-28 09:53:42','会计电算化',2,15),(5862,3,'56',7,2,'申玲','2022-03-28 09:53:49','会计电算化',2,15),(5863,3,'78',7,2,'申玲','2022-03-28 09:53:51','会计电算化',2,15),(5864,3,'12',7,3,'申玲','2022-03-28 09:53:54','会计电算化',2,15),(5865,3,'34',7,3,'申玲','2022-03-28 09:53:58','会计电算化',2,15),(5866,3,'56',7,3,'申玲','2022-03-28 09:54:00','会计电算化',2,15),(5867,3,'78',7,3,'申玲','2022-03-28 09:54:02','会计电算化',2,15),(5868,3,'34',7,4,'申玲','2022-03-28 09:54:07','会计电算化',2,15),(5869,3,'56',7,4,'申玲','2022-03-28 09:54:09','会计电算化',2,15),(5870,3,'78',7,4,'申玲','2022-03-28 09:54:12','会计电算化',2,15),(5871,3,'12',7,5,'申玲','2022-03-28 09:54:23','会计电算化',2,15),(5872,3,'34',7,5,'申玲','2022-03-28 09:54:25','会计电算化',2,15),(5873,3,'56',7,5,'申玲','2022-03-28 09:54:28','会计电算化',2,15),(5874,3,'78',7,5,'申玲','2022-03-28 09:54:33','会计电算化',2,15),(5875,3,'56',8,1,'申玲','2022-03-28 09:54:43','会计电算化',2,15),(5876,3,'78',8,1,'申玲','2022-03-28 09:54:47','会计电算化',2,15),(5877,3,'56',8,2,'申玲','2022-03-28 09:54:49','会计电算化',2,15),(5878,3,'78',8,2,'申玲','2022-03-28 09:54:51','会计电算化',2,15),(5879,3,'12',8,3,'申玲','2022-03-28 09:54:55','会计电算化',2,15),(5880,3,'34',8,3,'申玲','2022-03-28 09:54:58','会计电算化',2,15),(5881,3,'56',8,3,'申玲','2022-03-28 09:55:00','会计电算化',2,15),(5882,3,'78',8,3,'申玲','2022-03-28 09:55:03','会计电算化',2,15),(5883,3,'34',8,4,'申玲','2022-03-28 09:55:06','会计电算化',2,15),(5884,3,'56',8,4,'申玲','2022-03-28 09:55:09','会计电算化',2,15),(5885,3,'78',8,4,'申玲','2022-03-28 09:55:11','会计电算化',2,15),(5886,3,'34',8,5,'申玲','2022-03-28 09:55:15','会计电算化',2,15),(5887,3,'56',8,5,'申玲','2022-03-28 09:55:17','会计电算化',2,15),(5888,3,'78',8,5,'申玲','2022-03-28 09:55:18','会计电算化',2,15),(5889,3,'56',9,1,'申玲','2022-03-28 09:55:25','会计电算化',2,15),(5890,3,'78',9,1,'申玲','2022-03-28 09:55:27','会计电算化',2,15),(5891,3,'56',9,2,'申玲','2022-03-28 09:55:30','会计电算化',2,15),(5892,3,'78',9,2,'申玲','2022-03-28 09:55:33','会计电算化',2,15),(5893,3,'12',9,3,'申玲','2022-03-28 09:55:39','会计电算化',2,15),(5894,3,'34',9,3,'申玲','2022-03-28 09:55:44','会计电算化',2,15),(5895,3,'56',9,3,'申玲','2022-03-28 09:55:47','会计电算化',2,15),(5896,3,'78',9,3,'申玲','2022-03-28 09:55:49','会计电算化',2,15),(5897,3,'34',9,4,'申玲','2022-03-28 09:55:52','会计电算化',2,15),(5898,3,'34',9,5,'申玲','2022-03-28 09:55:54','会计电算化',2,15),(5899,3,'56',9,4,'申玲','2022-03-28 09:55:58','会计电算化',2,15),(5900,3,'56',9,5,'申玲','2022-03-28 09:56:00','会计电算化',2,15),(5901,3,'78',9,4,'申玲','2022-03-28 09:56:02','会计电算化',2,15),(5902,3,'78',9,5,'申玲','2022-03-28 09:56:04','会计电算化',2,15),(5904,1,'34',7,4,'吴桂芹','2022-03-28 10:04:55','C',108,15),(5905,1,'34',8,4,'吴桂芹','2022-03-28 10:05:26','C',108,15),(5906,1,'34',9,4,'吴桂芹','2022-03-28 10:06:07','C',108,15),(5907,2,'12',9,1,'许益锋','2022-03-28 10:09:08','创业模拟',94,15),(5908,2,'34',9,1,'许益锋','2022-03-28 10:09:11','创业模拟',94,15),(5909,2,'56',9,1,'许益锋','2022-03-28 10:09:14','创业模拟',94,15),(5910,2,'78',9,1,'许益锋','2022-03-28 10:09:21','创业模拟',94,15),(5911,2,'56',9,2,'许益锋','2022-03-28 10:09:24','创业模拟',94,15),(5912,2,'78',9,2,'许益锋','2022-03-28 10:09:27','创业模拟',94,15),(5913,2,'12',9,3,'许益锋','2022-03-28 10:09:31','创业模拟',94,15),(5914,2,'34',9,3,'许益锋','2022-03-28 10:09:34','创业模拟',94,15),(5915,2,'56',9,3,'许益锋','2022-03-28 10:09:37','创业模拟',94,15),(5916,2,'78',9,3,'许益锋','2022-03-28 10:09:40','创业模拟',94,15),(5917,2,'56',9,4,'许益锋','2022-03-28 10:09:46','创业模拟',94,15),(5918,2,'78',9,4,'许益锋','2022-03-28 10:09:48','创业模拟',94,15),(5919,2,'56',9,5,'许益锋','2022-03-28 10:13:09','创业模拟',94,15),(5920,2,'78',9,5,'许益锋','2022-03-28 10:13:16','创业模拟',94,15),(5921,2,'12',10,1,'许益锋','2022-03-28 10:13:35','创业模拟',94,15),(5922,2,'34',10,1,'许益锋','2022-03-28 10:13:52','创业模拟',94,15),(5923,2,'56',10,1,'许益锋','2022-03-28 10:13:59','创业模拟',94,15),(5924,2,'78',10,1,'许益锋','2022-03-28 10:14:08','创业模拟',94,15),(5925,2,'56',10,2,'许益锋','2022-03-28 10:14:19','创业模拟',94,15),(5926,2,'78',10,2,'许益锋','2022-03-28 10:14:26','创业模拟',94,15),(5927,2,'12',10,3,'许益锋','2022-03-28 10:14:42','创业模拟',94,15),(5928,2,'34',10,3,'许益锋','2022-03-28 10:14:51','创业模拟',94,15),(5931,2,'56',10,3,'许益锋','2022-03-28 10:14:58','创业模拟',94,15),(5933,2,'78',10,3,'许益锋','2022-03-28 10:15:05','创业模拟',94,15),(5934,3,'56',11,1,'刘瑞霞','2022-03-28 10:15:09','生产运作',2,15),(5935,3,'78',11,1,'刘瑞霞','2022-03-28 10:15:13','生产运作',2,15),(5937,2,'56',10,5,'许益锋','2022-03-28 10:15:35','创业模拟',94,15),(5938,2,'78',10,5,'许益锋','2022-03-28 10:15:43','创业模拟',94,15),(5943,2,'12',11,1,'许益锋','2022-03-28 10:16:12','创业模拟',94,15),(5945,2,'34',11,1,'许益锋','2022-03-28 10:16:19','创业模拟',94,15),(5946,3,'34',11,3,'刘瑞霞','2022-03-28 10:16:22','生产运作',2,15),(5947,2,'56',11,1,'许益锋','2022-03-28 10:16:25','创业模拟',94,15),(5948,3,'56',11,3,'刘瑞霞','2022-03-28 10:16:26','生产运作',2,15),(5949,2,'78',11,1,'许益锋','2022-03-28 10:16:32','创业模拟',94,15),(5950,2,'56',11,3,'许益锋','2022-03-28 10:16:50','创业模拟',94,15),(5951,2,'78',11,3,'许益锋','2022-03-28 10:17:05','创业模拟',94,15),(5952,2,'56',11,5,'许益锋','2022-03-28 10:17:17','创业模拟',94,15),(5953,2,'78',11,5,'许益锋','2022-03-28 10:17:24','创业模拟',94,15),(5954,3,'78',11,3,'刘瑞霞','2022-03-28 10:17:37','生产运作',2,15),(5958,2,'56',12,2,'许益锋','2022-03-28 10:18:28','创业模拟',94,15),(5959,2,'78',12,2,'许益锋','2022-03-28 10:18:34','创业模拟',94,15),(5960,2,'56',12,3,'许益锋','2022-03-28 10:18:40','创业模拟',94,15),(5961,2,'78',12,3,'许益锋','2022-03-28 10:18:46','创业模拟',94,15),(5962,2,'56',12,4,'许益锋','2022-03-28 10:18:55','创业模拟',94,15),(5963,2,'78',12,4,'许益锋','2022-03-28 10:19:01','创业模拟',94,15),(5964,2,'56',12,5,'许益锋','2022-03-28 10:19:08','创业模拟',94,15),(5965,2,'78',12,5,'许益锋','2022-03-28 10:19:15','创业模拟',94,15),(5966,2,'56',13,1,'许益锋','2022-03-28 10:19:31','创业模拟',94,15),(5967,2,'78',13,1,'许益锋','2022-03-28 10:19:38','创业模拟',94,15),(5968,2,'56',13,2,'许益锋','2022-03-28 10:19:45','创业模拟',94,15),(5969,2,'78',13,2,'许益锋','2022-03-28 10:19:53','创业模拟',94,15),(5970,2,'56',13,3,'许益锋','2022-03-28 10:19:59','创业模拟',94,15),(5971,2,'78',13,3,'许益锋','2022-03-28 10:20:05','创业模拟',94,15),(5972,2,'56',13,4,'许益锋','2022-03-28 10:20:12','创业模拟',94,15),(5973,2,'78',13,4,'许益锋','2022-03-28 10:20:17','创业模拟',94,15),(5974,2,'56',13,5,'许益锋','2022-03-28 10:20:25','创业模拟',94,15),(5975,2,'78',13,5,'许益锋','2022-03-28 10:20:30','创业模拟',94,15),(5980,3,'56',11,5,'刘瑞霞','2022-03-28 10:24:50','生产运作',2,15),(5981,3,'78',11,5,'刘瑞霞','2022-03-28 10:24:54','生产运作',2,15),(5989,3,'911',11,3,'刘瑞霞','2022-03-28 11:17:30','生产运作',2,15),(5990,3,'12',11,1,'刘瑞霞','2022-03-28 11:19:52','生产运作',2,15),(5991,3,'34',11,1,'刘瑞霞','2022-03-28 11:21:20','生产运作',2,15),(5992,2,'34',11,3,'许益锋','2022-03-28 11:28:53','创业模拟',2,15),(5995,2,'78',11,4,'许益锋','2022-03-28 11:30:42','创业模拟',2,15),(5996,1,'12',5,5,'丁冬','2022-03-28 15:01:51','应用统计',141,15),(5997,1,'56',6,1,'丁冬','2022-03-28 15:06:39','应用统计',141,15),(5998,1,'78',6,1,'丁冬','2022-03-28 15:06:44','应用统计',141,15),(6000,1,'34',6,5,'丁冬','2022-03-28 15:06:57','应用统计',141,15),(6004,2,'56',5,3,'张群林','2022-03-28 15:33:17','公共管理研究方法',142,15),(6005,2,'56',5,3,'张群林','2022-03-28 15:33:17','公共管理研究方法',142,15),(6006,2,'56',5,3,'张群林','2022-03-28 15:33:17','公共管理研究方法',142,15),(6007,2,'56',5,3,'张群林','2022-03-28 15:33:17','公共管理研究方法',142,15),(6008,2,'56',5,3,'张群林','2022-03-28 15:33:17','公共管理研究方法',142,15),(6009,2,'56',5,3,'张群林','2022-03-28 15:33:17','公共管理研究方法',142,15),(6010,2,'56',5,3,'张群林','2022-03-28 15:33:17','公共管理研究方法',142,15),(6011,2,'56',5,3,'张群林','2022-03-28 15:33:17','公共管理研究方法',142,15),(6012,2,'56',5,3,'张群林','2022-03-28 15:33:17','公共管理研究方法',142,15),(6013,2,'56',5,3,'张群林','2022-03-28 15:33:17','公共管理研究方法',142,15),(6014,2,'56',5,3,'张群林','2022-03-28 15:33:17','公共管理研究方法',142,15),(6015,2,'56',5,3,'张群林','2022-03-28 15:33:17','公共管理研究方法',142,15),(6016,2,'56',5,3,'张群林','2022-03-28 15:33:17','公共管理研究方法',142,15),(6017,2,'56',5,3,'张群林','2022-03-28 15:33:17','公共管理研究方法',142,15),(6018,2,'56',5,3,'张群林','2022-03-28 15:33:17','公共管理研究方法',142,15),(6019,2,'56',5,3,'张群林','2022-03-28 15:33:17','公共管理研究方法',142,15),(6020,2,'56',5,3,'张群林','2022-03-28 15:33:17','公共管理研究方法',142,15),(6021,2,'56',5,3,'张群林','2022-03-28 15:33:17','公共管理研究方法',142,15),(6022,2,'78',5,3,'张群林','2022-03-28 15:33:56','公共管理研究方法',142,15),(6023,2,'56',6,1,'张庆庆','2022-03-28 22:12:01','应用统计',162,15),(6024,2,'78',6,1,'张庆庆','2022-03-28 22:12:18','应用统计',162,15),(6026,2,'78',7,3,'张庆庆','2022-03-28 22:16:39','应用统计',162,15),(6027,2,'78',8,3,'张庆庆','2022-03-28 22:18:20','应用统计学',162,15),(6028,1,'78',9,3,'张庆庆','2022-03-28 22:20:43','应用统计学',162,15),(6029,1,'56',9,3,'张庆庆','2022-03-28 22:20:50','应用统计学',162,15),(6030,1,'56',9,1,'张庆庆','2022-03-28 22:20:54','应用统计学',162,15),(6031,1,'78',9,1,'张庆庆','2022-03-28 22:20:58','应用统计学',162,15),(6032,2,'56',8,3,'张庆庆','2022-03-28 22:21:20','应用统计学',162,15),(6033,2,'56',8,1,'张庆庆','2022-03-28 22:21:31','应用统计学',162,15),(6034,2,'78',8,1,'张庆庆','2022-03-28 22:21:45','应用统计学',162,15),(6035,2,'56',7,1,'张庆庆','2022-03-28 22:22:11','应用统计学',162,15),(6036,2,'78',7,1,'张庆庆','2022-03-28 22:22:31','应用统计',162,15),(6037,2,'56',7,3,'张庆庆','2022-03-28 22:22:45','应用统计',162,15),(6040,2,'34',6,5,'吴桂芹','2022-03-30 22:28:25','C',108,15),(6041,1,'56',7,1,'丁冬','2022-04-01 14:44:13','应用统计',158,15),(6042,1,'78',7,1,'丁冬','2022-04-01 14:44:26','应用统计',158,15),(6043,1,'56',7,3,'丁冬','2022-04-01 14:44:30','应用统计',158,15),(6044,1,'78',7,3,'丁冬','2022-04-01 14:44:35','应用统计',158,15),(6045,1,'56',8,1,'丁冬','2022-04-01 14:44:47','应用统计',158,15),(6046,1,'78',8,1,'丁冬','2022-04-01 14:44:51','应用统计',158,15),(6047,1,'56',8,3,'丁冬','2022-04-01 14:44:55','应用统计',158,15),(6048,1,'78',8,3,'丁冬','2022-04-01 14:44:58','应用统计',158,15),(6049,1,'56',6,5,'丁冬','2022-04-02 20:12:23','应用统计',158,15),(6052,1,'12',9,2,'丁冬','2022-04-14 23:30:33','应用统计学',158,15),(6053,1,'34',9,2,'丁冬','2022-04-14 23:30:48','应用统计学',158,15),(6055,1,'34',8,5,'丁冬','2022-04-14 23:34:09','应用统计学',158,15),(6056,1,'56',8,5,'丁冬','2022-04-15 09:13:52','应用统计学',158,15),(6057,1,'56',10,1,'丁冬','2022-04-15 11:07:46','应用统计学',158,15),(6058,1,'78',10,1,'丁冬','2022-04-15 11:07:51','应用统计学',158,15),(6059,1,'56',10,3,'丁冬','2022-04-15 11:07:58','应用统计学',158,15),(6060,1,'78',10,3,'丁冬','2022-04-15 11:08:04','应用统计学',158,15),(6061,1,'56',11,3,'丁冬','2022-04-15 11:08:13','应用统计学',158,15),(6062,1,'78',11,3,'丁冬','2022-04-15 11:08:18','应用统计学',158,15),(6063,1,'56',11,1,'丁冬','2022-04-15 11:08:22','应用统计学',158,15),(6064,1,'78',11,1,'丁冬','2022-04-15 11:08:27','应用统计学',158,15),(6065,3,'12',10,1,'申玲','2022-04-21 10:26:45','会计电算化',2,15),(6066,3,'34',10,1,'申玲','2022-04-21 10:26:48','会计电算化',2,15),(6067,3,'56',10,1,'申玲','2022-04-21 10:26:51','会计电算化',2,15),(6068,3,'78',10,1,'申玲','2022-04-21 10:26:56','会计电算化',2,15),(6070,3,'12',10,3,'申玲','2022-04-21 10:28:13','会计电算化',2,15),(6071,3,'34',10,3,'申玲','2022-04-21 10:28:21','会计电算化',2,15),(6072,3,'56',10,3,'申玲','2022-04-21 10:28:24','会计电算化',2,15),(6073,3,'78',10,3,'申玲','2022-04-21 10:28:27','会计电算化',2,15),(6074,3,'34',10,5,'申玲','2022-04-21 10:28:34','会计电算化',2,15),(6075,3,'56',10,5,'申玲','2022-04-21 10:28:38','会计电算化',2,15),(6076,3,'78',10,5,'申玲','2022-04-21 10:28:41','会计电算化',2,15),(6077,3,'34',11,4,'申玲','2022-04-21 10:29:00','会计电算化',2,15),(6078,3,'78',11,4,'申玲','2022-04-21 10:29:06','会计电算化',2,15),(6080,3,'34',11,5,'申玲','2022-04-21 10:29:18','会计电算化',2,15),(6082,1,'78',9,4,'李艳','2022-04-21 11:36:04','管理信息系统',2,15),(6083,2,'911',9,4,'李艳','2022-04-21 11:36:47','管理信息系统',2,15),(6084,2,'911',9,2,'李艳','2022-04-21 11:37:17','管理信息系统',2,15),(6085,1,'78',9,2,'李艳','2022-04-21 11:38:43','管理信息系统',2,15),(6086,1,'56',12,1,'丁冬','2022-04-22 12:06:23','应用统计学',158,15),(6087,1,'78',12,1,'丁冬','2022-04-22 12:06:33','应用统计学',158,15),(6088,1,'56',12,3,'丁冬','2022-04-22 12:06:45','应用统计学',158,15),(6089,1,'78',12,3,'丁冬','2022-04-22 12:06:49','应用统计学',158,15),(6090,7,'12',11,1,'贾艳玲','2022-04-22 14:03:22','人力资源',157,15),(6091,7,'34',11,1,'贾艳玲','2022-04-22 14:03:31','人力资源',157,15),(6092,7,'78',11,5,'贾艳玲','2022-04-22 14:03:54','人力资源',157,15),(6093,7,'56',11,5,'贾艳玲','2022-04-22 14:03:56','人力资源',157,15),(6094,7,'12',11,5,'贾艳玲','2022-04-22 14:03:58','人力资源',157,15),(6095,7,'34',11,5,'贾艳玲','2022-04-22 14:03:59','人力资源',157,15),(6096,7,'12',11,4,'贾艳玲','2022-04-22 14:04:01','人力资源',157,15),(6097,7,'34',11,4,'贾艳玲','2022-04-22 14:04:02','人力资源',157,15),(6098,7,'56',11,4,'贾艳玲','2022-04-22 14:04:04','人力资源',157,15),(6099,7,'78',11,4,'贾艳玲','2022-04-22 14:04:05','人力资源',157,15),(6100,7,'78',11,3,'贾艳玲','2022-04-22 14:04:07','人力资源',157,15),(6101,7,'56',11,3,'贾艳玲','2022-04-22 14:04:08','人力资源',157,15),(6102,7,'12',11,3,'贾艳玲','2022-04-22 14:04:10','人力资源',157,15),(6103,7,'12',11,2,'贾艳玲','2022-04-22 14:04:12','人力资源',157,15),(6104,7,'56',11,2,'贾艳玲','2022-04-22 14:04:13','人力资源',157,15),(6105,7,'78',11,2,'贾艳玲','2022-04-22 14:04:15','人力资源',157,15),(6106,7,'34',11,2,'贾艳玲','2022-04-22 14:04:19','人力资源',157,15),(6107,7,'78',11,1,'贾艳玲','2022-04-22 14:04:20','人力资源',157,15),(6108,7,'56',11,1,'贾艳玲','2022-04-22 14:04:22','人力资源',157,15),(6109,7,'34',11,3,'贾艳玲','2022-04-22 14:04:41','人力资源',157,15),(6124,3,'56',12,1,'王渊','2022-04-26 14:57:16','系统仿真',141,15),(6125,3,'78',12,1,'王渊','2022-04-26 14:57:27','系统仿真',141,15),(6126,1,'56',13,1,'王渊','2022-04-26 15:00:33','系统仿真',141,15),(6127,1,'78',13,1,'王渊','2022-04-26 15:00:39','系统仿真',141,15),(6128,1,'56',14,1,'王渊','2022-04-26 15:00:47','系统仿真',141,15),(6129,1,'78',14,1,'王渊','2022-04-26 15:00:52','系统仿真',141,15),(6130,1,'56',15,1,'王渊','2022-04-26 15:01:01','系统仿真',141,15),(6131,1,'78',15,1,'王渊','2022-04-26 15:01:06','系统仿真',141,15),(6132,1,'56',16,1,'王渊','2022-04-26 15:01:14','系统仿真',141,15),(6133,1,'78',16,1,'王渊','2022-04-26 15:01:20','系统仿真',141,15),(6134,1,'56',17,1,'王渊','2022-04-26 15:01:27','系统仿真',141,15),(6135,1,'78',17,1,'王渊','2022-04-26 15:01:31','系统仿真',141,15),(6136,1,'56',18,1,'王渊','2022-04-26 15:01:41','系统仿真',141,15),(6137,1,'78',18,1,'王渊','2022-04-26 15:01:45','系统仿真',141,15),(6138,1,'56',19,1,'王渊','2022-04-26 15:01:52','系统仿真',141,15),(6139,1,'78',19,1,'王渊','2022-04-26 15:01:56','系统仿真',141,15),(6142,1,'56',11,2,'陈立军','2022-04-26 15:40:59','数据库原理',106,15),(6144,1,'78',11,2,'陈立军','2022-04-26 15:41:16','数据库原理',106,15),(6145,1,'56',12,2,'陈立军','2022-04-26 15:42:20','数据库原理',106,15),(6146,1,'78',12,2,'陈立军','2022-04-26 15:42:27','数据库原理',106,15),(6147,1,'12',12,4,'陈立军','2022-04-26 15:42:34','数据库原理',106,15),(6148,1,'34',12,4,'陈立军','2022-04-26 15:42:41','数据库原理',106,15),(6149,1,'34',10,4,'吴桂芹','2022-04-27 08:10:17','C',108,15),(6152,2,'12',14,5,'郑岩岩','2022-04-27 15:18:20','运筹学',167,15),(6154,2,'12',15,2,'郑岩岩','2022-04-27 15:19:03','运筹学',167,15),(6155,2,'12',15,5,'郑岩岩','2022-04-27 15:19:23','运筹学',167,15),(6156,2,'12',16,2,'郑岩岩','2022-04-27 15:20:06','运筹学',167,15),(6157,2,'12',16,5,'郑岩岩','2022-04-27 15:20:22','运筹学',167,15),(6159,2,'12',14,3,'高民芳','2022-05-05 10:05:45','财务管理（A）',126,15),(6168,2,'12',13,3,'高民芳','2022-05-05 10:08:55','财务管理（A）',126,15),(6170,2,'12',13,5,'高民芳','2022-05-05 10:09:15','财务管理（A）',126,15),(6201,1,'56',16,5,'杨晓燕','2022-05-05 10:36:16','电子商务',109,15),(6205,1,'56',17,3,'杨晓燕','2022-05-05 10:41:47','电子商务',109,15),(6207,2,'12',11,2,'孙晓华','2022-05-06 15:45:28','人员素质测评',142,15),(6208,3,'56',14,1,'杨晓燕','2022-05-09 16:01:08','SAP',142,15),(6209,3,'78',14,1,'杨晓燕','2022-05-09 16:01:25','SAP',142,15),(6210,3,'56',14,2,'杨晓燕','2022-05-09 16:01:37','SAP',142,15),(6211,3,'78',14,2,'杨晓燕','2022-05-09 16:01:44','SAP',142,15),(6212,3,'12',14,4,'杨晓燕','2022-05-09 16:01:59','SAP',142,15),(6213,3,'34',14,4,'杨晓燕','2022-05-09 16:02:09','SAP',142,15),(6214,3,'56',14,4,'杨晓燕','2022-05-09 16:02:32','SAP',142,15),(6215,3,'78',14,4,'杨晓燕','2022-05-09 16:02:40','SAP',142,15),(6216,3,'56',14,5,'杨晓燕','2022-05-09 16:02:53','SAP',142,15),(6217,3,'78',14,5,'杨晓燕','2022-05-09 16:03:05','SAP',142,15),(6218,3,'56',15,1,'杨晓燕','2022-05-09 16:04:25','SAP',142,15),(6219,3,'78',15,1,'杨晓燕','2022-05-09 16:04:32','SAP',142,15),(6220,3,'56',15,2,'杨晓燕','2022-05-09 16:04:43','SAP',142,15),(6221,3,'78',15,2,'杨晓燕','2022-05-09 16:04:48','SAP',142,15),(6222,3,'56',15,3,'杨晓燕','2022-05-09 16:05:47','SAP',142,15),(6223,3,'78',15,3,'杨晓燕','2022-05-09 16:05:59','SAP',142,15),(6224,3,'12',15,4,'杨晓燕','2022-05-09 16:06:22','SAP',142,15),(6225,3,'34',15,4,'杨晓燕','2022-05-09 16:06:31','SAP',142,15),(6226,3,'56',15,4,'杨晓燕','2022-05-09 16:06:37','SAP',142,15),(6227,3,'78',15,4,'杨晓燕','2022-05-09 16:06:43','SAP',142,15),(6228,3,'56',16,1,'杨晓燕','2022-05-09 16:07:16','SAP',142,15),(6229,3,'78',16,1,'杨晓燕','2022-05-09 16:07:21','SAP',142,15),(6230,3,'56',16,2,'杨晓燕','2022-05-09 16:07:29','SAP',142,15),(6231,3,'78',16,2,'杨晓燕','2022-05-09 16:07:37','SAP',142,15),(6232,3,'56',16,3,'杨晓燕','2022-05-09 16:07:44','SAP',142,15),(6233,3,'78',16,3,'杨晓燕','2022-05-09 16:07:52','SAP',142,15),(6234,3,'12',16,4,'杨晓燕','2022-05-09 16:08:14','SAP',142,15),(6235,3,'34',16,4,'杨晓燕','2022-05-09 16:08:21','SAP',142,15),(6236,3,'56',16,4,'杨晓燕','2022-05-09 16:08:26','SAP',142,15),(6237,3,'78',16,4,'杨晓燕','2022-05-09 16:08:31','SAP',142,15),(6241,1,'56',12,4,'丁冬','2022-05-10 10:15:06','应用统计学',2,15),(6242,1,'78',12,4,'丁冬','2022-05-10 10:15:10','应用统计学',2,15),(6243,3,'56',13,1,'宋玉','2022-05-10 14:57:27','税法',142,15),(6244,3,'78',13,1,'宋玉','2022-05-10 14:57:41','税法',142,15),(6245,3,'56',13,2,'宋玉','2022-05-10 14:57:52','税法',142,15),(6246,3,'78',13,2,'宋玉','2022-05-10 14:58:03','税法',142,15),(6247,3,'56',13,3,'宋玉','2022-05-10 14:58:12','税法',142,15),(6248,3,'78',13,3,'宋玉','2022-05-10 14:58:20','税法',142,15),(6249,3,'56',13,4,'宋玉','2022-05-10 14:58:38','税法',142,15),(6250,3,'78',13,4,'宋玉','2022-05-10 14:58:48','税法',142,15),(6251,3,'56',13,5,'宋玉','2022-05-10 14:59:01','税法',142,15),(6252,3,'78',13,5,'宋玉','2022-05-10 15:00:08','税法',142,15),(6279,2,'12',12,1,'许益锋','2022-05-11 09:21:47','创业模拟',142,15),(6280,2,'34',12,1,'许益锋','2022-05-11 09:21:59','创业模拟',142,15),(6284,1,'78',13,3,'陈立军','2022-05-12 10:22:38','数据库原理',106,15),(6285,1,'78',13,2,'陈立军','2022-05-12 10:22:41','数据库原理',106,15),(6299,1,'56',14,4,'曾涛','2022-05-18 10:15:58','计量经济学',142,15),(6300,1,'78',14,4,'曾涛','2022-05-18 10:16:13','计量经济学',142,15),(6301,2,'12',13,1,'许益锋','2022-05-19 15:50:52','创业模拟',142,15),(6302,2,'34',13,1,'许益锋','2022-05-19 15:51:02','创业模拟',142,15),(6303,1,'56',13,3,'王纯子','2022-05-23 15:20:46','应用统计学',2,15),(6304,7,'78',13,3,'王纯子','2022-05-23 15:20:56','应用统计学',2,15),(6306,1,'78',15,3,'张颖颖','2022-05-27 15:18:12','数据分析与SPSS软件应用',157,15),(6307,1,'78',16,3,'张颖颖','2022-05-27 15:18:51','数据分析与SPSS软件应用',157,15),(6308,1,'78',15,2,'李丹1','2022-05-27 15:21:38','数据分析与SPSS软件应用',157,15),(6309,1,'78',16,2,'李丹1','2022-05-27 15:22:11','数据分析与SPSS软件应用',157,15),(6310,1,'78',17,3,'张颖颖','2022-05-27 15:22:58','数据分析与SPSS软件应用',157,15),(6311,1,'78',17,2,'李丹1','2022-05-27 15:23:02','数据分析与SPSS软件应用',157,15),(6312,3,'56',15,5,'杨晓燕','2022-05-30 15:35:47','SAP',2,15),(6313,3,'78',15,5,'杨晓燕','2022-05-30 15:35:51','SAP',2,15),(6314,2,'12',17,2,'郑岩岩','2022-06-04 13:18:28','运筹学',167,15),(6315,7,'34',16,1,'刘瑞霞','2022-06-06 14:37:55','创业概论与实训',2,15),(6316,7,'12',16,2,'刘瑞霞','2022-06-06 14:38:28','创业概论与实训',2,15),(6317,7,'56',16,2,'刘瑞霞','2022-06-06 14:38:32','创业概论与实训',2,15),(6318,7,'34',16,4,'刘瑞霞','2022-06-06 14:38:39','创业概论与实训',2,15),(6319,7,'56',16,4,'刘瑞霞','2022-06-06 14:38:46','创业概论与实训',2,15),(6320,7,'78',16,4,'刘瑞霞','2022-06-06 14:38:50','创业概论与实训',2,15),(6321,7,'34',17,1,'刘瑞霞','2022-06-06 14:39:21','创业概论与实训',2,15),(6322,7,'12',17,2,'刘瑞霞','2022-06-06 14:39:31','创业概论与实训',2,15),(6323,7,'56',17,2,'刘瑞霞','2022-06-06 14:39:37','创业概论与实训',2,15),(6327,7,'34',17,4,'刘瑞霞','2022-06-06 14:41:31','创业概论与实训',2,15),(6328,7,'56',17,4,'刘瑞霞','2022-06-06 14:41:34','创业概论与实训',2,15),(6329,7,'78',17,4,'刘瑞霞','2022-06-06 14:41:37','创业概论与实训',2,15),(6330,7,'34',18,1,'刘瑞霞','2022-06-06 14:41:45','创业概论与实训',2,15),(6331,7,'12',18,2,'刘瑞霞','2022-06-06 14:41:49','创业概论与实训',2,15),(6332,7,'56',18,2,'刘瑞霞','2022-06-06 14:41:55','创业概论与实训',2,15),(6333,7,'34',18,4,'刘瑞霞','2022-06-06 14:41:59','创业概论与实训',2,15),(6334,7,'56',18,4,'刘瑞霞','2022-06-06 14:42:03','创业概论与实训',2,15),(6335,7,'78',18,4,'刘瑞霞','2022-06-06 14:42:09','创业概论与实训',2,15),(6336,7,'34',19,1,'刘瑞霞','2022-06-06 14:42:16','创业概论与实训',2,15),(6337,7,'12',19,2,'刘瑞霞','2022-06-06 14:42:19','创业概论与实训',2,15),(6338,7,'56',19,2,'刘瑞霞','2022-06-06 14:42:23','创业概论与实训',2,15),(6339,7,'34',19,4,'刘瑞霞','2022-06-06 14:42:31','创业概论与实训',2,15),(6340,7,'56',19,4,'刘瑞霞','2022-06-06 14:42:34','创业概论与实训',2,15),(6341,7,'78',19,4,'刘瑞霞','2022-06-06 14:42:38','创业概论与实训',2,15),(6342,1,'56',16,4,'曾涛','2022-06-09 13:31:38','计量经济学',142,15),(6343,1,'78',16,4,'曾涛','2022-06-09 13:31:54','计量经济学',142,15),(6344,1,'56',18,4,'曾涛','2022-06-14 10:53:34','计量经济学',142,15),(6345,1,'78',18,4,'曾涛','2022-06-14 10:53:51','计量经济学',142,15),(6346,1,'56',19,4,'曾涛','2022-06-14 10:54:14','计量经济学',142,15),(6347,1,'78',19,4,'曾涛','2022-06-14 10:54:28','计量经济学',142,15),(6348,1,'56',17,2,'王渊','2022-06-20 15:08:46','delphi',2,15),(6349,1,'56',17,4,'王渊','2022-06-20 15:09:28','delphi',2,15),(6350,1,'78',17,4,'王渊','2022-06-20 15:09:42','delphi',2,15),(6351,1,'56',17,5,'王渊','2022-06-20 15:11:37','delphi',2,15),(6352,1,'78',17,5,'王渊','2022-06-20 15:11:40','delphi',2,15),(6353,3,'56',17,3,'王渊','2022-06-20 15:14:21','delphi',2,15),(6354,1,'56',18,2,'王渊','2022-06-20 15:14:53','delphi',2,15),(6355,1,'78',18,2,'王渊','2022-06-20 15:14:58','delphi',2,15),(6356,3,'56',18,3,'王渊','2022-06-20 15:15:10','delphi',2,15),(6357,1,'78',18,3,'王渊','2022-06-20 15:15:14','delphi',2,15),(6358,1,'56',18,5,'王渊','2022-06-20 15:15:26','delphi',2,15),(6359,1,'78',18,5,'王渊','2022-06-20 15:15:29','delphi',2,15),(6360,1,'12',17,5,'王渊','2022-06-20 15:16:03','delphi',2,15),(6361,1,'34',17,5,'王渊','2022-06-20 15:16:11','delphi',2,15),(6362,1,'12',18,5,'王渊','2022-06-20 15:16:24','delphi',2,15),(6363,1,'34',18,5,'王渊','2022-06-20 15:16:28','delphi',2,15),(6366,3,'56',18,4,'杨晓燕','2022-06-22 16:39:34','电子商务',109,15),(6367,3,'78',18,4,'杨晓燕','2022-06-22 16:39:44','电子商务',109,15),(6368,3,'34',19,2,'郑岩岩','2022-06-27 23:23:55','商务数据分析',167,15),(6369,3,'34',19,5,'郑岩岩','2022-06-27 23:24:10','商务数据分析',167,15);

/*Table structure for table `tb_test_room` */

DROP TABLE IF EXISTS `tb_test_room`;

CREATE TABLE `tb_test_room` (
  `SID` int(11) NOT NULL AUTO_INCREMENT,
  `NAME` varchar(64) DEFAULT NULL,
  `SEATS` int(11) DEFAULT NULL COMMENT '座位数',
  `SOFT_DEVICE` varchar(512) DEFAULT NULL COMMENT '软件设备',
  `TEST_ROOM_NO` varchar(16) DEFAULT NULL COMMENT '实验室编号',
  PRIMARY KEY (`SID`)
) ENGINE=InnoDB AUTO_INCREMENT=10 DEFAULT CHARSET=utf8;

/*Data for the table `tb_test_room` */

insert  into `tb_test_room`(`SID`,`NAME`,`SEATS`,`SOFT_DEVICE`,`TEST_ROOM_NO`) values (1,'信息管理与信息系统',70,'SQL Server2005，Delphi7,eclipse,电子商务,管理信息系统','405'),(2,'系统分析与决策实验室',107,'SQL Server2005，Delphi7，eclipse，MyEclipse professional，管理信息系统实验, Oracle9i，用友U8，企业经营模拟，电子商务，对外贸易，国泰安金融、银行模拟,管理信息系统。','412'),(3,'会计电算化实验室',70,'SQL Server2005，Delphi7,eclipse,MyEclipse professional,管理信息系统实验, Oracle9i，管理信息系统。','411'),(7,'创业训练中心',70,'创业总动员，营销策略，3D电子沙盘','506'),(8,'研讨室',NULL,NULL,'106'),(9,'研讨室',NULL,NULL,'107');

/*Table structure for table `tb_test_teaching` */

DROP TABLE IF EXISTS `tb_test_teaching`;

CREATE TABLE `tb_test_teaching` (
  `SID` int(11) NOT NULL AUTO_INCREMENT,
  `TITLE` varchar(128) DEFAULT NULL,
  `CONTENT` text,
  `C_TIME` datetime DEFAULT NULL,
  `CNT_CATEGORY` char(1) DEFAULT NULL COMMENT '''1''=理念与教学成果,''2''=实验大纲,''3''=实验项目,''4''=典型课件与案例,''5''=研究创新实践,''6''=实验问答,''7''=网络课程,''8''=教学成果',
  `AUTHOR` varchar(32) DEFAULT NULL,
  `SOURCE` varchar(255) DEFAULT NULL,
  PRIMARY KEY (`SID`)
) ENGINE=InnoDB AUTO_INCREMENT=7 DEFAULT CHARSET=utf8;

/*Data for the table `tb_test_teaching` */

insert  into `tb_test_teaching`(`SID`,`TITLE`,`CONTENT`,`C_TIME`,`CNT_CATEGORY`,`AUTHOR`,`SOURCE`) values (1,'会计电算化实验通知',NULL,NULL,NULL,NULL,NULL),(2,'上机通知[2010-1]',NULL,NULL,NULL,NULL,NULL),(3,'“作业计划资源调度与优化管理系统”讲座通...',NULL,NULL,NULL,NULL,NULL),(4,'市场营销、企业经营分析与预测软件培训通知',NULL,NULL,NULL,NULL,NULL),(5,'第四届全国大学生金融投资模拟交易大赛',NULL,NULL,NULL,NULL,NULL),(6,'管理学院举行“企业经营实战模拟”讲座',NULL,NULL,NULL,NULL,NULL);

/*Table structure for table `tb_year_term` */

DROP TABLE IF EXISTS `tb_year_term`;

CREATE TABLE `tb_year_term` (
  `SID` int(11) NOT NULL AUTO_INCREMENT,
  `STUDY_YEAR_TERM` varchar(64) DEFAULT NULL,
  `IS_NEW` char(1) DEFAULT NULL COMMENT '是否为新学期，''1''=是，''0''=否',
  `C_TIME` datetime DEFAULT NULL,
  `START_DATE` datetime DEFAULT NULL COMMENT '当前学期第一周周一的开始日期',
  `LIMIT_DAY` int(11) DEFAULT NULL COMMENT '提前几天预约',
  PRIMARY KEY (`SID`)
) ENGINE=InnoDB AUTO_INCREMENT=16 DEFAULT CHARSET=utf8;

/*Data for the table `tb_year_term` */

insert  into `tb_year_term`(`SID`,`STUDY_YEAR_TERM`,`IS_NEW`,`C_TIME`,`START_DATE`,`LIMIT_DAY`) values (1,'2014-2015学年(第1学期)','0','2015-04-21 10:13:20','2015-03-02 00:00:00',NULL),(2,'2014-2015学年(第2学期)','0','2015-04-21 10:13:55','2015-03-02 00:00:00',3),(3,'2015-2016学年(第1学期)','0','2015-07-06 17:08:21','2015-08-24 00:00:00',1),(4,'2015-2016学年(第2学期)','0','2016-02-27 09:40:13','2016-02-29 00:00:00',0),(5,'2016-2017学年(第1学期)','0','2016-08-27 11:03:29','2016-08-29 00:00:00',1),(6,'2016-2017学年(第2学期)','0','2017-02-27 11:38:45','2017-02-27 00:00:00',-100),(7,'2017-2018学年(第1学期)','0','2017-08-26 10:22:36','2017-08-28 00:00:00',-100),(8,'2017-2018学年(第2学期)','0','2018-03-03 10:22:36','2018-03-05 00:00:00',-100),(9,'2018-2019学年(第1学期)','0','2018-08-31 08:38:16','2018-09-03 00:00:00',3),(10,'2018-2019学年(第2学期) ','0','2019-02-23 10:26:41','2019-02-25 00:00:00',3),(11,'2019-2020学年(第1学期)','0','2019-08-24 10:26:41','2019-08-26 00:00:00',3),(12,'2020-2021学年(第1学期) ','0','2020-08-29 12:02:18','2020-08-31 00:00:00',7),(13,'2020-2021学年(第2学期) ','0','2021-02-23 09:40:10','2021-03-01 00:00:00',7),(14,'2021-2022学年(第1学期) ','0','2021-08-26 09:48:24','2021-08-30 00:00:00',7),(15,'2021-2022学年(第2学期)','1','2022-03-25 15:56:59','2022-02-28 00:00:00',7);

/*Table structure for table `user` */

DROP TABLE IF EXISTS `user`;

CREATE TABLE `user` (
  `SID` int(11) NOT NULL AUTO_INCREMENT,
  `UNAME` varchar(32) DEFAULT NULL,
  `PASSWD` varchar(32) DEFAULT NULL,
  `EMPL_SNO` varchar(32) DEFAULT NULL,
  `LOGIN_NAME` varchar(32) DEFAULT NULL,
  `U_TYPE` char(1) DEFAULT NULL COMMENT '''1''=admim.''0''=teachre',
  `orderList` float DEFAULT NULL,
  PRIMARY KEY (`SID`)
) ENGINE=InnoDB AUTO_INCREMENT=177 DEFAULT CHARSET=utf8;

/*Data for the table `user` */

insert  into `user`(`SID`,`UNAME`,`PASSWD`,`EMPL_SNO`,`LOGIN_NAME`,`U_TYPE`,`orderList`) values (1,'白晓波','123','123','15002926785','1',NULL),(2,'刘聪颖','456',NULL,'18710628283','1',NULL),(81,'潘颖雯','123456',NULL,'18802945830','0',NULL),(82,'杨静','123456',NULL,'13991294435','0',NULL),(83,'姜铸','123456',NULL,'13402972046','0',NULL),(84,'鄢飞','123456',NULL,'13571492162','0',NULL),(85,'张克英','123456',NULL,'13572115025','0',NULL),(87,'孙晓华','123456',NULL,'13709206306','0',NULL),(88,'张亚丽','123456',NULL,'13474053488','0',NULL),(89,'苟欢迎','123456',NULL,'13609117309','0',NULL),(90,'龚冬生','123456',NULL,'13468673301','0',NULL),(91,'张群林','123456',NULL,'15319796113','0',NULL),(92,'周镭','123456',NULL,'13991905218','0',NULL),(94,'许益锋','123456',NULL,'13109599343','0',NULL),(95,'杨小红','123456',NULL,'13379231810','0',NULL),(97,'成爱武','123456',NULL,'13152067178','0',NULL),(98,'张正林','123456',NULL,'13772098025','0',NULL),(101,'贾艳玲','123456',NULL,'13700297485','0',NULL),(102,'郑煜','123456',NULL,'13572259630','0',NULL),(103,'吴芳','123456',NULL,'13991181645','0',NULL),(104,'王宁','123456',NULL,'13991820046','0',NULL),(106,'陈立军','123456',NULL,'13186116277','0',NULL),(107,'王渊','123456',NULL,'13359234419','2',3),(108,'吴桂芹','123456',NULL,'13991386836','0',NULL),(109,'杨晓燕','123456',NULL,'18192059346','0',NULL),(110,'和征','123456',NULL,'13186198452','0',NULL),(111,'薛顺利','123456',NULL,'13700275421','0',NULL),(112,'王纯子','123456',NULL,'13992836710','0',NULL),(113,'徐玲','123456',NULL,'15991689883','0',NULL),(114,'张爱香','123456',NULL,'13609199388','0',NULL),(115,'戚斌','123456',NULL,'13572119223','0',NULL),(116,'李艳','123456',NULL,'13119192555','2',1),(117,'任惠斌','123456',NULL,'13679262301','0',NULL),(118,'唐侠','123456',NULL,'15129939233','0',NULL),(119,'姚景源','123456',NULL,'15991808529','0',NULL),(120,'曾涛','123456',NULL,'13891968528','0',NULL),(121,'杨彤','123456',NULL,'13669132025','0',NULL),(122,'刘世铎','123456',NULL,'13991184070','0',NULL),(123,'徐焕章','123456',NULL,'13991805995','2',2),(124,'杨孝安','123456',NULL,'13572941539','0',NULL),(125,'李军训','123456',NULL,'13669202500','0',NULL),(126,'高民芳','123456',NULL,'13319184801','0',NULL),(127,'申玲','123456',NULL,'15319410864','0',NULL),(128,'刘静','123456',NULL,'13389262206','0',NULL),(129,'宋玉','123456',NULL,'13389185152','0',NULL),(130,'王小红','123456',NULL,'13991313120','0',NULL),(131,'张丽丽','123456',NULL,'18192008921','0',NULL),(132,'田谧','123456',NULL,'13571809033','0',NULL),(133,'雷霞','123456',NULL,'13379048227','1',NULL),(134,'邵景峰','123456',NULL,'13609118340','0',NULL),(137,'郭伟','123456',NULL,'13991922553','0',NULL),(138,'张彤','123456',NULL,'13991238023','0',NULL),(139,'刘瑞霞','123456',NULL,'13891883879','0',NULL),(140,'吕英娜','123456',NULL,'13228051892','0',NULL),(141,'韩萃鸥','123456',NULL,'13227015287','1',NULL),(142,'郭晶','123456',NULL,'13891433927','1',NULL),(150,'张正林','123456',NULL,'13772098025','0',NULL),(151,'乔蓓','123456',NULL,'18629329295','0',NULL),(152,'马冰','123456',NULL,'15915791307','0',NULL),(153,'刘世铎','123456',NULL,'15332473143','0',NULL),(154,'杨帆','123456',NULL,'13991337356','0',NULL),(155,'雷雷','123456',NULL,'18392135838','0',NULL),(156,'孙永生','123456',NULL,'13991881519','0',NULL),(157,'guest','196500',NULL,'guest','0',NULL),(158,'丁冬','123456',NULL,'18682962096','0',NULL),(159,'王茜芳','123456',NULL,'wqf','1',NULL),(160,'张余丹','123456',NULL,'18302981491','1',NULL),(161,'李晓敏','123456',NULL,'13991857908','0',NULL),(162,'张庆庆','123456',NULL,'18710819665','0',NULL),(163,'李艳','123456',NULL,'15929326713','0',NULL),(164,'陈阵','123456',NULL,'18735232687','0',NULL),(165,'雷卫','123456',NULL,'18291808090','0',NULL),(166,'田宋','123456',NULL,'tiansong','0',NULL),(167,'郑岩岩','123456',NULL,'zhengyanyan','0',NULL),(168,'孟亚丽','123456',NULL,'mengyali','0',NULL),(169,'超级管理员','admin',NULL,'admin','1',NULL),(170,'梁凡','123456',NULL,'liangfan','0',NULL),(171,'马贵梅','123456',NULL,'maguimei','0',NULL),(172,'王译','123456',NULL,'wangyi','0',NULL),(173,'王保忠','123456',NULL,'18292022889','2',4),(174,'于稀水','123456',NULL,'13700276399','2',5),(175,'李丹1','123456',NULL,'18609286318','0',NULL),(176,'张颖颖','123456',NULL,'15349229495','0',NULL);

/*Table structure for table `v_work_logs` */

DROP TABLE IF EXISTS `v_work_logs`;

/*!50001 DROP VIEW IF EXISTS `v_work_logs` */;
/*!50001 DROP TABLE IF EXISTS `v_work_logs` */;

/*!50001 CREATE TABLE `v_work_logs` (
  `sid` int(11) NOT NULL DEFAULT '0',
  `title` varchar(512) CHARACTER SET utf8 DEFAULT NULL COMMENT '主题',
  `file_path` varchar(255) CHARACTER SET utf8 DEFAULT NULL,
  `ctime` date DEFAULT NULL,
  `uname` varchar(32) CHARACTER SET utf8 DEFAULT NULL,
  `syt` varchar(64) CHARACTER SET utf8 DEFAULT NULL,
  `y_week_th` int(11) DEFAULT NULL COMMENT '哪一周的',
  `yt_id` int(11) NOT NULL DEFAULT '0',
  `uid` int(11) NOT NULL DEFAULT '0'
) ENGINE=InnoDB DEFAULT CHARSET=gbk */;

/*View structure for view v_work_logs */

/*!50001 DROP TABLE IF EXISTS `v_work_logs` */;
/*!50001 DROP VIEW IF EXISTS `v_work_logs` */;

/*!50001 CREATE ALGORITHM=UNDEFINED DEFINER=`root`@`localhost` SQL SECURITY DEFINER VIEW `v_work_logs` AS (select `tb_logs`.`sid` AS `sid`,`tb_logs`.`title` AS `title`,`tb_logs`.`file_path` AS `file_path`,`tb_logs`.`ctime` AS `ctime`,`user`.`UNAME` AS `uname`,`tyt`.`STUDY_YEAR_TERM` AS `syt`,`tb_logs`.`y_week_th` AS `y_week_th`,`tyt`.`SID` AS `yt_id`,`user`.`SID` AS `uid` from ((`tb_logs` join `user`) join `tb_year_term` `tyt`) where ((`tb_logs`.`y_term_id` = `tyt`.`SID`) and (`tb_logs`.`uid` = `user`.`SID`))) */;

/*!40101 SET SQL_MODE=@OLD_SQL_MODE */;
/*!40014 SET FOREIGN_KEY_CHECKS=@OLD_FOREIGN_KEY_CHECKS */;
